   3.931   3.931   -0.763  -0.731  -0.731
2026-05-31 12:23:37.530 DATA CAL   3.263   3.263   3.263    3.949   3.918   3.917   -0.686  -0.655  -0.655
2026-05-31 12:23:37.540 DATA CAL   3.702   3.702   3.702    3.944   3.913   3.913   -0.242  -0.211  -0.211
2026-05-31 12:23:37.550 DATA CAL   3.827   3.827   3.827    3.942   3.912   3.911   -0.114  -0.084  -0.084
2026-05-31 12:23:37.560 DATA CAL   4.078   4.078   4.078    3.944   3.915   3.915    0.134   0.163   0.164
2026-05-31 12:23:37.570 DATA CAL   4.392   4.392   4.392    3.953   3.924   3.924    0.439   0.468   0.468
2026-05-31 12:23:37.580 DATA CAL   4.267   4.267   4.267    3.960   3.931   3.931    0.307   0.335   0.335
2026-05-31 12:23:37.590 DATA CAL   4.204   4.204   4.204    3.964   3.937   3.937    0.239   0.267   0.267
2026-05-31 12:23:37.600 DATA CAL   3.576   3.576   3.576    3.957   3.930   3.929   -0.380  -0.353  -0.353
2026-05-31 12:23:37.610 DATA CAL   3.137   3.137   3.137    3.940   3.914   3.914   -0.803  -0.777  -0.776
2026-05-31 12:23:37.620 DATA CAL   2.761   2.761   2.761    3.917   3.891   3.890   -1.156  -1.130  -1.130
2026-05-31 12:23:37.630 DATA CAL   2.823   2.823   2.823    3.895   3.869   3.869   -1.071  -1.046  -1.046
2026-05-31 12:23:37.640 DATA CAL   2.949   2.949   2.949    3.876   3.851   3.851   -0.927  -0.902  -0.902
2026-05-31 12:23:37.650 DATA CAL   3.200   3.200   3.200    3.862   3.838   3.838   -0.662  -0.638  -0.638
2026-05-31 12:23:37.660 DATA CAL   3.388   3.388   3.514    3.853   3.829   3.831   -0.465  -0.441  -0.318
2026-05-31 12:23:37.670 DATA CAL   3.639   3.639   3.639    3.849   3.825   3.827   -0.209  -0.186  -0.188
2026-05-31 12:23:37.680 DATA CAL   3.639   3.639   3.639    3.844   3.821   3.824   -0.205  -0.182  -0.184
2026-05-31 12:23:37.690 DATA CAL   3.200   3.200   3.200    3.832   3.809   3.811   -0.632  -0.609  -0.611
2026-05-31 12:23:37.700 DATA CAL   3.325   3.325   3.325    3.821   3.799   3.801   -0.496  -0.474  -0.476
2026-05-31 12:23:37.710 DATA CAL   4.204   4.204   4.204    3.829   3.807   3.810    0.375   0.396   0.394
2026-05-31 12:23:37.720 DATA CAL   4.831   4.831   4.831    3.849   3.828   3.830    0.982   1.003   1.001
2026-05-31 12:23:37.730 DATA CAL   4.769   4.769   4.769    3.868   3.847   3.849    0.901   0.922   0.920
2026-05-31 12:23:37.740 DATA CAL   4.580   4.580   4.580    3.882   3.861   3.863    0.699   0.719   0.717
2026-05-31 12:23:37.750 DATA CAL   4.141   3.641   3.639    3.887   3.857   3.859    0.254  -0.216  -0.220
2026-05-31 12:23:37.760 DATA CAL   3.325   3.325   3.325    3.876   3.846   3.848   -0.550  -0.521  -0.523
2026-05-31 12:23:37.770 DATA CAL   3.325   3.325   3.325    3.865   3.836   3.838   -0.539  -0.510  -0.512
2026-05-31 12:23:37.780 DATA CAL   3.012   3.012   3.012    3.848   3.819   3.821   -0.836  -0.808  -0.810
2026-05-31 12:23:37.790 DATA CAL   3.137   3.137   3.137    3.833   3.806   3.808   -0.696  -0.669  -0.670
2026-05-31 12:23:37.800 DATA CAL   2.886   2.886   2.886    3.815   3.787   3.789   -0.928  -0.901  -0.903
2026-05-31 12:23:37.810 DATA CAL   3.263   3.263   3.263    3.803   3.777   3.779   -0.541  -0.514  -0.516
2026-05-31 12:23:37.820 DATA CAL   3.514   3.514   3.514    3.798   3.772   3.773   -0.284  -0.258  -0.260
2026-05-31 12:23:37.830 DATA CAL   3.514   3.514   3.514    3.792   3.766   3.768   -0.278  -0.253  -0.254
2026-05-31 12:23:37.840 DATA CAL   3.826   3.827   3.827    3.793   3.768   3.769    0.034   0.060   0.058
2026-05-31 12:23:37.850 DATA CAL   4.141   4.141   4.141    3.800   3.775   3.777    0.341   0.366   0.364
2026-05-31 12:23:37.860 DATA CAL   4.267   4.267   4.267    3.809   3.785   3.787    0.458   0.482   0.480
2026-05-31 12:23:37.870 DATA CAL   4.392   4.392   4.392    3.821   3.797   3.799    0.571   0.595   0.593
2026-05-31 12:23:37.880 DATA CAL   4.267   4.267   4.267    3.830   3.807   3.808    0.437   0.460   0.459
2026-05-31 12:23:37.890 DATA CAL   4.392   4.392   4.392    3.841   3.818   3.820    0.551   0.574   0.572
2026-05-31 12:23:37.900 DATA CAL   4.580   4.580   4.580    3.856   3.833   3.835    0.725   0.747   0.745
2026-05-31 12:23:37.910 DATA CAL   4.769   4.769   4.769    3.874   3.852   3.854    0.895   0.916   0.915
2026-05-31 12:23:37.945 DATA CAL   3.576   3.576   3.576    3.868   3.847   3.848   -0.292  -0.270  -0.272
2026-05-31 12:23:37.955 DATA CAL   3.263   3.263   3.263    3.856   3.835   3.836   -0.593  -0.572  -0.574
2026-05-31 12:23:37.965 DATA CAL   3.200   3.200   3.200    3.843   3.822   3.824   -0.643  -0.622  -0.624
2026-05-31 12:23:37.975 DATA CAL   3.576   3.576   3.576    3.837   3.817   3.819   -0.261  -0.241  -0.242
2026-05-31 12:23:37.985 DATA CAL   3.639   3.639   3.639    3.833   3.814   3.815   -0.194  -0.175  -0.176
2026-05-31 12:23:37.995 DATA CAL   3.639   3.702   3.702    3.830   3.812   3.813   -0.190  -0.110  -0.111
2026-05-31 12:23:38.005 DATA CAL   3.765   3.765   3.765    3.828   3.811   3.812   -0.064  -0.046  -0.047
2026-05-31 12:23:38.015 DATA CAL   3.890   3.890   3.890    3.829   3.812   3.813    0.061   0.078   0.077
2026-05-31 12:23:38.025 DATA CAL   4.141   4.141   4.141    3.836   3.819   3.820    0.305   0.322   0.321
2026-05-31 12:23:38.035 DATA CAL   4.329   4.329   4.329    3.846   3.829   3.830    0.484   0.500   0.499
2026-05-31 12:23:38.045 DATA CAL   4.204   4.204   4.204    3.853   3.836   3.838    0.351   0.367   0.366
2026-05-31 12:23:38.055 DATA CAL   4.392   4.392   4.392    3.864   3.848   3.849    0.529   0.544   0.543
2026-05-31 12:23:38.065 DATA CAL   3.890   3.890   3.890    3.864   3.848   3.850    0.026   0.042   0.041
2026-05-31 12:23:38.075 DATA CAL   3.639   3.639   3.639    3.860   3.844   3.845   -0.220  -0.205  -0.206
2026-05-31 12:23:38.085 DATA CAL   2.950   2.949   2.949    3.841   3.826   3.827   -0.891  -0.877  -0.878
2026-05-31 12:23:38.095 DATA CAL   3.012   3.012   3.012    3.825   3.810   3.811   -0.813  -0.798  -0.799
2026-05-31 12:23:38.105 DATA CAL   3.137   3.137   3.137    3.811   3.797   3.798   -0.674  -0.659  -0.660
2026-05-31 12:23:38.115 DATA CAL   3.012   3.012   3.012    3.795   3.781   3.782   -0.783  -0.769  -0.770
2026-05-31 12:23:38.125 DATA CAL   3.137   3.137   3.137    3.782   3.768   3.769   -0.645  -0.631  -0.632
2026-05-31 12:23:38.135 DATA CAL   3.765   3.765   3.765    3.782   3.768   3.769   -0.017  -0.003  -0.004
2026-05-31 12:23:38.145 DATA CAL   4.016   4.016   4.016    3.786   3.773   3.774    0.229   0.243   0.242
2026-05-31 12:23:38.155 DATA CAL   4.078   4.078   4.078    3.792   3.779   3.780    0.286   0.299   0.298
2026-05-31 12:23:38.165 DATA CAL   4.078   4.078   4.078    3.798   3.785   3.786    0.281   0.293   0.292
2026-05-31 12:23:38.175 DATA CAL   4.078   4.078   4.078    3.803   3.791   3.792    0.275   0.287   0.287
2026-05-31 12:23:38.185 DATA CAL   3.702   3.702   3.702    3.801   3.789   3.790   -0.099  -0.087  -0.088
2026-05-31 12:23:38.195 DATA CAL   3.325   3.325   3.325    3.792   3.780   3.781   -0.466  -0.454  -0.455
2026-05-31 12:23:38.205 DATA CAL   3.012   3.012   3.012    3.776   3.764   3.765   -0.765  -0.753  -0.754
2026-05-31 12:23:38.215 DATA CAL   2.886   2.886   2.886    3.758   3.747   3.748   -0.872  -0.861  -0.861
2026-05-31 12:23:38.225 DATA CAL   3.576   3.576   3.576    3.755   3.743   3.744   -0.178  -0.167  -0.168
2026-05-31 12:23:38.235 DATA CAL   4.078   4.078   4.078    3.761   3.750   3.751    0.317   0.328   0.327
2026-05-31 12:23:38.245 DATA CAL   4.392   4.392   4.392    3.774   3.763   3.764    0.618   0.629   0.628
2026-05-31 12:23:38.255 DATA CAL   4.141   4.141   4.141    3.781   3.771   3.771    0.360   0.371   0.370
2026-05-31 12:23:38.265 DATA CAL   3.263   3.263   3.263    3.771   3.760   3.761   -0.508  -0.498  -0.498
2026-05-31 12:23:38.275 DATA CAL   2.510   2.510   2.510    3.746   3.735   3.736   -1.236  -1.226  -1.226
2026-05-31 12:23:38.285 DATA CAL   1.757   1.757   1.757    3.706   3.696   3.697   -1.949  -1.939  -1.940
2026-05-31 12:23:38.295 DATA CAL   1.694   1.694   1.694    3.666   3.656   3.656   -1.972  -1.962  -1.962
2026-05-31 12:23:38.305 DATA CAL   2.761   2.761   2.761    3.648   3.638   3.639   -0.887  -0.877  -0.878
2026-05-31 12:23:38.315 DATA CAL   7.341   7.341   7.341    3.721   3.712   3.713    3.620   3.629   3.628
2026-05-31 12:23:38.325 DATA CAL  -7.404  -7.404  -7.404    3.499   3.490   3.490  -10.903 -10.894 -10.894
2026-05-31 12:23:38.335 DATA CAL   6.651   6.651   6.651    3.562   3.553   3.554    3.089   3.098   3.097
2026-05-31 12:23:38.345 DATA CAL   3.451   3.451   3.451    3.560   3.551   3.551   -0.109  -0.100  -0.101
2026-05-31 12:23:38.355 DATA CAL  -0.565  -0.565  -0.565    3.477   3.469   3.469   -4.042  -4.033  -4.034
2026-05-31 12:23:38.365 DATA CAL  -0.816  -0.816  -0.816    3.391   3.383   3.383   -4.207  -4.199  -4.199
2026-05-31 12:23:38.366 PROMPT shake_start cycle=1
2026-05-31 12:23:38.400 DATA SHAKE   6.400   6.400   6.400    3.452   3.443   3.444    2.948   2.957   2.956
2026-05-31 12:23:38.410 DATA SHAKE   5.459   5.459   5.459    3.492   3.483   3.484    1.967   1.975   1.975
2026-05-31 12:23:38.420 DATA SHAKE   2.259   2.259   2.259    3.467   3.459   3.460   -1.208  -1.200  -1.201
2026-05-31 12:23:38.430 DATA SHAKE   1.255   1.255   1.255    3.423   3.415   3.415   -2.168  -2.160  -2.161
2026-05-31 12:23:38.440 DATA SHAKE   0.941   0.941   0.941    3.373   3.365   3.366   -2.432  -2.424  -2.425
2026-05-31 12:23:38.450 DATA SHAKE   1.192   1.192   1.192    3.330   3.322   3.322   -2.137  -2.130  -2.130
2026-05-31 12:23:38.460 DATA SHAKE   1.820   1.820   1.820    3.299   3.292   3.292   -1.480  -1.472  -1.473
2026-05-31 12:23:38.470 DATA SHAKE   1.820   1.820   1.820    3.270   3.262   3.263   -1.450  -1.443  -1.443
2026-05-31 12:23:38.480 DATA SHAKE   2.196   2.196   2.196    3.248   3.241   3.242   -1.052  -1.045  -1.046
2026-05-31 12:23:38.490 DATA SHAKE   2.635   2.635   2.635    3.236   3.229   3.230   -0.601  -0.594  -0.594
2026-05-31 12:23:38.500 DATA SHAKE   2.698   2.698   2.698    3.225   3.218   3.219   -0.527  -0.520  -0.521
2026-05-31 12:23:38.510 DATA SHAKE   3.263   3.263   3.263    3.226   3.219   3.220    0.037   0.043   0.043
2026-05-31 12:23:38.520 DATA SHAKE   3.263   3.263   3.263    3.227   3.220   3.221    0.036   0.043   0.042
2026-05-31 12:23:38.530 DATA SHAKE   3.576   3.576   3.576    3.234   3.227   3.228    0.343   0.349   0.349
2026-05-31 12:23:38.540 DATA SHAKE   3.639   3.639   3.639    3.242   3.236   3.236    0.397   0.404   0.403
2026-05-31 12:23:38.550 DATA SHAKE   3.451   3.451   3.451    3.246   3.240   3.240    0.205   0.211   0.211
2026-05-31 12:23:38.560 DATA SHAKE   2.886   2.886   2.886    3.239   3.233   3.233   -0.353  -0.347  -0.347
2026-05-31 12:23:38.570 DATA SHAKE   2.761   2.761   2.761    3.229   3.223   3.224   -0.469  -0.463  -0.463
2026-05-31 12:23:38.580 DATA SHAKE   3.074   3.074   3.074    3.226   3.220   3.221   -0.152  -0.146  -0.146
2026-05-31 12:23:38.590 DATA SHAKE   3.388   3.388   3.388    3.229   3.224   3.224    0.159   0.164   0.164
2026-05-31 12:23:38.600 DATA SHAKE   4.204   4.204   4.204    3.249   3.243   3.244    0.955   0.961   0.960
2026-05-31 12:23:38.610 DATA SHAKE   4.392   4.392   4.392    3.272   3.266   3.267    1.120   1.126   1.125
2026-05-31 12:23:38.620 DATA SHAKE   4.455   4.455   4.455    3.295   3.290   3.290    1.159   1.165   1.164
2026-05-31 12:23:38.630 DATA SHAKE   4.141   4.141   4.141    3.312   3.307   3.307    0.829   0.834   0.834
2026-05-31 12:23:38.640 DATA SHAKE   3.514   3.514   3.514    3.316   3.311   3.312    0.197   0.202   0.202
2026-05-31 12:23:38.650 DATA SHAKE   3.200   3.200   3.200    3.314   3.309   3.309   -0.114  -0.109  -0.109
2026-05-31 12:23:38.660 DATA SHAKE   3.263   3.263   3.263    3.313   3.308   3.308   -0.050  -0.045  -0.046
2026-05-31 12:23:38.670 DATA SHAKE   3.388   3.388   3.388    3.314   3.310   3.310    0.074   0.079   0.078
2026-05-31 12:23:38.680 DATA SHAKE   3.514   3.514   3.514    3.318   3.314   3.314    0.195   0.200   0.200
2026-05-31 12:23:38.690 DATA SHAKE   3.137   3.137   3.137    3.315   3.310   3.311   -0.178  -0.173  -0.173
2026-05-31 12:23:38.700 DATA SHAKE   2.761   2.761   2.761    3.304   3.299   3.300   -0.543  -0.538  -0.539
2026-05-31 12:23:38.710 DATA SHAKE   2.510   2.510   2.510    3.288   3.283   3.284   -0.778  -0.774  -0.774
2026-05-31 12:23:38.720 DATA SHAKE   2.322   2.322   2.322    3.269   3.264   3.264   -0.947  -0.943  -0.943
2026-05-31 12:23:38.730 DATA SHAKE   2.823   2.823   3.136    3.260   3.255   3.262   -0.436  -0.432  -0.126
2026-05-31 12:23:38.740 DATA SHAKE   3.388   3.388   3.388    3.262   3.258   3.264    0.126   0.130   0.124
2026-05-31 12:23:38.750 DATA SHAKE   3.576   3.576   3.576    3.269   3.264   3.271    0.308   0.312   0.306
2026-05-31 12:23:38.760 DATA SHAKE   3.576   3.576   3.576    3.275   3.271   3.277    0.302   0.306   0.300
2026-05-31 12:23:38.770 DATA SHAKE   3.451   3.451   3.451    3.278   3.274   3.280    0.173   0.177   0.171
2026-05-31 12:23:38.780 DATA SHAKE   3.576   3.576   3.576    3.284   3.280   3.286    0.292   0.296   0.290
2026-05-31 12:23:38.790 DATA SHAKE   3.702   3.702   3.702    3.293   3.289   3.295    0.409   0.413   0.407
2026-05-31 12:23:38.800 DATA SHAKE   3.702   3.702   3.702    3.301   3.297   3.303    0.401   0.405   0.399
2026-05-31 12:23:38.810 DATA SHAKE   4.078   4.078   4.078    3.316   3.313   3.318    0.762   0.766   0.760
2026-05-31 12:23:38.820 DATA SHAKE   5.333   6.396   6.400    3.357   3.374   3.380    1.977   3.021   3.020
2026-05-31 12:23:38.830 DATA SHAKE   6.839   6.839   6.839    3.426   3.444   3.449    3.413   3.396   3.390
2026-05-31 12:23:38.840 DATA SHAKE   6.965   6.965   6.965    3.497   3.514   3.519    3.468   3.451   3.445
2026-05-31 12:23:38.850 DATA SHAKE   4.957   4.957   4.957    3.526   3.543   3.548    1.431   1.414   1.409
2026-05-31 12:23:38.860 DATA SHAKE   2.949   2.949   2.949    3.515   3.531   3.536   -0.566  -0.582  -0.587
2026-05-31 12:23:38.870 DATA SHAKE   1.820   1.820   1.820    3.481   3.497   3.502   -1.661  -1.677  -1.682
2026-05-31 12:23:38.905 DATA SHAKE   3.012   3.012   3.012    3.471   3.487   3.492   -0.460  -0.475  -0.480
2026-05-31 12:23:38.915 DATA SHAKE   3.451   3.451   3.451    3.471   3.486   3.491   -0.020  -0.035  -0.040
2026-05-31 12:23:38.925 DATA SHAKE   2.949   2.949   2.949    3.461   3.476   3.480   -0.512  -0.527  -0.531
2026-05-31 12:23:38.935 DATA SHAKE   0.251   0.251   0.251    3.396   3.411   3.416   -3.145  -3.160  -3.165
2026-05-31 12:23:38.945 DATA SHAKE  -0.565  -0.565  -0.565    3.317   3.332   3.336   -3.882  -3.897  -3.901
2026-05-31 12:23:38.955 DATA SHAKE  -1.067  -1.067  -1.067    3.229   3.244   3.248   -4.296  -4.310  -4.315
2026-05-31 12:23:38.965 DATA SHAKE  -1.130  -1.130  -1.130    3.142   3.156   3.160   -4.272  -4.286  -4.290
2026-05-31 12:23:38.975 DATA SHAKE   0.063   0.063   0.063    3.081   3.094   3.099   -3.018  -3.032  -3.036
2026-05-31 12:23:38.985 DATA SHAKE   3.325   3.325   3.325    3.086   3.099   3.103    0.240   0.227   0.222
2026-05-31 12:23:38.995 DATA SHAKE   3.514   3.514   3.514    3.094   3.107   3.111    0.420   0.406   0.402
2026-05-31 12:23:39.005 DATA SHAKE   2.886   2.886   2.886    3.090   3.103   3.107   -0.204  -0.217  -0.221
2026-05-31 12:23:39.015 DATA SHAKE   2.196   2.196   2.196    3.072   3.085   3.089   -0.876  -0.889  -0.893
2026-05-31 12:23:39.025 DATA SHAKE   1.004   1.004   1.004    3.031   3.043   3.047   -2.027  -2.039  -2.043
2026-05-31 12:23:39.035 DATA SHAKE   0.063   0.063   0.063    2.971   2.983   2.987   -2.909  -2.921  -2.924
2026-05-31 12:23:39.045 DATA SHAKE  -1.694  -1.694  -1.694    2.878   2.890   2.894   -4.572  -4.584  -4.588
2026-05-31 12:23:39.055 DATA SHAKE  -4.079  -4.079  -4.079    2.739   2.750   2.754   -6.818  -6.829  -6.833
2026-05-31 12:23:39.065 DATA SHAKE  -1.130  -1.130  -5.317    2.662   2.673   2.593   -3.791  -3.803  -7.910
2026-05-31 12:23:39.075 DATA SHAKE   5.521   5.521   5.521    2.719   2.730   2.651    2.803   2.792   2.870
2026-05-31 12:23:39.085 DATA SHAKE   3.388   3.388   3.388    2.732   2.743   2.666    0.656   0.645   0.722
2026-05-31 12:23:39.095 DATA SHAKE   1.820   1.820   1.820    2.714   2.725   2.649   -0.894  -0.905  -0.829
2026-05-31 12:23:39.105 DATA SHAKE  -5.459  -5.459  -5.459    2.550   2.561   2.487   -8.009  -8.020  -7.946
2026-05-31 12:23:39.115 DATA SHAKE   1.945   1.945   1.945    2.538   2.549   2.476   -0.593  -0.603  -0.531
2026-05-31 12:23:39.125 DATA SHAKE   7.027   7.027   7.027    2.628   2.638   2.567    4.399   4.389   4.460
2026-05-31 12:23:39.135 DATA SHAKE   5.835   5.835   5.835    2.692   2.702   2.632    3.143   3.133   3.203
2026-05-31 12:23:39.145 DATA SHAKE   3.200   3.200   3.200    2.702   2.712   2.644    0.498   0.488   0.556
2026-05-31 12:23:39.155 DATA SHAKE  -2.385   4.115   4.078    2.601   2.740   2.672   -4.985   1.375   1.406
2026-05-31 12:23:39.165 DATA SHAKE  -7.279  -7.279  -7.279    2.403   2.540   2.473   -9.682  -9.818  -9.752
2026-05-31 12:23:39.175 DATA SHAKE   7.906   7.906   7.906    2.513   2.647   2.582    5.393   5.259   5.324
2026-05-31 12:23:39.185 DATA SHAKE   4.078   4.078   4.078    2.544   2.676   2.612    1.534   1.403   1.466
2026-05-31 12:23:39.195 DATA SHAKE   5.145   5.145   5.145    2.596   2.725   2.663    2.549   2.420   2.482
2026-05-31 12:23:39.205 DATA SHAKE   2.761   2.761   2.761    2.600   2.726   2.665    0.161   0.035   0.096
2026-05-31 12:23:39.215 DATA SHAKE  -6.337  -6.337  -6.337    2.421   2.545   2.485   -8.758  -8.882  -8.822
2026-05-31 12:23:39.225 DATA SHAKE   1.067   1.067   1.067    2.394   2.515   2.456   -1.327  -1.448  -1.390
2026-05-31 12:23:39.235 DATA SHAKE  -5.333  -5.333  -5.333    2.239   2.358   2.300   -7.573  -7.691  -7.634
2026-05-31 12:23:39.245 DATA SHAKE  -3.067  -3.075  -3.075    2.133   2.249   2.193   -5.200  -5.324  -5.268
2026-05-31 12:23:39.255 DATA SHAKE  -5.083  -5.083  -5.083    1.989   2.103   2.047   -7.071  -7.185  -7.130
2026-05-31 12:23:39.265 DATA SHAKE   6.525   6.525   6.525    2.080   2.191   2.137    4.446   4.334   4.388
2026-05-31 12:23:39.275 DATA SHAKE   0.000   0.000   0.000    2.038   2.147   2.094   -2.038  -2.147  -2.094
2026-05-31 12:23:39.285 DATA SHAKE   5.772   5.772   5.772    2.113   2.220   2.168    3.660   3.553   3.605
2026-05-31 12:23:39.295 DATA SHAKE   1.569   1.569   1.569    2.102   2.207   2.156   -0.533  -0.638  -0.587
2026-05-31 12:23:39.305 DATA SHAKE   1.757   1.757   1.757    2.095   2.198   2.148   -0.338  -0.441  -0.391
2026-05-31 12:23:39.315 DATA SHAKE   6.400   6.400   6.400    2.181   2.282   2.233    4.219   4.118   4.167
2026-05-31 12:23:39.325 DATA SHAKE  -1.694  -1.694  -1.694    2.104   2.202   2.154   -3.798  -3.897  -3.849
2026-05-31 12:23:39.335 DATA SHAKE   7.153   7.153   7.153    2.205   2.301   2.254    4.948   4.851   4.898
2026-05-31 12:23:39.345 DATA SHAKE   6.588   6.588   6.588    2.292   2.387   2.341    4.296   4.201   4.247
2026-05-31 12:23:39.355 DATA SHAKE   2.886   2.886   2.886    2.304   2.397   2.352    0.582   0.489   0.534
2026-05-31 12:23:39.365 DATA SHAKE   6.651   6.651   6.651    2.391   2.482   2.438    4.260   4.169   4.213
2026-05-31 12:23:39.375 DATA SHAKE  -3.263  -3.263  -3.263    2.278   2.367   2.324   -5.541  -5.630  -5.587
2026-05-31 12:23:39.410 DATA SHAKE   7.906   7.906   7.906    2.390   2.478   2.436    5.515   5.428   5.470
2026-05-31 12:23:39.420 DATA SHAKE  -1.632  -1.632  -1.632    2.310   2.396   2.354   -3.942  -4.027  -3.986
2026-05-31 12:23:39.430 DATA SHAKE   7.467   7.467   7.467    2.413   2.497   2.456    5.053   4.969   5.010
2026-05-31 12:23:39.440 DATA SHAKE  -2.134  -2.134  -2.134    2.322   2.405   2.365   -4.456  -4.538  -4.498
2026-05-31 12:23:39.450 DATA SHAKE   0.125   0.125   0.125    2.278   2.359   2.320   -2.153  -2.234  -2.194
2026-05-31 12:23:39.460 DATA SHAKE   7.153   7.153   7.153    2.376   2.455   2.417    4.777   4.698   4.736
2026-05-31 12:23:39.470 DATA SHAKE   2.949   2.949   2.949    2.387   2.465   2.427    0.562   0.484   0.522
2026-05-31 12:23:39.480 DATA SHAKE  -5.083  -5.083  -5.083    2.238   2.314   2.277   -7.320  -7.396  -7.359
2026-05-31 12:23:39.490 DATA SHAKE  -5.083  -4.455  -4.455    2.091   2.178   2.142   -7.174  -6.634  -6.597
2026-05-31 12:23:39.500 DATA SHAKE  -3.263  -3.263  -3.263    1.984   2.070   2.034   -5.247  -5.333  -5.297
2026-05-31 12:23:39.510 DATA SHAKE  -2.824  -2.824  -2.824    1.888   1.972   1.937   -4.712  -4.795  -4.761
2026-05-31 12:23:39.520 DATA SHAKE  -3.577  -3.577  -3.577    1.779   1.861   1.827   -5.356  -5.437  -5.403
2026-05-31 12:23:39.530 DATA SHAKE   0.376   0.376   0.376    1.751   1.831   1.798   -1.374  -1.455  -1.421
2026-05-31 12:23:39.540 DATA SHAKE  -0.126  -0.126  -0.126    1.713   1.792   1.759   -1.839  -1.918  -1.885
2026-05-31 12:23:39.550 DATA SHAKE   0.878   0.878   0.878    1.697   1.774   1.742   -0.818  -0.895  -0.863
2026-05-31 12:23:39.560 DATA SHAKE  -5.647  -5.647  -5.647    1.550   1.625   1.594   -7.197  -7.273  -7.241
2026-05-31 12:23:39.570 DATA SHAKE  -6.463  -6.463  -6.463    1.390   1.464   1.433   -7.852  -7.926  -7.896
2026-05-31 12:23:39.580 DATA SHAKE   1.067   1.067   1.067    1.383   1.456   1.425   -0.316  -0.389  -0.359
2026-05-31 12:23:39.590 DATA SHAKE  -1.067  -1.067  -1.067    1.334   1.405   1.376   -2.401  -2.472  -2.442
2026-05-31 12:23:39.600 DATA SHAKE  -2.761  -2.761  -2.761    1.252   1.322   1.293   -4.013  -4.083  -4.054
2026-05-31 12:23:39.610 DATA SHAKE  -6.714  -6.714  -6.714    1.093   1.161   1.133   -7.807  -7.875  -7.847
2026-05-31 12:23:39.620 DATA SHAKE  -1.757  -1.757  -1.757    1.036   1.103   1.075   -2.793  -2.860  -2.832
2026-05-31 12:23:39.630 DATA SHAKE   2.008   2.008   2.008    1.055   1.121   1.094    0.953   0.887   0.914
2026-05-31 12:23:39.640 DATA SHAKE  -7.028  -7.028  -7.028    0.894   0.958   0.931   -7.921  -7.985  -7.959
2026-05-31 12:23:39.650 DATA SHAKE  -1.632  -1.632  -1.632    0.843   0.906   0.880   -2.475  -2.538  -2.512
2026-05-31 12:23:39.660 DATA SHAKE  -3.702  -3.702  -3.702    0.752   0.814   0.788   -4.454  -4.516  -4.490
2026-05-31 12:23:39.670 DATA SHAKE   0.125   0.125   0.125    0.740   0.800   0.775   -0.614  -0.675  -0.650
2026-05-31 12:23:39.680 DATA SHAKE   0.125   0.125   0.125    0.727   0.787   0.762   -0.602  -0.661  -0.637
2026-05-31 12:23:39.690 DATA SHAKE   2.447   2.447   2.447    0.762   0.820   0.796    1.685   1.627   1.651
2026-05-31 12:23:39.700 DATA SHAKE  -2.510  -2.510  -2.510    0.696   0.753   0.730   -3.206  -3.263  -3.240
2026-05-31 12:23:39.710 DATA SHAKE   7.529   7.529   7.529    0.833   0.889   0.866    6.696   6.641   6.664
2026-05-31 12:23:39.720 DATA SHAKE   2.259   2.259   2.259    0.862   0.916   0.893    1.397   1.343   1.365
2026-05-31 12:23:39.730 DATA SHAKE   4.580   4.580   4.580    0.936   0.989   0.967    3.644   3.591   3.613
2026-05-31 12:23:39.740 DATA SHAKE   1.882   1.882   1.882    0.955   1.007   0.986    0.927   0.875   0.897
2026-05-31 12:23:39.750 DATA SHAKE  -0.314  -0.314  -0.314    0.929   0.981   0.960   -1.243  -1.295  -1.273
2026-05-31 12:23:39.760 DATA SHAKE  -5.271  -5.271  -5.271    0.805   0.856   0.835   -6.076  -6.127  -6.106
2026-05-31 12:23:39.770 DATA SHAKE   6.274   6.274   6.274    0.915   0.964   0.944    5.360   5.310   5.331
2026-05-31 12:23:39.780 DATA SHAKE  -4.894  -4.894  -4.894    0.799   0.847   0.827   -5.693  -5.741  -5.721
2026-05-31 12:23:39.790 DATA SHAKE  -4.518  -4.518  -4.518    0.692   0.740   0.720   -5.210  -5.258  -5.238
2026-05-31 12:23:39.800 DATA SHAKE   2.008   2.008   2.008    0.719   0.765   0.746    1.289   1.243   1.262
2026-05-31 12:23:39.810 DATA SHAKE  -7.467  -7.467  -7.467    0.555   0.600   0.582   -8.022  -8.067  -8.048
2026-05-31 12:23:39.820 DATA SHAKE   0.188   0.188   0.188    0.548   0.592   0.574   -0.359  -0.404  -0.385
2026-05-31 12:23:39.830 DATA SHAKE  -6.651  -6.651  -6.651    0.404   0.447   0.429   -7.055  -7.099  -7.080
2026-05-31 12:23:39.840 DATA SHAKE  -7.279  -7.279  -7.279    0.250   0.293   0.275   -7.529  -7.571  -7.554
2026-05-31 12:23:39.850 DATA SHAKE   4.267   4.267   4.267    0.330   0.372   0.355    3.936   3.894   3.912
2026-05-31 12:23:39.860 DATA SHAKE   2.886   2.886   2.886    0.381   0.423   0.405    2.505   2.464   2.481
2026-05-31 12:23:39.870 DATA SHAKE  -1.945  -1.945  -1.945    0.335   0.375   0.358   -2.280  -2.321  -2.304
2026-05-31 12:23:39.880 DATA SHAKE  -1.757  -1.757  -1.757    0.293   0.333   0.316   -2.050  -2.090  -2.073
2026-05-31 12:23:39.915 DATA SHAKE  -0.816  -0.816  -0.816    0.271   0.310   0.294   -1.087  -1.126  -1.109
2026-05-31 12:23:39.925 DATA SHAKE  -0.188  -0.188  -0.188    0.262   0.300   0.284   -0.450  -0.488  -0.472
2026-05-31 12:23:39.935 DATA SHAKE  -7.592  -7.592  -7.592    0.105   0.142   0.126   -7.697  -7.734  -7.719
2026-05-31 12:23:39.945 DATA SHAKE  -1.820  -1.820  -1.820    0.066   0.103   0.087   -1.886  -1.922  -1.907
2026-05-31 12:23:39.955 DATA SHAKE   1.129   1.129   1.129    0.087   0.123   0.108    1.042   1.006   1.021
2026-05-31 12:23:39.965 DATA SHAKE  -0.565  -0.565  -0.565    0.074   0.109   0.095   -0.639  -0.674  -0.660
2026-05-31 12:23:39.975 DATA SHAKE   5.271   5.271   5.271    0.178   0.213   0.198    5.092   5.058   5.072
2026-05-31 12:23:39.985 DATA SHAKE  -1.255  -1.255  -1.255    0.150   0.183   0.169   -1.405  -1.438  -1.424
2026-05-31 12:23:39.995 DATA SHAKE  -4.894  -4.894  -4.894    0.049   0.082   0.068   -4.943  -4.976  -4.962
2026-05-31 12:23:40.005 DATA SHAKE  -1.443  -1.443  -1.443    0.019   0.051   0.038   -1.462  -1.495  -1.481
2026-05-31 12:23:40.015 DATA SHAKE  -1.443  -1.443  -1.443   -0.010   0.021   0.008   -1.433  -1.465  -1.451
2026-05-31 12:23:40.025 DATA SHAKE  -4.894  -4.894  -4.894   -0.108  -0.077  -0.090   -4.786  -4.817  -4.804
2026-05-31 12:23:40.035 DATA SHAKE  -6.400  -6.400  -6.400   -0.234  -0.203  -0.216   -6.166  -6.197  -6.184
2026-05-31 12:23:40.045 DATA SHAKE  -5.396  -5.396  -5.396   -0.337  -0.307  -0.320   -5.059  -5.089  -5.077
2026-05-31 12:23:40.055 DATA SHAKE  -2.635  -2.635  -2.635   -0.383  -0.354  -0.366   -2.252  -2.282  -2.269
2026-05-31 12:23:40.065 DATA SHAKE   7.027   7.027   7.027   -0.235  -0.206  -0.218    7.262   7.234   7.246
2026-05-31 12:23:40.075 DATA SHAKE   5.647   5.647   5.647   -0.117  -0.089  -0.101    5.764   5.736   5.748
2026-05-31 12:23:40.085 DATA SHAKE  -3.702  -3.702  -3.702   -0.189  -0.161  -0.173   -3.513  -3.541  -3.529
2026-05-31 12:23:40.095 DATA SHAKE  -7.843  -7.843  -7.843   -0.342  -0.315  -0.326   -7.501  -7.528  -7.517
2026-05-31 12:23:40.105 DATA SHAKE  -2.071  -2.071  -2.071   -0.377  -0.350  -0.361   -1.694  -1.721  -1.710
2026-05-31 12:23:40.115 DATA SHAKE   0.502   0.502   0.502   -0.359  -0.333  -0.344    0.861   0.835   0.846
2026-05-31 12:23:40.125 DATA SHAKE  -1.757  -1.757  -1.757   -0.387  -0.362  -0.372   -1.370  -1.395  -1.385
2026-05-31 12:23:40.135 DATA SHAKE  -3.075  -3.075  -3.075   -0.441  -0.416  -0.426   -2.634  -2.659  -2.648
2026-05-31 12:23:40.145 DATA SHAKE  -1.192  -1.192  -1.192   -0.456  -0.431  -0.442   -0.737  -0.761  -0.751
2026-05-31 12:23:40.155 DATA SHAKE  -3.890  -3.890  -3.890   -0.524  -0.501  -0.511   -3.366  -3.390  -3.380
2026-05-31 12:23:40.165 DATA SHAKE   1.067   1.067   1.067   -0.493  -0.469  -0.479    1.559   1.536   1.546
2026-05-31 12:23:40.175 DATA SHAKE  -6.463  -6.463  -6.463   -0.612  -0.589  -0.599   -5.851  -5.874  -5.864
2026-05-31 12:23:40.185 DATA SHAKE   4.141   4.141   4.141   -0.517  -0.495  -0.504    4.658   4.636   4.645
2026-05-31 12:23:40.195 DATA SHAKE   2.008   2.008   2.008   -0.467  -0.444  -0.454    2.474   2.452   2.461
2026-05-31 12:23:40.205 DATA SHAKE  -5.145  -5.145  -5.145   -0.560  -0.539  -0.547   -4.585  -4.607  -4.598
2026-05-31 12:23:40.215 DATA SHAKE  -1.067  -1.067  -1.067   -0.570  -0.549  -0.558   -0.497  -0.518  -0.509
2026-05-31 12:23:40.225 DATA SHAKE   4.518   4.518   1.129   -0.468  -0.448  -0.524    4.986   4.965   1.654
2026-05-31 12:23:40.235 DATA SHAKE  -7.341  -7.341  -7.341   -0.606  -0.586  -0.660   -6.735  -6.756  -6.681
2026-05-31 12:23:40.245 DATA SHAKE  -7.341  -7.341  -7.341   -0.741  -0.721  -0.794   -6.601  -6.621  -6.547
2026-05-31 12:23:40.255 DATA SHAKE   1.255   1.255   1.255   -0.701  -0.681  -0.753    1.956   1.936   2.008
2026-05-31 12:23:40.265 DATA SHAKE   0.314   0.314   0.314   -0.680  -0.661  -0.732    0.994   0.975   1.045
2026-05-31 12:23:40.275 DATA SHAKE   7.843   7.843   7.843   -0.510  -0.491  -0.560    8.353   8.334   8.403
2026-05-31 12:23:40.285 DATA SHAKE   7.843   7.843   7.843   -0.343  -0.325  -0.392    8.186   8.168   8.235
2026-05-31 12:23:40.295 DATA SHAKE  -4.392  -4.392  -4.392   -0.424  -0.406  -0.472   -3.968  -3.986  -3.920
2026-05-31 12:23:40.305 DATA SHAKE   2.573   2.573   2.573   -0.364  -0.346  -0.411    2.936   2.919   2.984
2026-05-31 12:23:40.315 DATA SHAKE   3.702   0.627   0.627   -0.283  -0.327  -0.391    3.985   0.954   1.018
2026-05-31 12:23:40.325 DATA SHAKE   1.318   1.318   1.318   -0.251  -0.294  -0.356    1.568   1.612   1.674
2026-05-31 12:23:40.335 DATA SHAKE   1.255   1.255   1.255   -0.221  -0.263  -0.324    1.475   1.518   1.579
2026-05-31 12:23:40.345 DATA SHAKE   7.843   7.843   7.843   -0.059  -0.101  -0.161    7.902   7.944   8.004
2026-05-31 12:23:40.355 DATA SHAKE  -0.753  -0.753  -0.753   -0.073  -0.114  -0.173   -0.680  -0.639  -0.581
2026-05-31 12:23:40.365 DATA SHAKE  -4.894  -4.894  -4.894   -0.170  -0.210  -0.267   -4.725  -4.685  -4.627
2026-05-31 12:23:40.375 DATA SHAKE   1.192   1.192   1.192   -0.142  -0.181  -0.238    1.334   1.374   1.430
2026-05-31 12:23:40.376 PROMPT rest_start cycle=1
2026-05-31 12:23:40.410 DATA REST  -2.385  -2.385  -2.385   -0.187  -0.226  -0.281   -2.197  -2.159  -2.104
2026-05-31 12:23:40.420 DATA REST  -5.710  -5.710  -5.710   -0.298  -0.335  -0.389   -5.412  -5.375  -5.321
2026-05-31 12:23:40.430 DATA REST   0.376   0.376   0.376   -0.284  -0.321  -0.374    0.661   0.697   0.751
2026-05-31 12:23:40.440 DATA REST  -3.075  -3.075  -3.075   -0.340  -0.376  -0.428   -2.735  -2.699  -2.647
2026-05-31 12:23:40.450 DATA REST  -3.263  -3.263  -3.263   -0.398  -0.434  -0.485   -2.865  -2.829  -2.778
2026-05-31 12:23:40.460 DATA REST   4.392   4.392   4.392   -0.303  -0.337  -0.387    4.695   4.729   4.779
2026-05-31 12:23:40.470 DATA REST   1.004   1.004   0.129   -0.276  -0.310  -0.377    1.280   1.314   0.506
2026-05-31 12:23:40.480 DATA REST  -3.765  -3.765  -3.765   -0.346  -0.380  -0.445   -3.419  -3.385  -3.320
2026-05-31 12:23:40.490 DATA REST   0.627   0.627   0.627   -0.327  -0.359  -0.423    0.954   0.987   1.051
2026-05-31 12:23:40.500 DATA REST   1.631   1.631   1.631   -0.288  -0.320  -0.382    1.919   1.951   2.014
2026-05-31 12:23:40.510 DATA REST   0.439   0.439   0.439   -0.273  -0.304  -0.366    0.712   0.744   0.805
2026-05-31 12:23:40.520 DATA REST   1.255   1.255   1.255   -0.243  -0.273  -0.333    1.497   1.528   1.588
2026-05-31 12:23:40.530 DATA REST   3.639   3.639   3.639   -0.165  -0.195  -0.254    3.804   3.834   3.893
2026-05-31 12:23:40.540 DATA REST  -2.008  -2.008  -2.008   -0.202  -0.231  -0.289   -1.806  -1.777  -1.719
2026-05-31 12:23:40.550 DATA REST   6.023   6.023   6.023   -0.077  -0.106  -0.163    6.101   6.130   6.186
2026-05-31 12:23:40.560 DATA REST   2.698   6.323   6.337   -0.022   0.022  -0.033    2.720   6.301   6.370
2026-05-31 12:23:40.570 DATA REST  -5.396  -5.396  -5.396   -0.129  -0.086  -0.140   -5.267  -5.310  -5.256
2026-05-31 12:23:40.580 DATA REST  -0.816  -0.816  -0.816   -0.143  -0.101  -0.154   -0.673  -0.715  -0.662
2026-05-31 12:23:40.590 DATA REST  -5.396  -5.396  -5.396   -0.248  -0.206  -0.258   -5.148  -5.190  -5.138
2026-05-31 12:23:40.600 DATA REST   1.945   1.945   1.945   -0.204  -0.163  -0.214    2.149   2.109   2.159
2026-05-31 12:23:40.610 DATA REST  -0.565  -0.565  -0.565   -0.211  -0.171  -0.221   -0.354  -0.393  -0.344
2026-05-31 12:23:40.620 DATA REST  -1.255  -1.255  -1.255   -0.232  -0.193  -0.242   -1.023  -1.062  -1.013
2026-05-31 12:23:40.630 DATA REST  -0.000  -0.000  -0.000   -0.228  -0.189  -0.237    0.227   0.189   0.237
2026-05-31 12:23:40.640 DATA REST  -2.949  -2.949  -2.949   -0.282  -0.244  -0.291   -2.667  -2.705  -2.658
2026-05-31 12:23:40.650 DATA REST  -0.613  -0.565  -0.565   -0.289  -0.251  -0.297   -0.325  -0.314  -0.268
2026-05-31 12:23:40.660 DATA REST  -2.322  -2.322  -2.322   -0.329  -0.292  -0.337   -1.992  -2.029  -1.984
2026-05-31 12:23:40.670 DATA REST  -6.902  -6.902  -6.902   -0.461  -0.425  -0.469   -6.441  -6.478  -6.433
2026-05-31 12:23:40.680 DATA REST  -6.400  -6.400  -6.400   -0.580  -0.544  -0.587   -5.821  -5.856  -5.813
2026-05-31 12:23:40.690 DATA REST   4.580   4.580   4.580   -0.476  -0.442  -0.484    5.057   5.022   5.064
2026-05-31 12:23:40.700 DATA REST  -5.898  -5.898  -5.898   -0.585  -0.551  -0.592   -5.313  -5.348  -5.306
2026-05-31 12:23:40.710 DATA REST   0.565   0.565   0.565   -0.562  -0.528  -0.569    1.127   1.093   1.134
2026-05-31 12:23:40.720 DATA REST  -5.647  -5.647  -5.647   -0.664  -0.631  -0.671   -4.984  -5.016  -4.977
2026-05-31 12:23:40.730 DATA REST  -7.530  -7.530  -7.530   -0.801  -0.769  -0.808   -6.729  -6.761  -6.722
2026-05-31 12:23:40.740 DATA REST   4.267   4.267   4.267   -0.700  -0.668  -0.706    4.966   4.935   4.973
2026-05-31 12:23:40.750 DATA REST   2.071   2.071   2.071   -0.644  -0.613  -0.651    2.715   2.684   2.721
2026-05-31 12:23:40.760 DATA REST  -2.761  -2.761  -2.761   -0.686  -0.656  -0.693   -2.075  -2.105  -2.068
2026-05-31 12:23:40.770 DATA REST  -3.263  -3.263  -3.263   -0.738  -0.708  -0.744   -2.525  -2.555  -2.519
2026-05-31 12:23:40.780 DATA REST   1.318   1.318   1.318   -0.697  -0.668  -0.703    2.014   1.985   2.021
2026-05-31 12:23:40.790 DATA REST   2.322   2.322   2.322   -0.636  -0.608  -0.643    2.958   2.930   2.964
2026-05-31 12:23:40.800 DATA REST  -4.392  -4.392  -4.392   -0.712  -0.684  -0.718   -3.681  -3.709  -3.675
2026-05-31 12:23:40.810 DATA REST  -7.279  -7.279  -7.279   -0.843  -0.816  -0.849   -6.436  -6.463  -6.430
2026-05-31 12:23:40.820 DATA REST   4.455   4.455   4.455   -0.737  -0.710  -0.743    5.192   5.165   5.198
2026-05-31 12:23:40.830 DATA REST   4.957   4.957   4.957   -0.623  -0.597  -0.629    5.580   5.554   5.586
2026-05-31 12:23:40.840 DATA REST   1.945   1.945   1.945   -0.572  -0.546  -0.577    2.517   2.491   2.522
2026-05-31 12:23:40.850 DATA REST  -6.714  -6.714  -6.714   -0.695  -0.669  -0.700   -6.019  -6.044  -6.014
2026-05-31 12:23:40.860 DATA REST  -0.063  -0.063  -0.063   -0.682  -0.657  -0.687    0.619   0.594   0.624
2026-05-31 12:23:40.870 DATA REST  -6.965  -6.965  -6.965   -0.808  -0.783  -0.813   -6.157  -6.181  -6.152
2026-05-31 12:23:40.880 DATA REST  -0.628  -0.628  -0.628   -0.804  -0.780  -0.809    0.176   0.153   0.181
2026-05-31 12:23:40.915 DATA REST  -0.126  -0.126  -0.126   -0.790  -0.767  -0.795    0.665   0.641   0.670
2026-05-31 12:23:40.925 DATA REST  -3.137  -3.137  -3.137   -0.837  -0.815  -0.842   -2.300  -2.323  -2.295
2026-05-31 12:23:40.935 DATA REST   4.392   4.392   4.392   -0.733  -0.710  -0.738    5.125   5.103   5.130
2026-05-31 12:23:40.945 DATA REST   4.769   4.769   4.769   -0.623  -0.601  -0.628    5.391   5.369   5.396
2026-05-31 12:23:40.955 DATA REST  -2.698  -2.698  -2.698   -0.664  -0.643  -0.669   -2.034  -2.055  -2.029
2026-05-31 12:23:40.965 DATA REST  -5.961  -5.961  -5.961   -0.770  -0.749  -0.775   -5.191  -5.212  -5.186
2026-05-31 12:23:40.975 DATA REST  -7.718  -7.718  -7.718   -0.909  -0.889  -0.914   -6.809  -6.829  -6.804
2026-05-31 12:23:40.985 DATA REST  -1.025  -1.004  -1.004   -0.911  -0.891  -0.915   -0.113  -0.113  -0.089
2026-05-31 12:23:40.995 DATA REST  -3.012  -3.012  -3.012   -0.953  -0.933  -0.957   -2.058  -2.079  -2.055
2026-05-31 12:23:41.005 DATA REST   2.573   2.573   2.573   -0.883  -0.863  -0.887    3.455   3.436   3.459
2026-05-31 12:23:41.015 DATA REST  -5.647  -5.647  -5.647   -0.978  -0.959  -0.982   -4.669  -4.688  -4.665
2026-05-31 12:23:41.025 DATA REST   2.510   2.510   2.510   -0.908  -0.889  -0.912    3.418   3.399   3.422
2026-05-31 12:23:41.035 DATA REST  -7.028  -7.028  -7.028   -1.031  -1.012  -1.034   -5.997  -6.015  -5.993
2026-05-31 12:23:41.045 DATA REST  -7.216  -7.216  -7.216   -1.155  -1.136  -1.158   -6.061  -6.080  -6.058
2026-05-31 12:23:41.055 DATA REST   1.506   1.506   1.506   -1.101  -1.083  -1.105    2.607   2.589   2.611
2026-05-31 12:23:41.065 DATA REST   1.067   1.067   1.067   -1.058  -1.040  -1.061    2.125   2.107   2.128
2026-05-31 12:23:41.075 DATA REST   4.957   4.957   4.957   -0.938  -0.921  -0.941    5.895   5.877   5.898
2026-05-31 12:23:41.085 DATA REST   1.443   1.443   1.443   -0.890  -0.873  -0.893    2.333   2.316   2.336
2026-05-31 12:23:41.095 DATA REST  -2.071  -2.071  -2.071   -0.914  -0.897  -0.917   -1.157  -1.174  -1.154
2026-05-31 12:23:41.105 DATA REST  -3.765  -3.765  -3.765   -0.971  -0.955  -0.974   -2.794  -2.810  -2.791
2026-05-31 12:23:41.115 DATA REST  -0.628  -0.628  -0.628   -0.964  -0.948  -0.967    0.336   0.320   0.339
2026-05-31 12:23:41.125 DATA REST   1.945   1.945   1.945   -0.906  -0.890  -0.909    2.851   2.835   2.854
2026-05-31 12:23:41.135 DATA REST  -2.886  -2.886  -2.886   -0.945  -0.930  -0.948   -1.941  -1.956  -1.938
2026-05-31 12:23:41.145 DATA REST  -2.071  -2.071  -2.071   -0.968  -0.953  -0.971   -1.103  -1.118  -1.100
2026-05-31 12:23:41.155 DATA REST  -3.451  -3.451  -3.451   -1.017  -1.003  -1.020   -2.434  -2.448  -2.431
2026-05-31 12:23:41.165 DATA REST  -4.204  -4.204  -4.204   -1.081  -1.067  -1.084   -3.123  -3.137  -3.120
2026-05-31 12:23:41.175 DATA REST  -3.828  -3.828  -3.828   -1.136  -1.122  -1.139   -2.691  -2.706  -2.689
2026-05-31 12:23:41.185 DATA REST   1.004   1.004   1.004   -1.093  -1.080  -1.096    2.097   2.083   2.100
2026-05-31 12:23:41.195 DATA REST   4.141   4.141   4.141   -0.989  -0.975  -0.991    5.130   5.116   5.132
2026-05-31 12:23:41.205 DATA REST   7.529   7.529   7.529   -0.818  -0.805  -0.821    8.348   8.334   8.350
2026-05-31 12:23:41.215 DATA REST  -2.322  -2.322  -2.322   -0.848  -0.835  -0.851   -1.473  -1.486  -1.471
2026-05-31 12:23:41.225 DATA REST  -0.565  -0.565  -0.565   -0.843  -0.830  -0.845    0.278   0.265   0.280
2026-05-31 12:23:41.235 DATA REST   1.380   1.380   1.380   -0.798  -0.786  -0.801    2.179   2.166   2.181
2026-05-31 12:23:41.245 DATA REST   4.329   4.329   4.329   -0.696  -0.683  -0.698    5.025   5.013   5.027
2026-05-31 12:23:41.255 DATA REST  -0.690  -0.690  -0.690   -0.696  -0.684  -0.698    0.005  -0.007   0.007
2026-05-31 12:23:41.265 DATA REST  -4.204  -4.204  -4.204   -0.766  -0.754  -0.768   -3.438  -3.450  -3.436
2026-05-31 12:23:41.275 DATA REST  -4.392  -4.392  -4.392   -0.838  -0.827  -0.840   -3.554  -3.566  -3.552
2026-05-31 12:23:41.285 DATA REST   0.314   0.314   0.314   -0.815  -0.804  -0.817    1.129   1.118   1.131
2026-05-31 12:23:41.295 DATA REST   0.753   0.753   0.753   -0.784  -0.773  -0.786    1.537   1.526   1.539
2026-05-31 12:23:41.305 DATA REST  -7.843  -7.843  -7.843   -0.925  -0.914  -0.927   -6.918  -6.929  -6.916
2026-05-31 12:23:41.315 DATA REST  -5.584  -5.584  -5.584   -1.018  -1.008  -1.020   -4.566  -4.577  -4.564
2026-05-31 12:23:41.325 DATA REST  -3.765  -3.765  -3.765   -1.073  -1.063  -1.075   -2.692  -2.702  -2.690
2026-05-31 12:23:41.335 DATA REST  -4.330  -4.330  -4.330   -1.138  -1.128  -1.140   -3.191  -3.201  -3.189
2026-05-31 12:23:41.345 DATA REST  -0.000  -0.000  -0.000   -1.116  -1.106  -1.117    1.115   1.105   1.117
2026-05-31 12:23:41.355 DATA REST   1.004   1.004   1.004   -1.073  -1.063  -1.075    2.077   2.067   2.079
2026-05-31 12:23:41.365 DATA REST   0.376   0.376   0.376   -1.044  -1.035  -1.046    1.421   1.411   1.422
2026-05-31 12:23:41.375 DATA REST  -5.522  -5.522  -5.522   -1.134  -1.124  -1.136   -4.388  -4.397  -4.386
2026-05-31 12:23:41.385 DATA REST  -5.208  -5.208   7.542   -1.215  -1.206  -0.962   -3.993  -4.002   8.504
2026-05-31 12:23:41.419 DATA REST   5.710   5.710   5.710   -1.077  -1.068  -0.829    6.786   6.777   6.538
2026-05-31 12:23:41.429 DATA REST   7.655   7.655   7.655   -0.902  -0.893  -0.659    8.557   8.548   8.314
2026-05-31 12:23:41.439 DATA REST   4.267   4.267   4.267   -0.799  -0.790  -0.560    5.065   5.057   4.827
2026-05-31 12:23:41.449 DATA REST   3.576   3.576   3.576   -0.711  -0.703  -0.478    4.288   4.279   4.054
2026-05-31 12:23:41.459 DATA REST  -6.965  -6.965  -6.965   -0.836  -0.828  -0.607   -6.129  -6.137  -6.357
2026-05-31 12:23:41.469 DATA REST  -3.451  -3.451  -3.451   -0.889  -0.880  -0.664   -2.563  -2.571  -2.787
2026-05-31 12:23:41.479 DATA REST   4.894   4.894   4.894   -0.773  -0.765  -0.553    5.667   5.659   5.447
2026-05-31 12:23:41.489 DATA REST  -5.835  -5.835  -5.835   -0.874  -0.866  -0.659   -4.961  -4.969  -5.177
2026-05-31 12:23:41.499 DATA REST   7.780   7.780   7.780   -0.701  -0.693  -0.490    8.481   8.474   8.270
2026-05-31 12:23:41.509 DATA REST  -5.208  -5.208  -5.208   -0.791  -0.784  -0.584   -4.417  -4.424  -4.624
2026-05-31 12:23:41.519 DATA REST   7.592   7.592   7.592   -0.624  -0.616  -0.421    8.216   8.208   8.013
2026-05-31 12:23:41.529 DATA REST   3.200   3.200   3.200   -0.547  -0.540  -0.348    3.747   3.740   3.548
2026-05-31 12:23:41.539 DATA REST  -5.396  -5.396  -5.396   -0.644  -0.637  -0.449   -4.752  -4.759  -4.947
2026-05-31 12:23:41.549 DATA REST   5.898   5.898   5.898   -0.513  -0.506  -0.322    6.411   6.404   6.220
2026-05-31 12:23:41.559 DATA REST  -6.275  -6.275  -6.275   -0.628  -0.622  -0.441   -5.646  -5.653  -5.833
2026-05-31 12:23:41.569 DATA REST  -0.000  -0.000  -0.000   -0.616  -0.609  -0.433    0.616   0.609   0.432
2026-05-31 12:23:41.579 DATA REST   0.753   0.753   0.753   -0.589  -0.582  -0.409    1.341   1.335   1.162
2026-05-31 12:23:41.589 DATA REST  -1.130  -1.130  -1.130   -0.599  -0.593  -0.423   -0.530  -0.537  -0.706
2026-05-31 12:23:41.599 DATA REST  -5.522  -5.522  -5.522   -0.698  -0.692  -0.525   -4.824  -4.830  -4.996
2026-05-31 12:23:41.609 DATA REST  -5.271  -5.271  -5.271   -0.789  -0.783  -0.620   -4.482  -4.488  -4.651
2026-05-31 12:23:41.619 DATA REST  -3.765  -3.765  -3.765   -0.849  -0.843  -0.683   -2.916  -2.922  -3.082
2026-05-31 12:23:41.629 DATA REST  -5.083  -5.083  -5.083   -0.933  -0.928  -0.771   -4.149  -4.155  -4.311
2026-05-31 12:23:41.639 DATA REST   1.067   1.067   1.067   -0.893  -0.888  -0.734    1.960   1.954   1.801
2026-05-31 12:23:41.649 DATA REST  -6.588  -6.588  -6.588   -1.007  -1.002  -0.851   -5.581  -5.587  -5.737
2026-05-31 12:23:41.659 DATA REST   2.823   2.823   2.823   -0.931  -0.925  -0.778    3.754   3.749   3.601
2026-05-31 12:23:41.669 DATA REST   1.318   1.318   1.318   -0.886  -0.880  -0.736    2.203   2.198   2.054
2026-05-31 12:23:41.679 DATA REST  -7.655  -7.655  -7.655   -1.021  -1.016  -0.874   -6.634  -6.639  -6.781
2026-05-31 12:23:41.689 DATA REST   1.067   1.067   1.067   -0.979  -0.974  -0.836    2.046   2.041   1.902
2026-05-31 12:23:41.699 DATA REST  -1.130  -1.130  -1.130   -0.982  -0.977  -0.841   -0.147  -0.152  -0.288
2026-05-31 12:23:41.709 DATA REST   0.125   0.125   0.125   -0.960  -0.955  -0.822    1.086   1.081   0.948
2026-05-31 12:23:41.719 DATA REST   4.204   4.204   4.204   -0.857  -0.852  -0.722    5.061   5.056   4.925
2026-05-31 12:23:41.729 DATA REST  -1.192  -1.192  -1.192   -0.864  -0.859  -0.731   -0.329  -0.334  -0.461
2026-05-31 12:23:41.739 DATA REST  -3.012  -3.012  -3.012   -0.907  -0.902  -0.777   -2.105  -2.110  -2.235
2026-05-31 12:23:41.749 DATA REST  -3.263  -3.263  -3.263   -0.954  -0.949  -0.826   -2.309  -2.314  -2.437
2026-05-31 12:23:41.759 DATA REST  -3.326  -3.326  -3.326   -1.001  -0.997  -0.876   -2.324  -2.329  -2.449
2026-05-31 12:23:41.769 DATA REST  -3.451  -3.451  -3.826   -1.050  -1.046  -0.935   -2.401  -2.405  -2.891
2026-05-31 12:23:41.779 DATA REST  -6.588  -6.588  -6.588   -1.161  -1.157  -1.048   -5.427  -5.432  -5.540
2026-05-31 12:23:41.789 DATA REST   5.145   5.145   5.145   -1.035  -1.031  -0.925    6.180   6.176   6.070
2026-05-31 12:23:41.799 DATA REST  -0.000  -0.000  -0.000   -1.014  -1.010  -0.906    1.014   1.010   0.906
2026-05-31 12:23:41.809 DATA REST  -4.267  -4.267  -4.267   -1.079  -1.075  -0.973   -3.188  -3.192  -3.294
2026-05-31 12:23:41.819 DATA REST  -4.330  -4.330  -4.330   -1.144  -1.140  -1.040   -3.185  -3.189  -3.289
2026-05-31 12:23:41.829 DATA REST  -5.145  -5.145  -5.145   -1.224  -1.220  -1.122   -3.921  -3.925  -4.023
2026-05-31 12:23:41.839 DATA REST  -4.894  -4.894  -4.894   -1.298  -1.294  -1.198   -3.597  -3.601  -3.696
2026-05-31 12:23:41.849 DATA REST  -1.694  -1.694  -1.694   -1.306  -1.302  -1.208   -0.389  -0.393  -0.487
2026-05-31 12:23:41.859 DATA REST   3.953   3.953  -5.459   -1.200  -1.197  -1.293    5.153   5.150  -4.166
2026-05-31 12:23:41.869 DATA REST  -1.255  -1.255  -1.255   -1.201  -1.198  -1.292   -0.054  -0.057   0.037
2026-05-31 12:23:41.879 DATA REST  -1.569  -1.569  -1.569   -1.209  -1.205  -1.298   -0.360  -0.364  -0.271
2026-05-31 12:23:41.889 DATA REST  -3.326  -3.326  -3.326   -1.251  -1.248  -1.338   -2.075  -2.078  -1.987
2026-05-31 12:23:41.924 DATA REST   4.392   4.392   4.392   -1.138  -1.135  -1.224    5.530   5.527   5.616
2026-05-31 12:23:41.934 DATA REST   2.071   2.071   2.071   -1.074  -1.071  -1.158    3.145   3.141   3.228
2026-05-31 12:23:41.944 DATA REST   4.141   4.141   4.141   -0.970  -0.967  -1.052    5.111   5.108   5.193
2026-05-31 12:23:41.954 DATA REST  -7.592  -7.592  -7.592   -1.102  -1.099  -1.183   -6.490  -6.493  -6.410
2026-05-31 12:23:41.964 DATA REST  -6.651  -6.651  -6.651   -1.213  -1.210  -1.292   -5.438  -5.441  -5.359
2026-05-31 12:23:41.974 DATA REST  -6.902  -6.902  -6.902   -1.327  -1.324  -1.404   -5.575  -5.578  -5.498
2026-05-31 12:23:41.984 DATA REST  -7.090  -7.090  -7.090   -1.442  -1.439  -1.518   -5.648  -5.651  -5.572
2026-05-31 12:23:41.994 DATA REST   7.404   7.404   7.404   -1.265  -1.262  -1.339    8.669   8.666   8.743
2026-05-31 12:23:42.004 DATA REST   5.208   5.208   5.208   -1.136  -1.133  -1.208    6.344   6.341   6.416
2026-05-31 12:23:42.014 DATA REST   7.341   7.341   7.341   -0.966  -0.964  -1.037    8.307   8.305   8.379
2026-05-31 12:23:42.024 DATA REST   1.945   1.945   1.945   -0.908  -0.905  -0.978    2.853   2.850   2.923
2026-05-31 12:23:42.034 DATA REST   4.267   4.267   4.267   -0.805  -0.802  -0.873    5.071   5.069   5.140
2026-05-31 12:23:42.044 DATA REST  -3.326  -3.326  -3.326   -0.855  -0.852  -0.922   -2.471  -2.473  -2.404
2026-05-31 12:23:42.054 DATA REST   0.816   0.816   0.816   -0.822  -0.819  -0.887    1.637   1.635   1.703
2026-05-31 12:23:42.064 DATA REST   6.839   6.839   6.839   -0.668  -0.666  -0.733    7.508   7.505   7.572
2026-05-31 12:23:42.074 DATA REST  -1.632  -1.632  -1.632   -0.688  -0.685  -0.751   -0.944  -0.946  -0.881
2026-05-31 12:23:42.084 DATA REST  -6.588  -6.588  -6.588   -0.806  -0.803  -0.867   -5.783  -5.785  -5.721
2026-05-31 12:23:42.094 DATA REST  -2.886  -2.886  -2.886   -0.847  -0.845  -0.908   -2.039  -2.042  -1.979
2026-05-31 12:23:42.104 DATA REST  -2.008  -2.008  -2.008   -0.871  -0.868  -0.930   -1.138  -1.140  -1.078
2026-05-31 12:23:42.114 DATA REST  -6.337  -6.337  -6.337   -0.980  -0.978  -1.038   -5.358  -5.360  -5.299
2026-05-31 12:23:42.124 DATA REST  -4.016  -4.016  -4.016   -1.041  -1.038  -1.098   -2.975  -2.978  -2.918
2026-05-31 12:23:42.134 DATA REST  -1.506  -1.506  -1.506   -1.050  -1.048  -1.106   -0.456  -0.458  -0.400
2026-05-31 12:23:42.144 DATA REST  -0.126  -0.126  -0.126   -1.031  -1.029  -1.086    0.906   0.904   0.960
2026-05-31 12:23:42.154 DATA REST   6.086   6.086   6.086   -0.889  -0.887  -0.943    6.975   6.973   7.029
2026-05-31 12:23:42.164 DATA REST   1.443   1.443   1.443   -0.842  -0.840  -0.895    2.286   2.283   2.338
2026-05-31 12:23:42.174 DATA REST  -2.949  -2.949  -2.949   -0.885  -0.883  -0.936   -2.065  -2.067  -2.013
2026-05-31 12:23:42.184 DATA REST  -7.090  -7.090  -7.090   -1.009  -1.007  -1.059   -6.082  -6.084  -6.031
2026-05-31 12:23:42.194 DATA REST   0.502   0.502   4.141   -0.978  -0.976  -0.955    1.480   1.478   5.096
2026-05-31 12:23:42.204 DATA REST  -3.828  -3.828  -3.828   -1.035  -1.034  -1.013   -2.792  -2.794  -2.815
2026-05-31 12:23:42.214 DATA REST  -0.063  -0.063  -0.063   -1.016  -1.014  -0.994    0.953   0.951   0.931
2026-05-31 12:23:42.224 DATA REST   2.761   2.761   2.761   -0.940  -0.939  -0.918    3.701   3.699   3.679
2026-05-31 12:23:42.234 DATA REST   2.008   2.008   2.008   -0.882  -0.880  -0.860    2.889   2.887   2.868
2026-05-31 12:23:42.244 DATA REST   0.502   0.502   0.502   -0.854  -0.852  -0.833    1.356   1.354   1.335
2026-05-31 12:23:42.254 DATA REST   4.204   4.204   4.204   -0.753  -0.751  -0.732    4.957   4.955   4.936
2026-05-31 12:23:42.264 DATA REST   4.078   4.078   4.078   -0.656  -0.654  -0.636    4.734   4.733   4.714
2026-05-31 12:23:42.274 DATA REST   2.510   2.510   2.510   -0.593  -0.591  -0.573    3.103   3.101   3.083
2026-05-31 12:23:42.284 DATA REST   3.890   6.828   6.839   -0.503  -0.443  -0.425    4.393   7.270   7.264
2026-05-31 12:23:42.294 DATA REST  -7.718  -7.718  -7.718   -0.647  -0.588  -0.570   -7.070  -7.130  -7.147
2026-05-31 12:23:42.304 DATA REST   7.216   7.216   7.216   -0.490  -0.432  -0.415    7.706   7.648   7.630
2026-05-31 12:23:42.314 DATA REST   7.341   7.341   7.341   -0.333  -0.277  -0.260    7.675   7.618   7.601
2026-05-31 12:23:42.324 DATA REST   6.776   6.776   6.776   -0.191  -0.136  -0.119    6.968   6.912   6.895
2026-05-31 12:23:42.334 DATA REST  -6.777  -6.777  -6.777   -0.323  -0.268  -0.252   -6.454  -6.508  -6.525
2026-05-31 12:23:42.344 DATA REST  -4.706  -4.706  -4.706   -0.411  -0.357  -0.341   -4.295  -4.349  -4.365
2026-05-31 12:23:42.354 DATA REST   5.835   5.835   5.835   -0.286  -0.233  -0.218    6.121   6.069   6.053
2026-05-31 12:23:42.364 DATA REST  -4.832  -4.832  -4.832   -0.377  -0.325  -0.310   -4.455  -4.506  -4.522
2026-05-31 12:23:42.374 DATA REST   5.521   5.020   5.020   -0.259  -0.218  -0.203    5.780   5.238   5.223
2026-05-31 12:23:42.384 DATA REST  -7.530  -7.530  -7.530   -0.404  -0.365  -0.350   -7.125  -7.165  -7.180
2026-05-31 12:23:42.394 DATA REST  -3.765  -3.765  -3.765   -0.471  -0.433  -0.418   -3.294  -3.332  -3.347
2026-05-31 12:23:42.429 DATA REST  -2.008  -2.008  -2.008   -0.502  -0.464  -0.450   -1.506  -1.544  -1.558
2026-05-31 12:23:42.439 DATA REST  -6.902  -6.902  -6.902   -0.630  -0.593  -0.579   -6.272  -6.309  -6.323
2026-05-31 12:23:42.449 DATA REST  -5.459  -5.459  -5.459   -0.727  -0.690  -0.677   -4.732  -4.769  -4.782
2026-05-31 12:23:42.459 DATA REST  -5.333  -5.333  -5.333   -0.819  -0.783  -0.770   -4.515  -4.550  -4.564
2026-05-31 12:23:42.469 DATA REST  -5.647  -5.647  -5.647   -0.915  -0.880  -0.867   -4.732  -4.767  -4.780
2026-05-31 12:23:42.479 DATA REST  -7.592  -7.592  -7.592   -1.049  -1.015  -1.002   -6.543  -6.578  -6.591
2026-05-31 12:23:42.489 DATA REST  -7.969  -7.969  -7.969   -1.187  -1.154  -1.141   -6.781  -6.815  -6.828
2026-05-31 12:23:42.499 DATA REST  -6.463  -6.463  -6.463   -1.293  -1.260  -1.248   -5.170  -5.203  -5.215
2026-05-31 12:23:42.509 DATA REST  -4.079  -4.079  -4.079   -1.349  -1.316  -1.304   -2.730  -2.762  -2.774
2026-05-31 12:23:42.519 DATA REST  -0.816  -0.816  -0.816   -1.338  -1.306  -1.294    0.522   0.490   0.478
2026-05-31 12:23:42.529 DATA REST   1.443   1.443   0.627   -1.282  -1.251  -1.256    2.725   2.694   1.883
2026-05-31 12:23:42.539 DATA REST  -1.130  -1.130  -1.130   -1.279  -1.249  -1.253    0.150   0.119   0.124
2026-05-31 12:23:42.549 DATA REST  -3.953  -3.953  -3.953   -1.333  -1.303  -1.307   -2.620  -2.650  -2.646
2026-05-31 12:23:42.559 DATA REST  -6.902  -6.902  -6.902   -1.444  -1.415  -1.419   -5.458  -5.487  -5.483
2026-05-31 12:23:42.569 DATA REST   7.906   7.906   7.906   -1.257  -1.228  -1.233    9.163   9.134   9.139
2026-05-31 12:23:42.579 DATA REST  -7.341  -7.341  -7.341   -1.379  -1.351  -1.355   -5.963  -5.991  -5.986
2026-05-31 12:23:42.589 DATA REST  -5.396  -5.396  -5.396   -1.459  -1.432  -1.436   -3.937  -3.965  -3.960
2026-05-31 12:23:42.599 DATA REST  -3.765  -3.765  -3.765   -1.505  -1.478  -1.482   -2.260  -2.287  -2.282
2026-05-31 12:23:42.609 DATA REST  -3.263  -3.263  -3.263   -1.540  -1.514  -1.518   -1.723  -1.749  -1.745
2026-05-31 12:23:42.619 DATA REST  -4.204  -5.517  -5.522   -1.594  -1.594  -1.598   -2.610  -3.923  -3.924
2026-05-31 12:23:42.629 DATA REST  -6.965  -6.965  -6.965   -1.701  -1.701  -1.705   -5.264  -5.263  -5.259
2026-05-31 12:23:42.639 DATA REST  -7.530  -7.530  -7.530   -1.818  -1.818  -1.822   -5.712  -5.712  -5.708
2026-05-31 12:23:42.649 DATA REST  -7.843  -7.843  -7.843   -1.938  -1.939  -1.942   -5.905  -5.905  -5.901
2026-05-31 12:23:42.659 DATA REST   7.969   7.969   7.969   -1.740  -1.740  -1.744    9.709   9.709   9.713
2026-05-31 12:23:42.669 DATA REST   7.718   7.718   7.718   -1.551  -1.551  -1.555    9.268   9.269   9.272
2026-05-31 12:23:42.679 DATA REST   7.529   7.529   7.529   -1.369  -1.370  -1.373    8.899   8.899   8.903
2026-05-31 12:23:42.689 DATA REST  -7.969  -7.969  -7.969   -1.501  -1.502  -1.505   -6.467  -6.467  -6.464
2026-05-31 12:23:42.699 DATA REST  -7.279  -7.279  -7.279   -1.617  -1.617  -1.621   -5.662  -5.661  -5.658
2026-05-31 12:23:42.709 DATA REST  -6.026  -6.024  -6.024   -1.705  -1.705  -1.709   -4.321  -4.318  -4.315
2026-05-31 12:23:42.719 DATA REST  -5.647  -5.647  -5.647   -1.784  -1.784  -1.787   -3.863  -3.863  -3.860
2026-05-31 12:23:42.729 DATA REST  -5.459  -5.459  -5.459   -1.857  -1.858  -1.861   -3.602  -3.601  -3.598
2026-05-31 12:23:42.739 DATA REST  -5.208  -5.208  -5.208   -1.924  -1.925  -1.928   -3.284  -3.283  -3.280
2026-05-31 12:23:42.749 DATA REST  -5.020  -5.020  -5.020   -1.986  -1.987  -1.990   -3.034  -3.033  -3.030
2026-05-31 12:23:42.759 DATA REST  -5.396  -5.396  -5.396   -2.054  -2.055  -2.058   -3.342  -3.342  -3.338
2026-05-31 12:23:42.769 DATA REST  -5.710  -5.710  -5.710   -2.128  -2.128  -2.131   -3.582  -3.582  -3.579
2026-05-31 12:23:42.779 DATA REST  -5.773  -5.773  -5.773   -2.200  -2.201  -2.204   -3.572  -3.572  -3.569
2026-05-31 12:23:42.789 DATA REST  -6.212  -6.212  -6.212   -2.281  -2.281  -2.284   -3.931  -3.931  -3.928
2026-05-31 12:23:42.799 DATA REST  -6.588  -6.588  -6.588   -2.367  -2.367  -2.370   -4.222  -4.221  -4.218
2026-05-31 12:23:42.809 DATA REST  -6.275  -6.275  -6.275   -2.445  -2.445  -2.448   -3.830  -3.829  -3.827
2026-05-31 12:23:42.819 DATA REST  -6.275  -6.275  -6.275   -2.522  -2.522  -2.525   -3.753  -3.753  -3.750
2026-05-31 12:23:42.829 DATA REST  -6.086  -6.086  -6.086   -2.593  -2.593  -2.596   -3.494  -3.493  -3.491
2026-05-31 12:23:42.839 DATA REST  -6.149  -6.149  -6.149   -2.664  -2.664  -2.667   -3.485  -3.485  -3.482
2026-05-31 12:23:42.849 DATA REST  -6.149  -6.149  -6.149   -2.734  -2.734  -2.736   -3.415  -3.415  -3.413
2026-05-31 12:23:42.859 DATA REST  -5.710  -5.710  -5.710   -2.793  -2.793  -2.796   -2.917  -2.917  -2.914
2026-05-31 12:23:42.869 DATA REST  -5.522  -5.522  -5.522   -2.848  -2.848  -2.850   -2.674  -2.674  -2.671
2026-05-31 12:23:42.879 DATA REST  -5.208  -5.208  -5.208   -2.895  -2.895  -2.898   -2.313  -2.313  -2.310
2026-05-31 12:23:42.889 DATA REST  -5.333  -5.333  -5.333   -2.944  -2.944  -2.946   -2.390  -2.390  -2.387
2026-05-31 12:23:42.899 DATA REST  -5.773  -5.773  -5.773   -3.000  -3.001  -3.003   -2.772  -2.772  -2.770
2026-05-31 12:23:42.934 DATA REST  -7.028  -7.028  -7.028   -3.081  -3.081  -3.083   -3.947  -3.946  -3.944
2026-05-31 12:23:42.944 DATA REST  -6.777  -6.777  -6.777   -3.155  -3.155  -3.157   -3.622  -3.622  -3.619
2026-05-31 12:23:42.954 DATA REST  -6.651  -6.588  -6.588   -3.225  -3.224  -3.226   -3.426  -3.365  -3.363
2026-05-31 12:23:42.964 DATA REST  -6.275  -6.275  -6.275   -3.286  -3.285  -3.287   -2.989  -2.990  -2.988
2026-05-31 12:23:42.974 DATA REST  -5.835  -5.835  -5.835   -3.337  -3.336  -3.338   -2.499  -2.500  -2.498
2026-05-31 12:23:42.984 DATA REST  -5.522  -5.522  -5.522   -3.380  -3.379  -3.381   -2.141  -2.142  -2.140
2026-05-31 12:23:42.994 DATA REST  -4.769  -4.769  -4.769   -3.408  -3.407  -3.409   -1.361  -1.362  -1.360
2026-05-31 12:23:43.004 DATA REST  -4.267  -4.267  -4.267   -3.425  -3.424  -3.426   -0.841  -0.842  -0.840
2026-05-31 12:23:43.014 DATA REST  -4.079  -4.079  -4.079   -3.438  -3.437  -3.439   -0.640  -0.641  -0.639
2026-05-31 12:23:43.024 DATA REST  -4.141  -4.141  -4.141   -3.453  -3.452  -3.453   -0.689  -0.690  -0.688
2026-05-31 12:23:43.034 DATA REST  -4.518  -4.518  -4.518   -3.474  -3.473  -3.475   -1.044  -1.045  -1.043
2026-05-31 12:23:43.044 DATA REST  -5.081  -5.083  -5.083   -3.506  -3.505  -3.507   -1.575  -1.577  -1.576
2026-05-31 12:23:43.054 DATA REST  -5.208  -5.208  -5.208   -3.540  -3.539  -3.541   -1.668  -1.669  -1.667
2026-05-31 12:23:43.064 DATA REST  -5.271  -5.271  -5.271   -3.575  -3.574  -3.576   -1.696  -1.697  -1.695
2026-05-31 12:23:43.074 DATA REST  -5.020  -5.020  -5.020   -3.604  -3.603  -3.604   -1.416  -1.417  -1.415
2026-05-31 12:23:43.084 DATA REST  -5.145  -5.145  -5.145   -3.634  -3.634  -3.635   -1.511  -1.512  -1.510
2026-05-31 12:23:43.094 DATA REST  -5.522  -5.522  -5.522   -3.672  -3.671  -3.673   -1.850  -1.850  -1.849
2026-05-31 12:23:43.104 DATA REST  -5.333  -5.333  -5.333   -3.705  -3.705  -3.706   -1.628  -1.629  -1.627
2026-05-31 12:23:43.114 DATA REST  -5.522  -5.522  -5.522   -3.742  -3.741  -3.742   -1.780  -1.781  -1.779
2026-05-31 12:23:43.124 DATA REST  -5.710  -5.710  -5.710   -3.781  -3.780  -3.782   -1.929  -1.930  -1.928
2026-05-31 12:23:43.134 DATA REST  -5.459  -5.459  -5.459   -3.815  -3.814  -3.815   -1.644  -1.645  -1.644
2026-05-31 12:23:43.144 DATA REST  -5.145  -5.145  -5.145   -3.841  -3.840  -3.842   -1.304  -1.305  -1.303
2026-05-31 12:23:43.154 DATA REST  -5.522  -5.522  -5.522   -3.875  -3.874  -3.876   -1.647  -1.648  -1.646
2026-05-31 12:23:43.164 DATA REST  -5.459  -5.459  -5.459   -3.906  -3.906  -3.907   -1.553  -1.553  -1.552
2026-05-31 12:23:43.174 DATA REST  -5.584  -5.584  -5.584   -3.940  -3.939  -3.941   -1.644  -1.645  -1.644
2026-05-31 12:23:43.184 DATA REST  -5.333  -5.333  -5.333   -3.968  -3.967  -3.969   -1.366  -1.366  -1.365
2026-05-31 12:23:43.194 DATA REST  -5.271  -5.271  -5.271   -3.994  -3.993  -3.995   -1.277  -1.277  -1.276
2026-05-31 12:23:43.204 DATA REST  -5.396  -5.396  -5.396   -4.022  -4.021  -4.023   -1.374  -1.375  -1.374
2026-05-31 12:23:43.214 DATA REST  -5.396  -5.396  -5.396   -4.049  -4.049  -4.050   -1.347  -1.347  -1.346
2026-05-31 12:23:43.224 DATA REST  -6.086  -6.086  -6.086   -4.090  -4.090  -4.091   -1.996  -1.997  -1.996
2026-05-31 12:23:43.234 DATA REST  -6.337  -6.337  -6.337   -4.135  -4.135  -4.136   -2.202  -2.203  -2.202
2026-05-31 12:23:43.244 DATA REST  -6.588  -6.588  -6.588   -4.184  -4.184  -4.185   -2.404  -2.405  -2.404
2026-05-31 12:23:43.254 DATA REST  -6.400  -6.400  -6.400   -4.229  -4.228  -4.229   -2.172  -2.172  -2.171
2026-05-31 12:23:43.264 DATA REST  -6.086  -6.086  -6.086   -4.266  -4.265  -4.266   -1.821  -1.821  -1.820
2026-05-31 12:23:43.274 DATA REST  -6.275  -6.275  -6.275   -4.306  -4.305  -4.306   -1.969  -1.969  -1.968
2026-05-31 12:23:43.284 DATA REST  -6.212  -6.212  -6.212   -4.344  -4.343  -4.345   -1.868  -1.868  -1.867
2026-05-31 12:23:43.294 DATA REST  -5.898  -5.898  -5.898   -4.375  -4.375  -4.376   -1.523  -1.524  -1.523
2026-05-31 12:23:43.304 DATA REST  -5.773  -5.773  -5.773   -4.403  -4.403  -4.404   -1.370  -1.370  -1.369
2026-05-31 12:23:43.314 DATA REST  -4.894  -4.894  -4.894   -4.413  -4.412  -4.413   -0.481  -0.482  -0.481
2026-05-31 12:23:43.324 DATA REST  -5.083  -5.083  -5.083   -4.426  -4.426  -4.427   -0.656  -0.657  -0.656
2026-05-31 12:23:43.334 DATA REST  -5.083  -5.083  -5.083   -4.439  -4.439  -4.440   -0.643  -0.644  -0.643
2026-05-31 12:23:43.344 DATA REST  -5.396  -5.396  -5.396   -4.459  -4.458  -4.459   -0.938  -0.938  -0.937
2026-05-31 12:23:43.354 DATA REST  -5.898  -5.898  -6.523   -4.487  -4.487  -4.500   -1.411  -1.411  -2.023
2026-05-31 12:23:43.364 DATA REST  -6.839  -6.839  -6.839   -4.534  -4.534  -4.547   -2.305  -2.305  -2.292
2026-05-31 12:23:43.374 DATA REST  -6.965  -6.965  -6.965   -4.583  -4.583  -4.595   -2.382  -2.382  -2.369
2026-05-31 12:23:43.384 DATA REST  -6.902  -6.902  -6.902   -4.629  -4.629  -4.642   -2.273  -2.273  -2.260
2026-05-31 12:23:43.394 DATA REST  -6.588  -6.588  -6.588   -4.669  -4.668  -4.681   -1.920  -1.920  -1.908
2026-05-31 12:23:43.404 DATA REST  -6.400  -6.400  -6.400   -4.703  -4.703  -4.715   -1.697  -1.697  -1.685
2026-05-31 12:23:43.439 DATA REST  -7.341  -7.341  -7.341   -4.756  -4.756  -4.767   -2.585  -2.586  -2.574
2026-05-31 12:23:43.449 DATA REST  -7.216  -7.216  -7.216   -4.805  -4.805  -4.816   -2.411  -2.411  -2.399
2026-05-31 12:23:43.459 DATA REST  -7.404  -7.404  -7.404   -4.857  -4.857  -4.868   -2.547  -2.547  -2.536
2026-05-31 12:23:43.469 DATA REST  -5.773  -5.773  -5.773   -4.875  -4.875  -4.886   -0.897  -0.898  -0.886
2026-05-31 12:23:43.479 DATA REST  -3.388  -3.388  -3.388   -4.846  -4.845  -4.856    1.457   1.457   1.468
2026-05-31 12:23:43.489 DATA REST  -1.192  -1.192  -1.192   -4.773  -4.772  -4.783    3.580   3.580   3.591
2026-05-31 12:23:43.499 DATA REST  -1.067  -1.067  -1.067   -4.699  -4.698  -4.709    3.632   3.631   3.642
2026-05-31 12:23:43.509 DATA REST  -3.890  -3.890  -3.890   -4.682  -4.682  -4.692    0.792   0.792   0.802
2026-05-31 12:23:43.519 DATA REST   6.776   6.776   6.776   -4.453  -4.453  -4.463   11.230  11.229  11.239
2026-05-31 12:23:43.529 DATA REST   6.588   6.588   6.588   -4.232  -4.232  -4.242   10.820  10.820  10.830
2026-05-31 12:23:43.539 DATA REST   6.714   6.714   6.714   -4.013  -4.013  -4.023   10.727  10.727  10.736
2026-05-31 12:23:43.549 DATA REST   7.969   7.969   7.969   -3.774  -3.773  -3.783   11.742  11.742  11.752
2026-05-31 12:23:43.559 DATA REST  -4.141  -4.141  -4.141   -3.781  -3.781  -3.790   -0.360  -0.361  -0.351
2026-05-31 12:23:43.569 DATA REST  -3.577  -3.577  -3.577   -3.777  -3.777  -3.786    0.200   0.200   0.209
2026-05-31 12:23:43.579 DATA REST  -4.706  -4.706  -4.706   -3.796  -3.795  -3.804   -0.910  -0.911  -0.902
2026-05-31 12:23:43.589 DATA REST  -5.773  -5.773  -5.773   -3.835  -3.835  -3.844   -1.938  -1.938  -1.929
2026-05-31 12:23:43.599 DATA REST  -6.651  -6.651  -7.276   -3.891  -3.891  -3.912   -2.760  -2.760  -3.364
2026-05-31 12:23:43.609 DATA REST  -7.843  -7.843  -7.843   -3.971  -3.970  -3.991   -3.873  -3.873  -3.852
2026-05-31 12:23:43.619 DATA REST   7.467   7.467   7.467   -3.742  -3.741  -3.762   11.208  11.208  11.228
2026-05-31 12:23:43.629 DATA REST   7.027   7.027   7.027   -3.526  -3.526  -3.546   10.554  10.553  10.573
2026-05-31 12:23:43.639 DATA REST   6.839   6.839   6.839   -3.319  -3.319  -3.338   10.158  10.158  10.177
2026-05-31 12:23:43.649 DATA REST   7.090   7.090   7.090   -3.111  -3.111  -3.130   10.201  10.201  10.220
2026-05-31 12:23:43.659 DATA REST   7.718   7.718   7.718   -2.894  -2.894  -2.913   10.612  10.612  10.630
2026-05-31 12:23:43.669 DATA REST  -7.718  -7.718  -7.718   -2.991  -2.991  -3.009   -4.727  -4.727  -4.709
2026-05-31 12:23:43.679 DATA REST  -7.279  -7.279  -7.279   -3.077  -3.076  -3.094   -4.202  -4.202  -4.184
2026-05-31 12:23:43.689 DATA REST  -6.839  -6.839  -6.839   -3.152  -3.152  -3.169   -3.688  -3.688  -3.670
2026-05-31 12:23:43.699 DATA REST  -6.714  -6.714  -6.714   -3.223  -3.223  -3.240   -3.491  -3.491  -3.474
2026-05-31 12:23:43.709 DATA REST  -6.651  -6.651  -6.651   -3.292  -3.291  -3.308   -3.360  -3.360  -3.343
2026-05-31 12:23:43.719 DATA REST  -6.463  -6.463  -6.463   -3.355  -3.355  -3.371   -3.108  -3.108  -3.091
2026-05-31 12:23:43.729 DATA REST  -6.463  -6.463  -6.463   -3.417  -3.417  -3.433   -3.046  -3.046  -3.030
2026-05-31 12:23:43.739 DATA REST  -6.024  -6.024  -6.024   -3.469  -3.469  -3.485   -2.554  -2.555  -2.539
2026-05-31 12:23:43.749 DATA REST  -5.647  -5.647  -5.647   -3.513  -3.513  -3.528   -2.134  -2.135  -2.119
2026-05-31 12:23:43.759 DATA REST  -5.584  -5.584  -5.584   -3.554  -3.554  -3.569   -2.030  -2.030  -2.015
2026-05-31 12:23:43.769 DATA REST  -5.898  -5.898  -5.898   -3.601  -3.601  -3.616   -2.297  -2.297  -2.282
2026-05-31 12:23:43.779 DATA REST  -6.900  -6.902  -6.902   -3.667  -3.667  -3.682   -3.233  -3.235  -3.220
2026-05-31 12:23:43.789 DATA REST  -7.404  -7.404  -7.404   -3.742  -3.742  -3.756   -3.662  -3.662  -3.648
2026-05-31 12:23:43.799 DATA REST  -7.341  -7.341  -7.341   -3.814  -3.814  -3.828   -3.527  -3.528  -3.513
2026-05-31 12:23:43.809 DATA REST  -7.279  -7.279  -7.279   -3.883  -3.883  -3.897   -3.395  -3.396  -3.382
2026-05-31 12:23:43.819 DATA REST  -7.028  -7.028  -7.028   -3.946  -3.946  -3.959   -3.082  -3.082  -3.068
2026-05-31 12:23:43.829 DATA REST  -5.145  -5.145  -5.145   -3.970  -3.970  -3.983   -1.175  -1.175  -1.162
2026-05-31 12:23:43.839 DATA REST  -4.894  -4.894  -4.894   -3.989  -3.988  -4.001   -0.906  -0.906  -0.893
2026-05-31 12:23:43.849 DATA REST  -4.581  -4.581  -4.581   -4.000  -4.000  -4.013   -0.580  -0.580  -0.568
2026-05-31 12:23:43.859 DATA REST  -4.957  -4.957  -4.957   -4.020  -4.019  -4.032   -0.938  -0.938  -0.925
2026-05-31 12:23:43.869 DATA REST  -5.898  -5.898  -5.898   -4.057  -4.057  -4.069   -1.841  -1.841  -1.829
2026-05-31 12:23:43.879 DATA REST  -6.526  -6.526  -6.526   -4.106  -4.106  -4.118   -2.419  -2.419  -2.407
2026-05-31 12:23:43.889 DATA REST  -6.965  -6.965  -6.965   -4.164  -4.164  -4.175   -2.801  -2.801  -2.790
2026-05-31 12:23:43.899 DATA REST  -7.090  -7.090  -7.090   -4.222  -4.222  -4.234   -2.868  -2.868  -2.857
2026-05-31 12:23:43.909 DATA REST  -6.714  -6.714  -6.714   -4.272  -4.272  -4.283   -2.442  -2.442  -2.431
2026-05-31 12:23:43.943 DATA REST  -5.208  -5.208  -5.208   -4.291  -4.291  -4.302   -0.917  -0.917  -0.906
2026-05-31 12:23:43.953 DATA REST  -5.083  -5.083  -5.083   -4.307  -4.306  -4.317   -0.776  -0.776  -0.765
2026-05-31 12:23:43.963 DATA REST  -4.392  -4.392  -4.392   -4.308  -4.308  -4.319   -0.084  -0.084  -0.074
2026-05-31 12:23:43.973 DATA REST  -3.890  -3.890  -3.890   -4.300  -4.300  -4.310    0.410   0.409   0.420
2026-05-31 12:23:43.983 DATA REST  -4.016  -4.016  -4.141   -4.294  -4.294  -4.307    0.278   0.278   0.166
2026-05-31 12:23:43.993 DATA REST  -4.455  -4.455  -4.455   -4.297  -4.297  -4.310   -0.158  -0.158  -0.145
2026-05-31 12:23:44.003 DATA REST  -4.518  -4.518  -4.518   -4.302  -4.302  -4.314   -0.216  -0.216  -0.204
2026-05-31 12:23:44.013 DATA REST  -4.957  -4.957  -4.957   -4.315  -4.315  -4.327   -0.642  -0.642  -0.630
2026-05-31 12:23:44.023 DATA REST  -5.396  -5.396  -5.396   -4.337  -4.336  -4.348   -1.060  -1.060  -1.048
2026-05-31 12:23:44.033 DATA REST  -4.706  -4.706  -4.706   -4.344  -4.344  -4.355   -0.362  -0.362  -0.351
2026-05-31 12:23:44.043 DATA REST  -4.079  -4.079  -4.079   -4.339  -4.339  -4.350    0.260   0.260   0.271
2026-05-31 12:23:44.053 DATA REST  -3.765  -3.765  -3.765   -4.327  -4.327  -4.338    0.562   0.562   0.573
2026-05-31 12:23:44.063 DATA REST  -3.828  -3.828  -3.828   -4.317  -4.317  -4.328    0.490   0.489   0.500
2026-05-31 12:23:44.073 DATA REST  -3.765  -3.765  -3.639   -4.306  -4.306  -4.314    0.541   0.541   0.675
2026-05-31 12:23:44.083 DATA REST  -3.702  -3.702  -3.702   -4.294  -4.294  -4.302    0.592   0.592   0.600
2026-05-31 12:23:44.093 DATA REST  -3.702  -3.702  -3.702   -4.282  -4.282  -4.290    0.580   0.580   0.588
2026-05-31 12:23:44.103 DATA REST  -4.204  -4.204  -4.204   -4.281  -4.281  -4.288    0.077   0.076   0.084
2026-05-31 12:23:44.113 DATA REST  -4.330  -4.330  -4.330   -4.282  -4.282  -4.289   -0.048  -0.048  -0.041
2026-05-31 12:23:44.123 DATA REST  -4.769  -4.769  -4.769   -4.291  -4.291  -4.299   -0.477  -0.477  -0.470
2026-05-31 12:23:44.133 DATA REST  -4.581  -4.581  -4.581   -4.297  -4.297  -4.304   -0.283  -0.283  -0.276
2026-05-31 12:23:44.143 DATA REST  -4.455  -4.455  -4.455   -4.300  -4.300  -4.307   -0.155  -0.155  -0.148
2026-05-31 12:23:44.153 DATA REST  -4.204  -4.204  -4.204   -4.298  -4.298  -4.305    0.094   0.094   0.101
2026-05-31 12:23:44.163 DATA REST  -3.890  -3.702  -3.702   -4.290  -4.286  -4.293    0.400   0.584   0.591
2026-05-31 12:23:44.173 DATA REST  -3.765  -3.765  -3.765   -4.280  -4.276  -4.283    0.515   0.511   0.518
2026-05-31 12:23:44.183 DATA REST  -3.828  -3.828  -3.828   -4.271  -4.267  -4.273    0.443   0.439   0.446
2026-05-31 12:23:44.193 DATA REST  -3.639  -3.639  -3.639   -4.258  -4.254  -4.261    0.619   0.615   0.621
2026-05-31 12:23:44.203 DATA REST  -3.702  -3.702  -3.702   -4.247  -4.243  -4.250    0.545   0.541   0.547
2026-05-31 12:23:44.213 DATA REST  -4.204  -4.204  -4.204   -4.246  -4.243  -4.249    0.042   0.039   0.045
2026-05-31 12:23:44.223 DATA REST  -4.267  -4.267  -4.267   -4.247  -4.243  -4.249   -0.020  -0.024  -0.018
2026-05-31 12:23:44.233 DATA REST  -4.267  -4.267  -4.267   -4.247  -4.244  -4.249   -0.020  -0.023  -0.017
2026-05-31 12:23:44.243 DATA REST  -4.392  -4.392  -4.392   -4.250  -4.247  -4.252   -0.143  -0.146  -0.140
2026-05-31 12:23:44.253 DATA REST  -4.393  -4.392  -4.392   -4.253  -4.249  -4.255   -0.140  -0.143  -0.137
2026-05-31 12:23:44.263 DATA REST  -4.267  -4.267  -4.267   -4.253  -4.250  -4.255   -0.014  -0.017  -0.012
2026-05-31 12:23:44.273 DATA REST  -4.079  -4.079  -4.079   -4.249  -4.246  -4.252    0.171   0.168   0.173
2026-05-31 12:23:44.283 DATA REST  -4.079  -4.079  -4.079   -4.246  -4.243  -4.248    0.167   0.164   0.170
2026-05-31 12:23:44.293 DATA REST  -3.514  -3.514  -3.514   -4.231  -4.228  -4.234    0.718   0.715   0.720
2026-05-31 12:23:44.303 DATA REST  -2.322  -2.322  -2.322   -4.193  -4.190  -4.195    1.871   1.869   1.874
2026-05-31 12:23:44.313 DATA REST  -2.196  -2.196  -2.196   -4.153  -4.150  -4.155    1.957   1.954   1.959
2026-05-31 12:23:44.323 DATA REST  -2.447  -2.447  -2.447   -4.119  -4.116  -4.121    1.672   1.669   1.674
2026-05-31 12:23:44.333 DATA REST  -3.012  -3.012  -3.012   -4.097  -4.094  -4.099    1.085   1.082   1.087
2026-05-31 12:23:44.343 DATA REST  -5.083  -5.083  -5.083   -4.117  -4.114  -4.119   -0.966  -0.968  -0.964
2026-05-31 12:23:44.353 DATA REST  -5.584  -5.584  -5.584   -4.146  -4.143  -4.148   -1.438  -1.441  -1.436
2026-05-31 12:23:44.363 DATA REST  -5.522  -5.522  -5.522   -4.174  -4.171  -4.176   -1.348  -1.351  -1.346
2026-05-31 12:23:44.373 DATA REST  -5.271  -5.271  -5.271   -4.196  -4.193  -4.197   -1.075  -1.078  -1.073
2026-05-31 12:23:44.383 DATA REST  -4.079  -4.079  -4.079   -4.193  -4.191  -4.195    0.115   0.112   0.116
2026-05-31 12:23:44.393 DATA REST  -0.063  -0.063  -0.063   -4.111  -4.108  -4.112    4.048   4.045   4.049
2026-05-31 12:23:44.403 DATA REST   1.882   1.882   1.882   -3.991  -3.988  -3.993    5.873   5.871   5.875
2026-05-31 12:23:44.413 DATA REST   2.322   2.322   2.322   -3.865  -3.862  -3.866    6.186   6.184   6.188
2026-05-31 12:23:44.448 DATA REST  -5.333  -5.333  -5.333   -3.894  -3.892  -3.896   -1.440  -1.442  -1.438
2026-05-31 12:23:44.458 DATA REST  -4.455  -4.455  -4.455   -3.905  -3.903  -3.907   -0.550  -0.552  -0.548
2026-05-31 12:23:44.468 DATA REST  -2.008  -2.008  -2.008   -3.867  -3.865  -3.869    1.859   1.857   1.861
2026-05-31 12:23:44.478 DATA REST  -0.377  -0.377  -0.377   -3.797  -3.795  -3.799    3.421   3.419   3.422
2026-05-31 12:23:44.488 DATA REST  -0.690  -0.690  -0.690   -3.735  -3.733  -3.737    3.045   3.043   3.046
2026-05-31 12:23:44.498 DATA REST  -3.007  -3.012  -3.012   -3.721  -3.719  -3.722    0.714   0.707   0.710
2026-05-31 12:23:44.508 DATA REST  -3.702  -3.702  -3.702   -3.720  -3.718  -3.722    0.018   0.016   0.020
2026-05-31 12:23:44.518 DATA REST  -3.577  -3.577  -3.577   -3.717  -3.716  -3.719    0.141   0.139   0.142
2026-05-31 12:23:44.528 DATA REST  -2.698  -2.698  -2.698   -3.697  -3.695  -3.699    0.999   0.997   1.000
2026-05-31 12:23:44.538 DATA REST  -2.071  -2.071  -2.071   -3.664  -3.663  -3.666    1.594   1.592   1.595
2026-05-31 12:23:44.548 DATA REST  -2.635  -2.635  -2.635   -3.644  -3.642  -3.645    1.008   1.007   1.010
2026-05-31 12:23:44.558 DATA REST  -2.698  -2.698  -2.698   -3.625  -3.623  -3.626    0.927   0.925   0.928
2026-05-31 12:23:44.568 DATA REST  -2.886  -2.886  -2.886   -3.610  -3.609  -3.612    0.724   0.722   0.725
2026-05-31 12:23:44.578 DATA REST  -2.510  -2.510  -2.510   -3.588  -3.587  -3.590    1.078   1.077   1.080
2026-05-31 12:23:44.588 DATA REST  -1.757  -1.757  -1.757   -3.552  -3.550  -3.553    1.795   1.793   1.796
2026-05-31 12:23:44.598 DATA REST  -1.757  -1.757  -1.757   -3.516  -3.514  -3.517    1.759   1.757   1.760
2026-05-31 12:23:44.608 DATA REST  -2.385  -2.385  -2.385   -3.493  -3.492  -3.494    1.109   1.107   1.110
2026-05-31 12:23:44.618 DATA REST  -3.075  -3.075  -3.075   -3.485  -3.483  -3.486    0.410   0.408   0.411
2026-05-31 12:23:44.628 DATA REST  -3.451  -3.451  -3.451   -3.484  -3.483  -3.485    0.033   0.031   0.034
2026-05-31 12:23:44.638 DATA REST  -2.573  -2.573  -2.573   -3.466  -3.464  -3.467    0.893   0.892   0.894
2026-05-31 12:23:44.648 DATA REST  -2.008  -2.008  -2.008   -3.437  -3.435  -3.438    1.429   1.427   1.430
2026-05-31 12:23:44.658 DATA REST  -0.941  -0.941  -0.941   -3.387  -3.385  -3.388    2.445   2.444   2.447
2026-05-31 12:23:44.668 DATA REST  -0.251  -0.251  -0.251   -3.324  -3.323  -3.325    3.073   3.071   3.074
2026-05-31 12:23:44.678 DATA REST   0.878   0.878   0.878   -3.240  -3.239  -3.241    4.118   4.117   4.120
2026-05-31 12:23:44.688 DATA REST   1.004   1.004   1.004   -3.155  -3.154  -3.156    4.159   4.158   4.160
2026-05-31 12:23:44.698 DATA REST   0.502   0.502   0.502   -3.082  -3.081  -3.083    3.584   3.583   3.585
2026-05-31 12:23:44.708 DATA REST  -0.126  -0.126  -0.126   -3.023  -3.022  -3.024    2.897   2.896   2.898
2026-05-31 12:23:44.718 DATA REST  -1.130  -1.130  -1.130   -2.985  -2.984  -2.986    1.855   1.854   1.856
2026-05-31 12:23:44.728 DATA REST  -1.443  -1.443  -1.443   -2.954  -2.953  -2.955    1.511   1.510   1.512
2026-05-31 12:23:44.738 DATA REST  -1.506  -1.506  -1.506   -2.925  -2.924  -2.926    1.419   1.418   1.420
2026-05-31 12:23:44.748 DATA REST  -1.506  -1.506  -1.506   -2.897  -2.896  -2.898    1.391   1.390   1.392
2026-05-31 12:23:44.758 DATA REST  -1.318  -1.318  -1.318   -2.865  -2.864  -2.866    1.547   1.546   1.548
2026-05-31 12:23:44.768 DATA REST  -0.690  -0.690  -0.690   -2.822  -2.821  -2.823    2.131   2.130   2.132
2026-05-31 12:23:44.778 DATA REST  -0.690  -0.690  -0.690   -2.779  -2.778  -2.780    2.089   2.088   2.090
2026-05-31 12:23:44.788 DATA REST  -1.130  -1.130  -1.130   -2.746  -2.745  -2.747    1.616   1.615   1.617
2026-05-31 12:23:44.798 DATA REST  -1.318  -1.318  -1.318   -2.718  -2.716  -2.718    1.400   1.399   1.401
2026-05-31 12:23:44.808 DATA REST  -1.694  -1.694  -1.694   -2.697  -2.696  -2.698    1.003   1.002   1.004
2026-05-31 12:23:44.818 DATA REST  -2.134  -2.134  -2.134   -2.686  -2.685  -2.687    0.552   0.551   0.553
2026-05-31 12:23:44.828 DATA REST  -1.757  -1.757  -1.757   -2.667  -2.666  -2.668    0.910   0.909   0.911
2026-05-31 12:23:44.838 DATA REST  -1.318  -1.318  -1.318   -2.640  -2.639  -2.641    1.322   1.321   1.323
2026-05-31 12:23:44.848 DATA REST  -0.565  -0.565  -0.565   -2.599  -2.598  -2.600    2.034   2.033   2.035
2026-05-31 12:23:44.858 DATA REST  -0.126  -0.126  -0.126   -2.549  -2.548  -2.550    2.424   2.423   2.424
2026-05-31 12:23:44.868 DATA REST  -0.188  -0.188  -0.188   -2.502  -2.501  -2.503    2.314   2.313   2.314
2026-05-31 12:23:44.878 DATA REST  -0.063  -0.063  -0.063   -2.453  -2.452  -2.454    2.390   2.389   2.391
2026-05-31 12:23:44.888 DATA REST  -0.377  -0.377  -0.377   -2.412  -2.411  -2.413    2.035   2.034   2.036
2026-05-31 12:23:44.898 DATA REST  -0.063  -0.063  -0.000   -2.365  -2.364  -2.364    2.302   2.301   2.364
2026-05-31 12:23:44.908 DATA REST   0.125   0.125   0.125   -2.315  -2.314  -2.314    2.440   2.440   2.440
2026-05-31 12:23:44.918 DATA REST   0.251   0.251   0.251   -2.264  -2.263  -2.263    2.515   2.514   2.514
2026-05-31 12:23:44.953 DATA REST   0.063   0.063   0.063   -2.217  -2.216  -2.217    2.280   2.279   2.279
2026-05-31 12:23:44.963 DATA REST   0.816   0.816   0.816   -2.156  -2.156  -2.156    2.972   2.971   2.972
2026-05-31 12:23:44.973 DATA REST   1.757   1.757   1.757   -2.078  -2.077  -2.078    3.835   3.834   3.835
2026-05-31 12:23:44.983 DATA REST   1.631   1.631   1.631   -2.004  -2.003  -2.004    3.635   3.635   3.635
2026-05-31 12:23:44.993 DATA REST   1.192   1.192   1.192   -1.940  -1.939  -1.940    3.132   3.131   3.132
2026-05-31 12:23:45.003 DATA REST   0.816   0.816   0.816   -1.885  -1.884  -1.885    2.701   2.700   2.700
2026-05-31 12:23:45.013 DATA REST   0.188   0.188   0.188   -1.844  -1.843  -1.843    2.032   2.031   2.031
2026-05-31 12:23:45.023 DATA REST   0.125   0.125   0.125   -1.804  -1.803  -1.804    1.930   1.929   1.929
2026-05-31 12:23:45.033 DATA REST  -0.000  -0.000  -0.000   -1.768  -1.767  -1.768    1.768   1.767   1.767
2026-05-31 12:23:45.043 DATA REST   0.125   0.125   0.125   -1.730  -1.730  -1.730    1.856   1.855   1.855
2026-05-31 12:23:45.053 DATA REST   1.004   1.004   1.004   -1.676  -1.675  -1.675    2.679   2.679   2.679
2026-05-31 12:23:45.063 DATA REST   0.627   0.627   0.627   -1.629  -1.629  -1.629    2.257   2.256   2.257
2026-05-31 12:23:45.073 DATA REST   0.690   0.690   0.690   -1.583  -1.582  -1.583    2.273   2.273   2.273
2026-05-31 12:23:45.083 DATA REST   0.690   0.690   0.690   -1.538  -1.537  -1.537    2.228   2.227   2.227
2026-05-31 12:23:45.093 DATA REST   0.627   0.627   0.627   -1.494  -1.494  -1.494    2.122   2.121   2.121
2026-05-31 12:23:45.103 DATA REST   0.063   0.063   0.063   -1.463  -1.463  -1.463    1.526   1.525   1.526
2026-05-31 12:23:45.113 DATA REST   0.000   0.000   0.000   -1.434  -1.433  -1.434    1.434   1.433   1.434
2026-05-31 12:23:45.123 DATA REST   0.314   0.314   0.314   -1.399  -1.398  -1.399    1.713   1.712   1.712
2026-05-31 12:23:45.133 DATA REST   0.251   0.251   0.251   -1.366  -1.365  -1.366    1.617   1.616   1.617
2026-05-31 12:23:45.143 DATA REST   0.063   0.063   0.000   -1.337  -1.337  -1.338    1.400   1.400   1.339
2026-05-31 12:23:45.153 DATA REST   0.125   0.125   0.125   -1.308  -1.308  -1.309    1.434   1.433   1.434
2026-05-31 12:23:45.163 DATA REST  -0.000  -0.000  -0.000   -1.282  -1.281  -1.283    1.282   1.281   1.283
2026-05-31 12:23:45.173 DATA REST  -0.753  -0.753  -0.753   -1.271  -1.271  -1.272    0.518   0.518   0.519
2026-05-31 12:23:45.183 DATA REST  -1.694  -1.694  -1.694   -1.280  -1.279  -1.281   -0.414  -0.415  -0.414
2026-05-31 12:23:45.193 DATA REST  -1.757  -1.757  -1.757   -1.289  -1.289  -1.290   -0.468  -0.468  -0.467
2026-05-31 12:23:45.203 DATA REST  -0.941  -0.941  -0.941   -1.282  -1.282  -1.283    0.341   0.341   0.342
2026-05-31 12:23:45.213 DATA REST   0.063   0.063   0.063   -1.256  -1.255  -1.256    1.318   1.318   1.319
2026-05-31 12:23:45.223 DATA REST   1.757   1.757   1.757   -1.195  -1.195  -1.196    2.952   2.952   2.953
2026-05-31 12:23:45.233 DATA REST   3.325   3.325   4.831   -1.105  -1.104  -1.076    4.430   4.430   5.907
2026-05-31 12:23:45.243 DATA REST   4.894   4.894   4.894   -0.985  -0.984  -0.956    5.879   5.878   5.850
2026-05-31 12:23:45.253 DATA REST   3.012   3.012   3.012   -0.905  -0.905  -0.877    3.917   3.916   3.888
2026-05-31 12:23:45.263 DATA REST   0.125   0.125   0.125   -0.884  -0.884  -0.857    1.010   1.009   0.982
2026-05-31 12:23:45.273 DATA REST  -2.196  -2.196  -2.196   -0.911  -0.910  -0.884   -1.286  -1.286  -1.313
2026-05-31 12:23:45.283 DATA REST  -2.698  -2.698  -2.698   -0.946  -0.946  -0.920   -1.752  -1.752  -1.778
2026-05-31 12:23:45.293 DATA REST  -0.753  -0.753  -0.753   -0.942  -0.942  -0.916    0.189   0.189   0.163
2026-05-31 12:23:45.303 DATA REST   2.259   2.259   2.259   -0.878  -0.878  -0.853    3.137   3.137   3.112
2026-05-31 12:23:45.313 DATA REST   4.016   4.016   4.016   -0.781  -0.780  -0.756    4.796   4.796   4.771
2026-05-31 12:23:45.323 DATA REST   3.702   1.569   1.569   -0.691  -0.733  -0.709    4.393   2.302   2.278
2026-05-31 12:23:45.333 DATA REST  -0.314  -0.314  -0.314   -0.683  -0.725  -0.701    0.369   0.411   0.387
2026-05-31 12:23:45.343 DATA REST  -0.879  -0.879  -0.879   -0.687  -0.728  -0.705   -0.191  -0.151  -0.174
2026-05-31 12:23:45.353 DATA REST  -0.251  -0.251  -0.251   -0.679  -0.718  -0.696    0.427   0.467   0.444
2026-05-31 12:23:45.363 DATA REST   0.627   0.627   0.627   -0.652  -0.691  -0.669    1.280   1.319   1.297
2026-05-31 12:23:45.373 DATA REST   0.627   0.627   0.627   -0.627  -0.665  -0.643    1.254   1.292   1.271
2026-05-31 12:23:45.383 DATA REST   0.314   0.314   0.314   -0.608  -0.645  -0.624    0.922   0.959   0.938
2026-05-31 12:23:45.384 PROMPT shake_start cycle=2
2026-05-31 12:23:45.418 DATA SHAKE   0.816   0.816   0.816   -0.580  -0.616  -0.595    1.395   1.432   1.411
2026-05-31 12:23:45.428 DATA SHAKE   0.502   0.502   0.502   -0.558  -0.594  -0.573    1.060   1.096   1.075
2026-05-31 12:23:45.438 DATA SHAKE  -1.255  -1.255  -1.255   -0.572  -0.607  -0.587   -0.683  -0.648  -0.668
2026-05-31 12:23:45.448 DATA SHAKE  -1.820  -1.820  -1.820   -0.597  -0.631  -0.612   -1.223  -1.188  -1.208
2026-05-31 12:23:45.458 DATA SHAKE  -2.071  -2.071  -2.071   -0.626  -0.660  -0.641   -1.444  -1.411  -1.430
2026-05-31 12:23:45.468 DATA SHAKE  -2.008  -2.008  -2.008   -0.654  -0.687  -0.668   -1.354  -1.321  -1.340
2026-05-31 12:23:45.478 DATA SHAKE  -1.443  -1.443  -0.690   -0.670  -0.702  -0.669   -0.774  -0.741  -0.022
2026-05-31 12:23:45.488 DATA SHAKE   0.000   0.000   0.000   -0.656  -0.688  -0.655    0.656   0.688   0.655
2026-05-31 12:23:45.498 DATA SHAKE   0.627   0.627   0.627   -0.631  -0.662  -0.630    1.258   1.289   1.257
2026-05-31 12:23:45.508 DATA SHAKE   1.318   1.318   1.318   -0.592  -0.622  -0.591    1.909   1.940   1.908
2026-05-31 12:23:45.518 DATA SHAKE   1.255   1.255   1.255   -0.555  -0.585  -0.554    1.810   1.840   1.809
2026-05-31 12:23:45.528 DATA SHAKE   1.443   1.443   1.443   -0.515  -0.544  -0.514    1.958   1.987   1.957
2026-05-31 12:23:45.538 DATA SHAKE   1.380   1.380   1.380   -0.477  -0.506  -0.476    1.857   1.886   1.856
2026-05-31 12:23:45.548 DATA SHAKE   1.318   1.318   1.318   -0.441  -0.469  -0.440    1.759   1.787   1.758
2026-05-31 12:23:45.558 DATA SHAKE   0.314   0.314   0.314   -0.426  -0.454  -0.425    0.740   0.767   0.739
2026-05-31 12:23:45.568 DATA SHAKE  -0.063   0.062   0.000   -0.419  -0.443  -0.417    0.356   0.505   0.417
2026-05-31 12:23:45.578 DATA SHAKE   0.000   0.000   0.000   -0.410  -0.434  -0.408    0.410   0.434   0.408
2026-05-31 12:23:45.588 DATA SHAKE   0.314   0.314   0.314   -0.396  -0.419  -0.394    0.710   0.733   0.707
2026-05-31 12:23:45.598 DATA SHAKE   0.502   0.502   0.502   -0.378  -0.401  -0.376    0.880   0.903   0.878
2026-05-31 12:23:45.608 DATA SHAKE   0.627   0.627   0.627   -0.358  -0.380  -0.356    0.985   1.008   0.983
2026-05-31 12:23:45.618 DATA SHAKE  -0.063  -0.063  -0.063   -0.352  -0.374  -0.350    0.289   0.311   0.287
2026-05-31 12:23:45.628 DATA SHAKE  -1.004  -1.004  -1.004   -0.365  -0.387  -0.363   -0.639  -0.617  -0.641
2026-05-31 12:23:45.638 DATA SHAKE  -1.130  -1.130  -1.130   -0.380  -0.402  -0.378   -0.749  -0.728  -0.751
2026-05-31 12:23:45.648 DATA SHAKE  -1.067  -1.067  -1.067   -0.394  -0.415  -0.392   -0.673  -0.652  -0.675
2026-05-31 12:23:45.658 DATA SHAKE  -0.880  -0.879  -0.879   -0.404  -0.424  -0.402   -0.476  -0.455  -0.477
2026-05-31 12:23:45.668 DATA SHAKE  -0.063  -0.063  -0.063   -0.397  -0.417  -0.395    0.334   0.354   0.332
2026-05-31 12:23:45.678 DATA SHAKE   0.941   0.941   0.941   -0.370  -0.390  -0.368    1.311   1.331   1.309
2026-05-31 12:23:45.688 DATA SHAKE   1.757   1.757   1.757   -0.328  -0.347  -0.326    2.084   2.104   2.083
2026-05-31 12:23:45.698 DATA SHAKE   1.882   1.882   1.882   -0.283  -0.302  -0.282    2.166   2.185   2.164
2026-05-31 12:23:45.708 DATA SHAKE   1.882   1.882   1.882   -0.240  -0.259  -0.238    2.122   2.141   2.121
2026-05-31 12:23:45.718 DATA SHAKE   1.569   1.569   1.569   -0.204  -0.222  -0.202    1.772   1.791   1.771
2026-05-31 12:23:45.728 DATA SHAKE   1.318   1.318   1.318   -0.173  -0.191  -0.172    1.491   1.509   1.489
2026-05-31 12:23:45.738 DATA SHAKE   1.255   1.255   1.255   -0.145  -0.162  -0.143    1.400   1.417   1.398
2026-05-31 12:23:45.748 DATA SHAKE   1.004   1.004   1.004   -0.122  -0.139  -0.120    1.126   1.143   1.124
2026-05-31 12:23:45.758 DATA SHAKE   1.192   1.192   1.192   -0.096  -0.112  -0.094    1.288   1.304   1.286
2026-05-31 12:23:45.768 DATA SHAKE   1.192   1.192   1.192   -0.070  -0.086  -0.068    1.262   1.278   1.261
2026-05-31 12:23:45.778 DATA SHAKE   1.004   1.004   1.004   -0.048  -0.064  -0.047    1.052   1.068   1.051
2026-05-31 12:23:45.788 DATA SHAKE   1.631   1.631   1.631   -0.015  -0.031  -0.013    1.646   1.662   1.645
2026-05-31 12:23:45.798 DATA SHAKE   3.200   3.200   3.200    0.050   0.034   0.051    3.150   3.166   3.149
2026-05-31 12:23:45.808 DATA SHAKE   1.380   1.380   1.380    0.076   0.061   0.077    1.304   1.319   1.303
2026-05-31 12:23:45.818 DATA SHAKE   2.949   2.949   2.949    0.134   0.119   0.135    2.815   2.830   2.814
2026-05-31 12:23:45.828 DATA SHAKE   3.890   3.890   3.890    0.209   0.194   0.210    3.681   3.696   3.680
2026-05-31 12:23:45.838 DATA SHAKE  -1.318  -1.318  -1.318    0.178   0.164   0.179   -1.496  -1.482  -1.497
2026-05-31 12:23:45.848 DATA SHAKE   6.651   6.651   6.651    0.308   0.294   0.309    6.343   6.357   6.342
2026-05-31 12:23:45.858 DATA SHAKE   5.647   5.647   5.647    0.414   0.401   0.416    5.233   5.246   5.231
2026-05-31 12:23:45.868 DATA SHAKE  -0.816  -0.816  -0.816    0.390   0.376   0.391   -1.206  -1.192  -1.207
2026-05-31 12:23:45.878 DATA SHAKE   1.945   1.945   1.945    0.421   0.408   0.422    1.524   1.537   1.523
2026-05-31 12:23:45.888 DATA SHAKE   6.651   6.651   6.651    0.546   0.533   0.547    6.105   6.118   6.104
2026-05-31 12:23:45.923 DATA SHAKE  -6.651  -6.651  -6.651    0.402   0.389   0.403   -7.053  -7.040  -7.054
2026-05-31 12:23:45.933 DATA SHAKE  -2.824  -2.824  -2.824    0.337   0.325   0.338   -3.161  -3.148  -3.162
2026-05-31 12:23:45.943 DATA SHAKE  -7.906  -7.906  -7.906    0.172   0.160   0.173   -8.078  -8.066  -8.079
2026-05-31 12:23:45.953 DATA SHAKE   0.753   0.753   0.753    0.184   0.172   0.185    0.569   0.581   0.568
2026-05-31 12:23:45.963 DATA SHAKE   2.008   2.008   2.008    0.220   0.209   0.221    1.787   1.799   1.786
2026-05-31 12:23:45.973 DATA SHAKE   7.780   7.780   7.780    0.372   0.360   0.373    7.409   7.420   7.408
2026-05-31 12:23:45.983 DATA SHAKE   0.376   0.376   0.376    0.372   0.360   0.373    0.005   0.016   0.004
2026-05-31 12:23:45.993 DATA SHAKE  -3.644  -3.639  -3.639    0.291   0.280   0.292   -3.935  -3.920  -3.932
2026-05-31 12:23:46.003 DATA SHAKE  -7.279  -7.279  -7.279    0.140   0.129   0.141   -7.418  -7.408  -7.420
2026-05-31 12:23:46.013 DATA SHAKE  -2.259  -2.259  -2.259    0.092   0.081   0.093   -2.351  -2.341  -2.352
2026-05-31 12:23:46.023 DATA SHAKE  -6.777  -6.777  -6.777   -0.045  -0.056  -0.044   -6.731  -6.721  -6.732
2026-05-31 12:23:46.033 DATA SHAKE  -4.079  -4.079  -4.079   -0.126  -0.136  -0.125   -3.953  -3.942  -3.953
2026-05-31 12:23:46.043 DATA SHAKE   5.396   5.396   5.396   -0.016  -0.025  -0.015    5.412   5.421   5.411
2026-05-31 12:23:46.053 DATA SHAKE  -7.216  -7.216  -7.216   -0.160  -0.169  -0.159   -7.056  -7.047  -7.057
2026-05-31 12:23:46.063 DATA SHAKE   2.259   2.259   2.259   -0.111  -0.121  -0.110    2.370   2.380   2.369
2026-05-31 12:23:46.073 DATA SHAKE   1.882   1.882   1.882   -0.071  -0.081  -0.071    1.954   1.963   1.953
2026-05-31 12:23:46.083 DATA SHAKE  -6.086  -6.086  -6.086   -0.192  -0.201  -0.191   -5.895  -5.886  -5.896
2026-05-31 12:23:46.093 DATA SHAKE  -4.267  -4.267  -4.267   -0.273  -0.282  -0.272   -3.994  -3.985  -3.994
2026-05-31 12:23:46.103 DATA SHAKE   4.894   4.894   4.894   -0.170  -0.179  -0.169    5.064   5.073   5.063
2026-05-31 12:23:46.113 DATA SHAKE   2.071   2.071   2.071   -0.125  -0.134  -0.124    2.196   2.204   2.195
2026-05-31 12:23:46.123 DATA SHAKE   2.698   2.698   2.698   -0.069  -0.077  -0.068    2.767   2.775   2.766
2026-05-31 12:23:46.133 DATA SHAKE  -1.192  -1.192  -1.192   -0.091  -0.099  -0.090   -1.101  -1.093  -1.102
2026-05-31 12:23:46.143 DATA SHAKE   4.894   4.894   4.894    0.009   0.001   0.009    4.885   4.893   4.885
2026-05-31 12:23:46.153 DATA SHAKE  -1.130  -1.130  -1.130   -0.014  -0.022  -0.013   -1.115  -1.108  -1.116
2026-05-31 12:23:46.163 DATA SHAKE  -7.655  -7.655  -7.655   -0.167  -0.175  -0.166   -7.488  -7.480  -7.489
2026-05-31 12:23:46.173 DATA SHAKE  -7.467  -7.467  -7.467   -0.313  -0.321  -0.312   -7.154  -7.146  -7.155
2026-05-31 12:23:46.183 DATA SHAKE   7.843   7.843   7.843   -0.150  -0.157  -0.149    7.993   8.000   7.992
2026-05-31 12:23:46.193 DATA SHAKE  -2.635  -2.635  -2.635   -0.200  -0.207  -0.199   -2.436  -2.429  -2.437
2026-05-31 12:23:46.203 DATA SHAKE  -5.835  -5.835  -5.835   -0.312  -0.319  -0.312   -5.523  -5.516  -5.524
2026-05-31 12:23:46.213 DATA SHAKE  -2.196  -2.196  -2.196   -0.350  -0.357  -0.349   -1.846  -1.839  -1.847
2026-05-31 12:23:46.223 DATA SHAKE   0.941   0.941   0.941   -0.324  -0.331  -0.323    1.265   1.272   1.265
2026-05-31 12:23:46.233 DATA SHAKE  -0.753  -0.753  -0.753   -0.333  -0.339  -0.332   -0.420  -0.414  -0.421
2026-05-31 12:23:46.243 DATA SHAKE  -4.581  -4.581  -4.581   -0.418  -0.424  -0.417   -4.163  -4.156  -4.164
2026-05-31 12:23:46.253 DATA SHAKE   4.580   4.580   4.580   -0.318  -0.324  -0.317    4.898   4.904   4.897
2026-05-31 12:23:46.263 DATA SHAKE   3.827   3.827   3.827   -0.235  -0.241  -0.234    4.062   4.068   4.062
2026-05-31 12:23:46.273 DATA SHAKE   3.263   3.263   3.263   -0.165  -0.171  -0.164    3.428   3.434   3.427
2026-05-31 12:23:46.283 DATA SHAKE  -3.702  -3.702  -3.702   -0.236  -0.242  -0.235   -3.467  -3.460  -3.467
2026-05-31 12:23:46.293 DATA SHAKE   7.655   7.655   7.655   -0.078  -0.084  -0.077    7.733   7.739   7.732
2026-05-31 12:23:46.303 DATA SHAKE  -5.773  -5.773  -5.773   -0.192  -0.198  -0.191   -5.581  -5.575  -5.582
2026-05-31 12:23:46.313 DATA SHAKE   2.635   2.635   2.635   -0.135  -0.141  -0.135    2.770   2.776   2.770
2026-05-31 12:23:46.323 DATA SHAKE  -1.192  -1.192  -1.192   -0.156  -0.162  -0.156   -1.036  -1.031  -1.037
2026-05-31 12:23:46.333 DATA SHAKE   7.592   7.592   7.592   -0.001  -0.007  -0.001    7.593   7.599   7.593
2026-05-31 12:23:46.343 DATA SHAKE   2.259   2.259   2.259    0.044   0.039   0.044    2.215   2.220   2.214
2026-05-31 12:23:46.353 DATA SHAKE   2.008   2.008   2.008    0.083   0.078   0.084    1.925   1.930   1.924
2026-05-31 12:23:46.363 DATA SHAKE  -3.075  -3.075  -3.075    0.020   0.015   0.020   -3.095  -3.090  -3.095
2026-05-31 12:23:46.373 DATA SHAKE  -2.573  -2.573  -2.573   -0.032  -0.037  -0.031   -2.541  -2.536  -2.541
2026-05-31 12:23:46.383 DATA SHAKE   1.067   1.067   1.067   -0.010  -0.015  -0.009    1.077   1.081   1.076
2026-05-31 12:23:46.393 DATA SHAKE   0.816   0.816  -4.643    0.007   0.002  -0.102    0.809   0.814  -4.541
2026-05-31 12:23:46.428 DATA SHAKE  -6.839  -6.839  -6.839   -0.130  -0.135  -0.237   -6.709  -6.704  -6.603
2026-05-31 12:23:46.438 DATA SHAKE   0.188   0.188   0.188   -0.124  -0.129  -0.228    0.312   0.317   0.417
2026-05-31 12:23:46.448 DATA SHAKE   1.820   1.820   1.820   -0.085  -0.090  -0.187    1.905   1.909   2.007
2026-05-31 12:23:46.458 DATA SHAKE   6.212   6.212   6.212    0.041   0.036  -0.059    6.171   6.175   6.271
2026-05-31 12:23:46.468 DATA SHAKE   2.698   2.698   2.698    0.094   0.090  -0.004    2.604   2.608   2.702
2026-05-31 12:23:46.478 DATA SHAKE  -2.196  -2.196  -2.196    0.048   0.044  -0.048   -2.245  -2.240  -2.148
2026-05-31 12:23:46.488 DATA SHAKE  -1.318  -1.318  -1.318    0.021   0.017  -0.073   -1.339  -1.335  -1.244
2026-05-31 12:23:46.498 DATA SHAKE  -2.510  -2.510  -2.510   -0.030  -0.034  -0.122   -2.480  -2.476  -2.388
2026-05-31 12:23:46.508 DATA SHAKE  -6.212  -6.212  -6.212   -0.153  -0.157  -0.244   -6.059  -6.055  -5.968
2026-05-31 12:23:46.518 DATA SHAKE   5.898   5.898   5.898   -0.032  -0.036  -0.121    5.930   5.934   6.019
2026-05-31 12:23:46.528 DATA SHAKE  -1.192  -1.192  -1.192   -0.056  -0.059  -0.143   -1.137  -1.133  -1.050
2026-05-31 12:23:46.538 DATA SHAKE   1.004   1.004   1.004   -0.034  -0.038  -0.120    1.038   1.042   1.124
2026-05-31 12:23:46.548 DATA SHAKE  -1.004  -1.004  -1.004   -0.054  -0.057  -0.137   -0.950  -0.947  -0.867
2026-05-31 12:23:46.558 DATA SHAKE  -6.714  -6.714  -6.714   -0.187  -0.191  -0.269   -6.527  -6.523  -6.445
2026-05-31 12:23:46.568 DATA SHAKE   0.502   0.502   0.502   -0.173  -0.177  -0.253    0.675   0.679   0.755
2026-05-31 12:23:46.578 DATA SHAKE   0.376   0.376   0.376   -0.162  -0.166  -0.241    0.539   0.542   0.617
2026-05-31 12:23:46.588 DATA SHAKE  -3.263  -3.263  -3.263   -0.224  -0.228  -0.301   -3.039  -3.035  -2.962
2026-05-31 12:23:46.598 DATA SHAKE  -5.083  -5.083  -5.083   -0.321  -0.325  -0.397   -4.761  -4.758  -4.686
2026-05-31 12:23:46.608 DATA SHAKE   6.651   6.651   6.651   -0.182  -0.185  -0.256    6.833   6.836   6.907
2026-05-31 12:23:46.618 DATA SHAKE  -3.263  -3.263  -3.263   -0.244  -0.247  -0.316   -3.019  -3.016  -2.947
2026-05-31 12:23:46.628 DATA SHAKE   1.945   1.945   1.945   -0.200  -0.203  -0.271    2.145   2.148   2.216
2026-05-31 12:23:46.638 DATA SHAKE   5.835   5.835   3.514   -0.079  -0.082  -0.195    5.914   5.917   3.709
2026-05-31 12:23:46.648 DATA SHAKE  -5.522  -5.522  -5.522   -0.188  -0.191  -0.302   -5.334  -5.331  -5.220
2026-05-31 12:23:46.658 DATA SHAKE  -6.024  -6.024  -6.024   -0.305  -0.308  -0.416   -5.719  -5.716  -5.608
2026-05-31 12:23:46.668 DATA SHAKE   6.776   6.776   6.776   -0.163  -0.166  -0.272    6.939   6.942   7.049
2026-05-31 12:23:46.678 DATA SHAKE  -2.949  -2.949  -2.949   -0.219  -0.222  -0.326   -2.730  -2.728  -2.623
2026-05-31 12:23:46.688 DATA SHAKE  -1.506  -1.506  -1.506   -0.244  -0.247  -0.349   -1.262  -1.259  -1.157
2026-05-31 12:23:46.698 DATA SHAKE   4.078   4.078   4.078   -0.158  -0.161  -0.261    4.236   4.239   4.339
2026-05-31 12:23:46.708 DATA SHAKE   0.690   0.690   0.690   -0.141  -0.144  -0.242    0.831   0.834   0.932
2026-05-31 12:23:46.718 DATA SHAKE   2.322   2.322   2.322   -0.092  -0.094  -0.191    2.413   2.416   2.512
2026-05-31 12:23:46.728 DATA SHAKE  -4.769   6.044   6.023   -0.185   0.028  -0.066   -4.583   6.015   6.090
2026-05-31 12:23:46.738 DATA SHAKE  -1.067  -1.067  -1.067   -0.203   0.006  -0.086   -0.864  -1.073  -0.981
2026-05-31 12:23:46.748 DATA SHAKE   2.886   2.886   2.886   -0.141   0.064  -0.027    3.027   2.822   2.913
2026-05-31 12:23:46.758 DATA SHAKE  -2.510  -2.510  -2.510   -0.189   0.013  -0.077   -2.321  -2.523  -2.433
2026-05-31 12:23:46.768 DATA SHAKE  -3.075  -3.075  -3.075   -0.246  -0.049  -0.137   -2.828  -3.025  -2.938
2026-05-31 12:23:46.778 DATA SHAKE   5.271   5.271   5.271   -0.136   0.057  -0.028    5.406   5.213   5.299
2026-05-31 12:23:46.788 DATA SHAKE   1.882   1.882   1.882   -0.096   0.094   0.010    1.978   1.789   1.872
2026-05-31 12:23:46.798 DATA SHAKE   6.902   6.902   6.902    0.044   0.230   0.148    6.858   6.672   6.754
2026-05-31 12:23:46.808 DATA SHAKE  -3.639  -3.639  -3.639   -0.029   0.152   0.072   -3.610  -3.792  -3.711
2026-05-31 12:23:46.818 DATA SHAKE   6.839   5.898   5.898    0.108   0.267   0.188    6.731   5.631   5.709
2026-05-31 12:23:46.828 DATA SHAKE  -3.200  -3.200  -3.200    0.042   0.198   0.121   -3.242  -3.398  -3.321
2026-05-31 12:23:46.838 DATA SHAKE   5.396   5.396   5.396    0.149   0.302   0.226    5.247   5.094   5.170
2026-05-31 12:23:46.848 DATA SHAKE  -0.314  -0.314  -0.314    0.140   0.290   0.215   -0.454  -0.604  -0.529
2026-05-31 12:23:46.858 DATA SHAKE  -3.326  -3.326  -3.326    0.070   0.217   0.145   -3.396  -3.543  -3.470
2026-05-31 12:23:46.868 DATA SHAKE   3.451   3.451   3.451    0.138   0.282   0.211    3.313   3.169   3.240
2026-05-31 12:23:46.878 DATA SHAKE  -2.385  -2.385  -2.385    0.088   0.229   0.159   -2.472  -2.613  -2.543
2026-05-31 12:23:46.888 DATA SHAKE  -4.581  -4.581  -4.581   -0.006   0.132   0.064   -4.575  -4.713  -4.645
2026-05-31 12:23:46.898 DATA SHAKE   4.455   4.455   4.455    0.083   0.219   0.152    4.371   4.236   4.303
2026-05-31 12:23:46.933 DATA SHAKE   5.396   5.396   5.396    0.190   0.322   0.257    5.206   5.074   5.139
2026-05-31 12:23:46.943 DATA SHAKE   6.400   6.400   6.400    0.314   0.444   0.380    6.086   5.956   6.020
2026-05-31 12:23:46.953 DATA SHAKE  -5.271  -5.271  -5.271    0.202   0.330   0.267   -5.473  -5.600  -5.537
2026-05-31 12:23:46.963 DATA SHAKE  -1.004  -1.004  -1.004    0.178   0.303   0.241   -1.182  -1.307  -1.245
2026-05-31 12:23:46.973 DATA SHAKE   5.584   5.584  -3.228    0.286   0.409   0.172    5.298   5.176  -3.400
2026-05-31 12:23:46.983 DATA SHAKE  -0.188  -0.188  -0.188    0.277   0.397   0.165   -0.465  -0.585  -0.353
2026-05-31 12:23:46.993 DATA SHAKE  -7.718  -7.718  -7.718    0.117   0.234   0.007   -7.835  -7.952  -7.725
2026-05-31 12:23:47.003 DATA SHAKE  -1.318  -1.318  -1.318    0.088   0.203  -0.020   -1.406  -1.521  -1.298
2026-05-31 12:23:47.013 DATA SHAKE   4.141   4.141   4.141    0.169   0.282   0.064    3.972   3.859   4.077
2026-05-31 12:23:47.023 DATA SHAKE  -4.518  -4.518  -4.518    0.075   0.186  -0.028   -4.593  -4.704  -4.490
2026-05-31 12:23:47.033 DATA SHAKE  -0.314  -0.314  -0.314    0.068   0.176  -0.034   -0.382  -0.490  -0.280
2026-05-31 12:23:47.043 DATA SHAKE  -1.506  -1.506  -1.506    0.036   0.143  -0.063   -1.542  -1.649  -1.443
2026-05-31 12:23:47.053 DATA SHAKE   4.016   4.016   4.016    0.116   0.220   0.018    3.900   3.796   3.997
2026-05-31 12:23:47.063 DATA SHAKE   3.639   3.639   0.188    0.186   0.288   0.022    3.453   3.351   0.166
2026-05-31 12:23:47.073 DATA SHAKE   3.451   3.451   3.451    0.252   0.352   0.090    3.199   3.099   3.361
2026-05-31 12:23:47.083 DATA SHAKE   3.890   3.890   3.890    0.324   0.422   0.166    3.566   3.468   3.724
2026-05-31 12:23:47.093 DATA SHAKE   6.463   6.463   6.463    0.447   0.543   0.292    6.016   5.919   6.170
2026-05-31 12:23:47.103 DATA SHAKE  -7.341  -7.341  -7.341    0.291   0.385   0.140   -7.633  -7.727  -7.481
2026-05-31 12:23:47.113 DATA SHAKE   7.153   7.153   7.153    0.429   0.521   0.280    6.724   6.632   6.873
2026-05-31 12:23:47.123 DATA SHAKE   5.898   5.898   5.898    0.538   0.628   0.392    5.360   5.270   5.506
2026-05-31 12:23:47.133 DATA SHAKE   4.078   4.078   4.078    0.609   0.697   0.466    3.470   3.381   3.612
2026-05-31 12:23:47.143 DATA SHAKE   3.137   3.137   3.137    0.659   0.746   0.519    2.478   2.391   2.618
2026-05-31 12:23:47.153 DATA SHAKE   0.376   0.189   0.188    0.654   0.735   0.513   -0.277  -0.546  -0.325
2026-05-31 12:23:47.163 DATA SHAKE  -6.086  -6.086  -6.086    0.519   0.599   0.381   -6.605  -6.685  -6.467
2026-05-31 12:23:47.173 DATA SHAKE  -4.079  -4.079  -4.079    0.427   0.505   0.292   -4.505  -4.584  -4.370
2026-05-31 12:23:47.183 DATA SHAKE   4.580   4.580   4.580    0.510   0.587   0.377    4.070   3.994   4.203
2026-05-31 12:23:47.193 DATA SHAKE  -7.341  -7.341  -7.341    0.353   0.428   0.223   -7.694  -7.769  -7.564
2026-05-31 12:23:47.203 DATA SHAKE  -4.894  -4.894  -4.894    0.248   0.322   0.121   -5.142  -5.216  -5.015
2026-05-31 12:23:47.213 DATA SHAKE   4.894   4.894   4.894    0.341   0.413   0.216    4.553   4.481   4.678
2026-05-31 12:23:47.223 DATA SHAKE   5.082   5.082   5.082    0.436   0.506   0.313    4.647   4.576   4.769
2026-05-31 12:23:47.233 DATA SHAKE  -3.890  -3.890  -3.890    0.349   0.418   0.229   -4.240  -4.309  -4.120
2026-05-31 12:23:47.243 DATA SHAKE  -1.255  -2.573  -2.573    0.317   0.359   0.173   -1.572  -2.931  -2.746
2026-05-31 12:23:47.253 DATA SHAKE   1.569   1.569   1.569    0.342   0.383   0.201    1.226   1.186   1.367
2026-05-31 12:23:47.263 DATA SHAKE   4.392   4.392   4.392    0.423   0.463   0.285    3.969   3.929   4.107
2026-05-31 12:23:47.273 DATA SHAKE   7.529   7.529   7.529    0.565   0.604   0.430    6.964   6.925   7.099
2026-05-31 12:23:47.283 DATA SHAKE   0.125   0.125   0.125    0.556   0.595   0.424   -0.431  -0.469  -0.298
2026-05-31 12:23:47.293 DATA SHAKE   5.898   5.898   5.898    0.663   0.701   0.533    5.235   5.197   5.365
2026-05-31 12:23:47.303 DATA SHAKE   6.212   6.212   6.212    0.774   0.811   0.647    5.437   5.401   5.565
2026-05-31 12:23:47.313 DATA SHAKE   3.074   3.074   3.074    0.820   0.856   0.695    2.254   2.218   2.379
2026-05-31 12:23:47.323 DATA SHAKE  -6.400  -6.400  -6.400    0.676   0.711   0.554   -7.076  -7.111  -6.954
2026-05-31 12:23:47.333 DATA SHAKE   4.607   4.580   4.580    0.754   0.789   0.634    3.853   3.792   3.946
2026-05-31 12:23:47.343 DATA SHAKE  -0.314  -0.314  -0.314    0.733   0.767   0.615   -1.047  -1.080  -0.929
2026-05-31 12:23:47.353 DATA SHAKE   5.396   5.396   5.396    0.826   0.859   0.711    4.570   4.537   4.685
2026-05-31 12:23:47.363 DATA SHAKE   5.145   5.145   5.145    0.913   0.945   0.799    4.232   4.200   4.346
2026-05-31 12:23:47.373 DATA SHAKE  -7.718  -7.718  -7.718    0.740   0.772   0.629   -8.458  -8.489  -8.347
2026-05-31 12:23:47.383 DATA SHAKE   7.027   7.027   7.027    0.866   0.897   0.757    6.161   6.131   6.270
2026-05-31 12:23:47.393 DATA SHAKE  -0.816  -0.816  -0.816    0.832   0.862   0.726   -1.648  -1.678  -1.541
2026-05-31 12:23:47.394 PROMPT rest_start cycle=2
2026-05-31 12:23:47.428 DATA REST  -6.024  -6.024  -6.024    0.695   0.725   0.591   -6.719  -6.748  -6.614
2026-05-31 12:23:47.438 DATA REST   2.886   2.886   2.886    0.739   0.768   0.637    2.147   2.118   2.250
2026-05-31 12:23:47.448 DATA REST  -5.396  -5.396  -5.396    0.616   0.645   0.516   -6.012  -6.041  -5.912
2026-05-31 12:23:47.458 DATA REST   4.141   4.141   4.141    0.687   0.715   0.588    3.454   3.427   3.553
2026-05-31 12:23:47.468 DATA REST   3.325   3.325   3.325    0.740   0.767   0.643    2.586   2.559   2.682
2026-05-31 12:23:47.478 DATA REST   1.255   1.255   1.255    0.750   0.777   0.655    0.505   0.478   0.600
2026-05-31 12:23:47.488 DATA REST   4.957   4.957  -3.577    0.834   0.860   0.571    4.123   4.097  -4.147
2026-05-31 12:23:47.498 DATA REST   0.251   0.251   0.251    0.822   0.848   0.564   -0.571  -0.597  -0.313
2026-05-31 12:23:47.508 DATA REST   0.376   0.376   0.376    0.813   0.839   0.561   -0.437  -0.462  -0.184
2026-05-31 12:23:47.518 DATA REST  -5.961  -5.961  -5.961    0.678   0.703   0.430   -6.639  -6.664  -6.391
2026-05-31 12:23:47.528 DATA REST  -2.761  -2.761  -2.761    0.609   0.633   0.366   -3.370  -3.394  -3.127
2026-05-31 12:23:47.538 DATA REST   4.643   4.643   4.643    0.690   0.713   0.452    3.953   3.930   4.191
2026-05-31 12:23:47.548 DATA REST   6.714   6.714   6.714    0.810   0.833   0.577    5.903   5.880   6.137
2026-05-31 12:23:47.558 DATA REST   5.898   5.898   5.898    0.912   0.935   0.683    4.986   4.963   5.214
2026-05-31 12:23:47.568 DATA REST   4.392   4.392   4.392    0.982   1.004   0.758    3.410   3.388   3.634
2026-05-31 12:23:47.578 DATA REST   0.000  -2.385  -2.385    0.962   0.936   0.695   -0.962  -3.321  -3.079
2026-05-31 12:23:47.588 DATA REST  -6.965  -6.965  -6.965    0.803   0.778   0.542   -7.768  -7.743  -7.506
2026-05-31 12:23:47.598 DATA REST  -6.337  -6.337  -6.337    0.661   0.636   0.404   -6.998  -6.973  -6.741
2026-05-31 12:23:47.608 DATA REST   2.761   2.761   2.761    0.703   0.678   0.451    2.058   2.082   2.310
2026-05-31 12:23:47.618 DATA REST   6.651   6.651   6.651    0.822   0.798   0.575    5.829   5.853   6.076
2026-05-31 12:23:47.628 DATA REST   7.843   7.843   7.843    0.962   0.939   0.721    6.881   6.904   7.122
2026-05-31 12:23:47.638 DATA REST  -5.208  -5.208  -5.208    0.839   0.816   0.602   -6.047  -6.024  -5.810
2026-05-31 12:23:47.648 DATA REST   6.274   6.274   6.274    0.947   0.925   0.715    5.327   5.349   5.559
2026-05-31 12:23:47.658 DATA REST  -6.526  -6.526  -6.526    0.798   0.776   0.571   -7.324  -7.302  -7.096
2026-05-31 12:23:47.668 DATA REST   1.964   1.945   1.945    0.821   0.799   0.598    1.143   1.146   1.347
2026-05-31 12:23:47.678 DATA REST   1.820   1.820   1.820    0.841   0.820   0.622    0.978   1.000   1.197
2026-05-31 12:23:47.688 DATA REST  -5.584  -5.584  -5.584    0.713   0.692   0.498   -6.297  -6.276  -6.083
2026-05-31 12:23:47.698 DATA REST   4.706   4.706   4.706    0.793   0.772   0.583    3.913   3.934   4.123
2026-05-31 12:23:47.708 DATA REST  -6.400  -6.400  -6.400    0.649   0.628   0.443   -7.049  -7.029  -6.843
2026-05-31 12:23:47.718 DATA REST  -7.028  -7.028  -7.028    0.495   0.475   0.293   -7.523  -7.503  -7.321
2026-05-31 12:23:47.728 DATA REST   1.694   1.694   1.694    0.519   0.500   0.321    1.175   1.194   1.373
2026-05-31 12:23:47.738 DATA REST  -4.455  -4.455  -4.455    0.420   0.401   0.226   -4.875  -4.856  -4.681
2026-05-31 12:23:47.748 DATA REST   4.831   4.831   4.831    0.508   0.489   0.318    4.323   4.342   4.513
2026-05-31 12:23:47.758 DATA REST   4.392   4.392   4.392    0.586   0.567   0.400    3.807   3.825   3.993
2026-05-31 12:23:47.768 DATA REST   0.125   0.125   0.125    0.576   0.558   0.394   -0.451  -0.433  -0.269
2026-05-31 12:23:47.778 DATA REST  -4.518  -4.518  -4.518    0.474   0.457   0.296   -4.992  -4.975  -4.814
2026-05-31 12:23:47.788 DATA REST   4.831   4.831   4.831    0.562   0.544   0.387    4.270   4.287   4.445
2026-05-31 12:23:47.798 DATA REST  -5.773  -5.773  -5.773    0.435   0.418   0.263   -6.208  -6.191  -6.036
2026-05-31 12:23:47.808 DATA REST  -4.643  -4.643  -4.643    0.333   0.317   0.165   -4.977  -4.960  -4.809
2026-05-31 12:23:47.818 DATA REST  -2.635  -2.635  -2.635    0.274   0.258   0.109   -2.909  -2.893  -2.745
2026-05-31 12:23:47.828 DATA REST   7.090   7.090   7.090    0.410   0.394   0.249    6.680   6.696   6.841
2026-05-31 12:23:47.838 DATA REST   6.839   6.839   6.839    0.539   0.523   0.381    6.300   6.316   6.459
2026-05-31 12:23:47.848 DATA REST  -3.514  -3.514  -3.514    0.458   0.443   0.303   -3.972  -3.957  -3.817
2026-05-31 12:23:47.858 DATA REST   3.451   3.451   3.451    0.518   0.503   0.366    2.933   2.948   3.085
2026-05-31 12:23:47.868 DATA REST  -2.824  -2.824  -2.824    0.451   0.436   0.302   -3.275  -3.260  -3.126
2026-05-31 12:23:47.878 DATA REST  -1.569  -1.569  -1.569    0.410   0.396   0.264   -1.979  -1.965  -1.833
2026-05-31 12:23:47.888 DATA REST   6.714   6.714   6.714    0.537   0.522   0.393    6.177   6.191   6.320
2026-05-31 12:23:47.898 DATA REST   1.443   1.443   1.443    0.555   0.541   0.414    0.888   0.902   1.029
2026-05-31 12:23:47.933 DATA REST   5.521   5.521   5.521    0.654   0.641   0.517    4.867   4.881   5.005
2026-05-31 12:23:47.943 DATA REST  -2.949  -2.949  -2.949    0.582   0.569   0.447   -3.531  -3.518  -3.396
2026-05-31 12:23:47.953 DATA REST  -7.655  -7.655  -7.655    0.417   0.404   0.285   -8.072  -8.059  -7.940
2026-05-31 12:23:47.963 DATA REST   1.067   1.067   1.067    0.430   0.417   0.301    0.636   0.649   0.766
2026-05-31 12:23:47.973 DATA REST  -6.086  -6.086  -6.086    0.300   0.287   0.173   -6.386  -6.374  -6.260
2026-05-31 12:23:47.983 DATA REST   3.953   3.953   3.953    0.373   0.361   0.249    3.580   3.592   3.704
2026-05-31 12:23:47.993 DATA REST   3.765   3.765   3.765    0.441   0.429   0.319    3.324   3.336   3.446
2026-05-31 12:23:48.003 DATA REST  -7.028  -4.832  -4.832    0.291   0.324   0.216   -7.319  -5.155  -5.048
2026-05-31 12:23:48.013 DATA REST   0.941   0.941   0.941    0.304   0.336   0.231    0.637   0.605   0.711
2026-05-31 12:23:48.023 DATA REST   0.941   0.941   0.941    0.317   0.348   0.245    0.624   0.593   0.696
2026-05-31 12:23:48.033 DATA REST   2.322   2.322   2.322    0.357   0.388   0.286    1.964   1.934   2.035
2026-05-31 12:23:48.043 DATA REST  -5.710  -5.710  -5.710    0.236   0.266   0.166   -5.946  -5.976  -5.876
2026-05-31 12:23:48.053 DATA REST  -2.635  -2.635  -2.635    0.178   0.208   0.110   -2.814  -2.843  -2.746
2026-05-31 12:23:48.063 DATA REST  -1.883  -1.883  -1.883    0.137   0.166   0.070   -2.020  -2.048  -1.953
2026-05-31 12:23:48.073 DATA REST  -4.392  -4.392  -4.392    0.047   0.075  -0.019   -4.439  -4.467  -4.374
2026-05-31 12:23:48.083 DATA REST  -1.067  -1.067  -1.067    0.024   0.052  -0.040   -1.091  -1.119  -1.027
2026-05-31 12:23:48.093 DATA REST  -3.451  -3.451  -3.451   -0.045  -0.018  -0.108   -3.406  -3.433  -3.343
2026-05-31 12:23:48.103 DATA REST  -1.381  -1.381  -1.381   -0.072  -0.046  -0.133   -1.309  -1.335  -1.247
2026-05-31 12:23:48.113 DATA REST   2.133   2.133   2.133   -0.028  -0.002  -0.088    2.161   2.135   2.221
2026-05-31 12:23:48.123 DATA REST   4.957   4.957   4.957    0.072   0.097   0.013    4.885   4.860   4.944
2026-05-31 12:23:48.133 DATA REST   1.569   1.569   1.569    0.102   0.127   0.044    1.467   1.442   1.525
2026-05-31 12:23:48.143 DATA REST  -3.890  -3.890  -3.890    0.022   0.046  -0.035   -3.912  -3.937  -3.856
2026-05-31 12:23:48.153 DATA REST  -6.024  -6.024  -6.024   -0.099  -0.075  -0.155   -5.925  -5.949  -5.869
2026-05-31 12:23:48.163 DATA REST   6.588   6.588   6.588    0.035   0.058  -0.020    6.553   6.530   6.608
2026-05-31 12:23:48.173 DATA REST  -6.777  -6.777  -6.777   -0.101  -0.079  -0.155   -6.675  -6.698  -6.622
2026-05-31 12:23:48.183 DATA REST   5.396   5.396   5.396    0.009   0.031  -0.044    5.387   5.365   5.440
2026-05-31 12:23:48.193 DATA REST   4.267   4.267   4.267    0.094   0.116   0.042    4.173   4.151   4.224
2026-05-31 12:23:48.203 DATA REST  -0.941  -0.941  -0.941    0.073   0.095   0.023   -1.014  -1.036  -0.964
2026-05-31 12:23:48.213 DATA REST  -5.773  -5.773  -5.773   -0.044  -0.023  -0.093   -5.729  -5.750  -5.679
2026-05-31 12:23:48.223 DATA REST  -0.000  -0.000  -0.000   -0.043  -0.022  -0.091    0.043   0.022   0.091
2026-05-31 12:23:48.233 DATA REST  -3.326  -3.326  -3.326   -0.109  -0.088  -0.156   -3.217  -3.237  -3.170
2026-05-31 12:23:48.243 DATA REST   6.651   6.651   6.651    0.027   0.046  -0.020    6.624   6.605   6.671
2026-05-31 12:23:48.253 DATA REST   1.569   1.569   1.569    0.057   0.077   0.012    1.511   1.492   1.557
2026-05-31 12:23:48.263 DATA REST  -7.906  -7.906  -7.906   -0.102  -0.083  -0.146   -7.804  -7.823  -7.760
2026-05-31 12:23:48.273 DATA REST   7.592   7.592   7.592    0.052   0.071   0.008    7.540   7.521   7.584
2026-05-31 12:23:48.283 DATA REST   2.008   2.008   2.008    0.091   0.109   0.048    1.917   1.898   1.960
2026-05-31 12:23:48.293 DATA REST   1.694   1.694   1.694    0.123   0.141   0.081    1.571   1.553   1.613
2026-05-31 12:23:48.303 DATA REST   2.447   2.447   2.447    0.170   0.187   0.129    2.277   2.260   2.319
2026-05-31 12:23:48.313 DATA REST  -1.130  -1.130  -1.130    0.144   0.161   0.103   -1.273  -1.290  -1.233
2026-05-31 12:23:48.323 DATA REST  -4.330  -4.330  -4.330    0.054   0.071   0.015   -4.384  -4.401  -4.344
2026-05-31 12:23:48.333 DATA REST   7.027   7.027   7.027    0.194   0.210   0.155    6.834   6.817   6.872
2026-05-31 12:23:48.343 DATA REST  -0.126  -0.126  -0.126    0.187   0.203   0.149   -0.313  -0.329  -0.275
2026-05-31 12:23:48.353 DATA REST   7.655   7.655   7.655    0.337   0.352   0.299    7.318   7.302   7.355
2026-05-31 12:23:48.363 DATA REST  -0.753  -0.753  -0.753    0.315   0.330   0.278   -1.068  -1.084  -1.032
2026-05-31 12:23:48.373 DATA REST   5.710   5.710   5.710    0.423   0.438   0.387    5.287   5.272   5.323
2026-05-31 12:23:48.383 DATA REST   7.529   7.529   7.529    0.565   0.580   0.530    6.964   6.950   6.999
2026-05-31 12:23:48.393 DATA REST   5.208   5.208   5.208    0.658   0.672   0.623    4.550   4.535   4.584
2026-05-31 12:23:48.403 DATA REST   1.631   1.631   1.631    0.677   0.692   0.644    0.954   0.940   0.988
2026-05-31 12:23:48.437 DATA REST   7.592   7.592   7.592    0.815   0.830   0.783    6.777   6.763   6.809
2026-05-31 12:23:48.447 DATA REST   7.655   7.655   7.655    0.952   0.966   0.920    6.703   6.689   6.735
2026-05-31 12:23:48.457 DATA REST   3.953   3.953   3.953    1.012   1.026   0.981    2.941   2.927   2.972
2026-05-31 12:23:48.467 DATA REST   4.016   4.016   4.016    1.072   1.086   1.041    2.943   2.930   2.974
2026-05-31 12:23:48.477 DATA REST   0.251   0.251   0.251    1.056   1.069   1.026   -0.805  -0.818  -0.775
2026-05-31 12:23:48.487 DATA REST   0.000   0.000   0.000    1.035   1.047   1.005   -1.035  -1.047  -1.005
2026-05-31 12:23:48.497 DATA REST   1.631   1.631   1.631    1.047   1.059   1.018    0.585   0.572   0.614
2026-05-31 12:23:48.507 DATA REST   2.259   2.259   2.259    1.071   1.083   1.042    1.188   1.176   1.216
2026-05-31 12:23:48.517 DATA REST   3.137   3.137   3.137    1.112   1.124   1.084    2.025   2.013   2.053
2026-05-31 12:23:48.527 DATA REST  -7.655  -7.655  -7.655    0.937   0.949   0.909   -8.592  -8.604  -8.565
2026-05-31 12:23:48.537 DATA REST  -5.835  -5.835  -5.835    0.801   0.813   0.775   -6.637  -6.648  -6.610
2026-05-31 12:23:48.547 DATA REST  -3.388  -3.388  -3.388    0.718   0.729   0.691   -4.106  -4.117  -4.080
2026-05-31 12:23:48.557 DATA REST  -2.698  -2.698  -2.698    0.649   0.660   0.624   -3.348  -3.359  -3.322
2026-05-31 12:23:48.567 DATA REST  -4.894  -4.894  -4.894    0.538   0.549   0.513   -5.433  -5.444  -5.407
2026-05-31 12:23:48.577 DATA REST  -6.526  -6.526  -6.526    0.397   0.408   0.372   -6.923  -6.933  -6.898
2026-05-31 12:23:48.587 DATA REST   7.969   7.969   7.969    0.549   0.559   0.524    7.420   7.409   7.444
2026-05-31 12:23:48.597 DATA REST   7.278   7.278   7.278    0.683   0.693   0.659    6.595   6.585   6.619
2026-05-31 12:23:48.607 DATA REST   7.278   7.278   7.278    0.815   0.825   0.792    6.463   6.453   6.487
2026-05-31 12:23:48.617 DATA REST  -6.337  -6.337  -6.337    0.672   0.682   0.649   -7.009  -7.019  -6.987
2026-05-31 12:23:48.627 DATA REST  -4.581  -4.581  -4.581    0.567   0.577   0.545   -5.148  -5.157  -5.125
2026-05-31 12:23:48.637 DATA REST  -2.259  -2.259  -2.259    0.511   0.520   0.489   -2.770  -2.779  -2.748
2026-05-31 12:23:48.647 DATA REST   0.565   0.565   0.565    0.512   0.521   0.490    0.053   0.044   0.075
2026-05-31 12:23:48.657 DATA REST   3.074   3.074   3.074    0.563   0.572   0.542    2.512   2.503   2.533
2026-05-31 12:23:48.667 DATA REST   1.945   1.945   1.945    0.590   0.599   0.570    1.355   1.346   1.375
2026-05-31 12:23:48.677 DATA REST   0.125   0.125   0.125    0.581   0.590   0.561   -0.456  -0.464  -0.435
2026-05-31 12:23:48.687 DATA REST  -0.753  -0.753  -0.753    0.555   0.563   0.535   -1.308  -1.316  -1.288
2026-05-31 12:23:48.697 DATA REST  -0.439  -0.439  -0.439    0.535   0.543   0.515   -0.974  -0.982  -0.955
2026-05-31 12:23:48.707 DATA REST   1.443   1.443   1.443    0.553   0.561   0.534    0.890   0.882   0.909
2026-05-31 12:23:48.717 DATA REST   1.694   1.694   1.694    0.576   0.584   0.557    1.118   1.110   1.137
2026-05-31 12:23:48.727 DATA REST   1.192   1.192   1.192    0.588   0.596   0.570    0.604   0.596   0.623
2026-05-31 12:23:48.737 DATA REST   0.376   0.376   0.376    0.584   0.591   0.566   -0.207  -0.215  -0.189
2026-05-31 12:23:48.747 DATA REST  -1.004  -1.004  -1.004    0.552   0.559   0.534   -1.556  -1.564  -1.539
2026-05-31 12:23:48.757 DATA REST  -1.381  -1.381  -1.381    0.513   0.521   0.496   -1.894  -1.901  -1.877
2026-05-31 12:23:48.767 DATA REST  -1.381  -1.381  -1.381    0.475   0.483   0.459   -1.856  -1.863  -1.839
2026-05-31 12:23:48.777 DATA REST  -0.690  -0.690  -0.690    0.452   0.459   0.436   -1.143  -1.150  -1.126
2026-05-31 12:23:48.787 DATA REST  -0.188  -0.188   1.187    0.439   0.446   0.451   -0.628  -0.635   0.736
2026-05-31 12:23:48.797 DATA REST   2.259   2.259   2.259    0.476   0.482   0.487    1.783   1.776   1.772
2026-05-31 12:23:48.807 DATA REST   3.200   3.200   3.200    0.530   0.537   0.541    2.670   2.663   2.659
2026-05-31 12:23:48.817 DATA REST   3.765   3.765   3.765    0.595   0.601   0.605    3.170   3.163   3.159
2026-05-31 12:23:48.827 DATA REST   3.451   3.451   3.451    0.652   0.658   0.662    2.799   2.793   2.789
2026-05-31 12:23:48.837 DATA REST   2.384   2.384   2.384    0.687   0.693   0.697    1.698   1.691   1.687
2026-05-31 12:23:48.847 DATA REST   1.694   1.694   1.694    0.707   0.713   0.717    0.987   0.981   0.977
2026-05-31 12:23:48.857 DATA REST   0.816   0.816   0.816    0.709   0.715   0.719    0.107   0.101   0.097
2026-05-31 12:23:48.867 DATA REST   0.439   0.439   0.439    0.704   0.709   0.713   -0.264  -0.270  -0.274
2026-05-31 12:23:48.877 DATA REST   0.439   0.564   0.565    0.698   0.707   0.710   -0.259  -0.142  -0.145
2026-05-31 12:23:48.887 DATA REST   1.255   1.255   1.255    0.709   0.718   0.721    0.545   0.537   0.534
2026-05-31 12:23:48.897 DATA REST   1.882   1.882   1.882    0.733   0.741   0.744    1.149   1.141   1.138
2026-05-31 12:23:48.907 DATA REST   2.510   2.510   2.510    0.768   0.776   0.780    1.741   1.734   1.730
2026-05-31 12:23:48.942 DATA REST   3.200   3.200   3.200    0.817   0.825   0.828    2.383   2.375   2.372
2026-05-31 12:23:48.952 DATA REST   2.071   2.071   2.071    0.842   0.850   0.853    1.228   1.221   1.218
2026-05-31 12:23:48.962 DATA REST   1.255   1.255   1.255    0.850   0.858   0.861    0.405   0.397   0.394
2026-05-31 12:23:48.972 DATA REST   1.129   1.129   1.129    0.856   0.863   0.866    0.273   0.266   0.263
2026-05-31 12:23:48.982 DATA REST   1.129   1.129   1.129    0.861   0.868   0.872    0.268   0.261   0.258
2026-05-31 12:23:48.992 DATA REST   1.694   1.694   1.694    0.878   0.885   0.888    0.816   0.809   0.806
2026-05-31 12:23:49.002 DATA REST   1.443   1.443   1.443    0.889   0.896   0.899    0.554   0.547   0.544
2026-05-31 12:23:49.012 DATA REST   1.380   1.380   1.380    0.899   0.906   0.909    0.481   0.475   0.472
2026-05-31 12:23:49.022 DATA REST   1.631   1.631   1.631    0.914   0.920   0.923    0.718   0.711   0.708
2026-05-31 12:23:49.032 DATA REST   1.569   1.569   1.569    0.927   0.933   0.936    0.642   0.635   0.633
2026-05-31 12:23:49.042 DATA REST   1.380   1.380   1.380    0.936   0.942   0.945    0.444   0.438   0.435
2026-05-31 12:23:49.052 DATA REST   1.506   1.506   1.506    0.947   0.954   0.956    0.558   0.552   0.550
2026-05-31 12:23:49.062 DATA REST   1.318   1.318   1.318    0.955   0.961   0.963    0.363   0.357   0.354
2026-05-31 12:23:49.072 DATA REST   0.690   0.690   0.690    0.950   0.955   0.958   -0.259  -0.265  -0.268
2026-05-31 12:23:49.082 DATA REST   0.376   0.376   0.376    0.938   0.944   0.946   -0.562  -0.567  -0.570
2026-05-31 12:23:49.092 DATA REST   0.502   0.502   0.502    0.929   0.935   0.937   -0.427  -0.433  -0.435
2026-05-31 12:23:49.102 DATA REST   0.627   0.627   0.627    0.923   0.929   0.931   -0.296  -0.301  -0.304
2026-05-31 12:23:49.112 DATA REST   0.627   0.627   0.627    0.917   0.923   0.925   -0.290  -0.295  -0.298
2026-05-31 12:23:49.122 DATA REST   0.816   0.816   1.255    0.915   0.921   0.932   -0.100  -0.105   0.323
2026-05-31 12:23:49.132 DATA REST   2.133   2.133   2.133    0.940   0.945   0.956    1.194   1.188   1.178
2026-05-31 12:23:49.142 DATA REST   2.949   2.949   2.949    0.980   0.985   0.996    1.969   1.964   1.953
2026-05-31 12:23:49.152 DATA REST   3.074   3.074   3.074    1.022   1.027   1.037    2.053   2.048   2.037
2026-05-31 12:23:49.162 DATA REST   2.698   2.698   2.698    1.055   1.060   1.070    1.643   1.638   1.628
2026-05-31 12:23:49.172 DATA REST   1.506   1.506   1.506    1.064   1.069   1.079    0.442   0.437   0.427
2026-05-31 12:23:49.182 DATA REST   1.380   1.380   1.380    1.071   1.075   1.085    0.310   0.305   0.295
2026-05-31 12:23:49.192 DATA REST   0.753   0.753   0.753    1.064   1.069   1.079   -0.311  -0.316  -0.326
2026-05-31 12:23:49.202 DATA REST   0.753   0.753   0.753    1.058   1.063   1.072   -0.305  -0.310  -0.319
2026-05-31 12:23:49.212 DATA REST   1.192   1.817   1.820    1.061   1.078   1.087    0.131   0.739   0.733
2026-05-31 12:23:49.222 DATA REST   2.322   2.322   2.322    1.086   1.103   1.112    1.236   1.219   1.210
2026-05-31 12:23:49.232 DATA REST   2.886   2.886   2.886    1.122   1.138   1.147    1.764   1.748   1.739
2026-05-31 12:23:49.242 DATA REST   2.949   2.949   2.949    1.158   1.174   1.183    1.790   1.775   1.766
2026-05-31 12:23:49.252 DATA REST   2.949   2.949   2.949    1.194   1.210   1.219    1.755   1.739   1.730
2026-05-31 12:23:49.262 DATA REST   1.569   1.569   1.569    1.202   1.217   1.226    0.367   0.352   0.343
2026-05-31 12:23:49.272 DATA REST   1.192   1.192   1.192    1.202   1.217   1.225   -0.009  -0.024  -0.033
2026-05-31 12:23:49.282 DATA REST   1.004   1.004   1.004    1.198   1.212   1.220   -0.194  -0.208  -0.217
2026-05-31 12:23:49.292 DATA REST   0.878   0.878   0.878    1.191   1.206   1.214   -0.313  -0.327  -0.335
2026-05-31 12:23:49.302 DATA REST   0.753   0.753   0.753    1.182   1.197   1.204   -0.430  -0.444  -0.451
2026-05-31 12:23:49.312 DATA REST   0.690   0.690   0.690    1.173   1.186   1.194   -0.482  -0.496  -0.504
2026-05-31 12:23:49.322 DATA REST   0.627   0.627   0.627    1.162   1.175   1.183   -0.534  -0.548  -0.555
2026-05-31 12:23:49.332 DATA REST   0.941   0.941   0.941    1.157   1.171   1.178   -0.216  -0.229  -0.237
2026-05-31 12:23:49.342 DATA REST   1.255   1.255   1.255    1.159   1.172   1.179    0.096   0.083   0.075
2026-05-31 12:23:49.352 DATA REST   1.318   1.318   1.318    1.162   1.175   1.182    0.155   0.142   0.135
2026-05-31 12:23:49.362 DATA REST   1.255   1.255   1.255    1.164   1.177   1.184    0.091   0.078   0.071
2026-05-31 12:23:49.372 DATA REST   1.380   1.380   1.380    1.169   1.181   1.188    0.212   0.200   0.193
2026-05-31 12:23:49.382 DATA REST   1.380   1.380   1.380    1.173   1.185   1.191    0.208   0.196   0.189
2026-05-31 12:23:49.392 DATA REST   0.627   0.627   0.627    1.162   1.174   1.180   -0.535  -0.546  -0.553
2026-05-31 12:23:49.402 DATA REST   0.314   0.314   0.314    1.145   1.157   1.163   -0.831  -0.843  -0.849
2026-05-31 12:23:49.412 DATA REST   0.565   0.565   0.565    1.133   1.145   1.151   -0.569  -0.580  -0.586
2026-05-31 12:23:49.447 DATA REST   2.322   2.322   2.322    1.157   1.168   1.174    1.164   1.153   1.147
2026-05-31 12:23:49.457 DATA REST   1.882   1.882   1.067    1.172   1.182   1.172    0.711   0.700  -0.105
2026-05-31 12:23:49.467 DATA REST   0.502   0.502   0.502    1.158   1.169   1.159   -0.656  -0.667  -0.657
2026-05-31 12:23:49.477 DATA REST   0.376   0.376   0.376    1.143   1.153   1.143   -0.766  -0.777  -0.767
2026-05-31 12:23:49.487 DATA REST   0.314   0.314   0.314    1.126   1.136   1.127   -0.812  -0.823  -0.813
2026-05-31 12:23:49.497 DATA REST   0.251   0.251   0.251    1.109   1.119   1.109   -0.858  -0.868  -0.858
2026-05-31 12:23:49.507 DATA REST   2.008   2.008   2.008    1.127   1.136   1.127    0.881   0.871   0.881
2026-05-31 12:23:49.517 DATA REST   4.392   4.392   4.392    1.192   1.201   1.192    3.200   3.191   3.200
2026-05-31 12:23:49.527 DATA REST   6.212   6.212   6.212    1.292   1.302   1.293    4.919   4.910   4.919
2026-05-31 12:23:49.537 DATA REST   4.706   4.706   4.706    1.360   1.370   1.361    3.345   3.336   3.345
2026-05-31 12:23:49.547 DATA REST   1.820  -1.067  -1.067    1.370   1.321   1.312    0.450  -2.388  -2.379
2026-05-31 12:23:49.557 DATA REST  -2.635  -2.635  -2.635    1.290   1.242   1.233   -3.925  -3.877  -3.869
2026-05-31 12:23:49.567 DATA REST  -2.134  -2.134  -2.134    1.221   1.174   1.166   -3.355  -3.308  -3.300
2026-05-31 12:23:49.577 DATA REST  -0.565  -0.565  -0.565    1.185   1.140   1.131   -1.750  -1.705  -1.696
2026-05-31 12:23:49.587 DATA REST   0.627   0.627   0.627    1.174   1.129   1.121   -0.547  -0.502  -0.494
2026-05-31 12:23:49.597 DATA REST   1.318   1.318   1.318    1.177   1.133   1.125    0.141   0.185   0.192
2026-05-31 12:23:49.607 DATA REST   1.129   1.129   1.129    1.176   1.133   1.125   -0.047  -0.004   0.004
2026-05-31 12:23:49.617 DATA REST   1.318   1.318   1.318    1.179   1.137   1.129    0.139   0.181   0.188
2026-05-31 12:23:49.627 DATA REST   1.004   1.004   1.004    1.175   1.134   1.127   -0.172  -0.130  -0.123
2026-05-31 12:23:49.637 DATA REST   0.878   0.878   0.878    1.170   1.129   1.122   -0.291  -0.251  -0.243
2026-05-31 12:23:49.647 DATA REST   0.753   0.753   0.753    1.161   1.121   1.114   -0.408  -0.368  -0.361
2026-05-31 12:23:49.657 DATA REST   0.376   0.376   0.376    1.146   1.107   1.100   -0.769  -0.730  -0.723
2026-05-31 12:23:49.667 DATA REST   0.188   0.188   0.188    1.126   1.088   1.081   -0.938  -0.900  -0.893
2026-05-31 12:23:49.677 DATA REST   0.063   0.063   0.063    1.105   1.068   1.061   -1.042  -1.005  -0.998
2026-05-31 12:23:49.687 DATA REST   0.251   0.251   0.251    1.088   1.051   1.045   -0.837  -0.800  -0.794
2026-05-31 12:23:49.697 DATA REST  -0.063  -0.063  -0.063    1.065   1.029   1.023   -1.128  -1.092  -1.086
2026-05-31 12:23:49.707 DATA REST  -0.126  -0.126  -0.126    1.041   1.006   1.000   -1.167  -1.132  -1.125
2026-05-31 12:23:49.717 DATA REST  -0.063  -0.063  -0.063    1.019   0.985   0.978   -1.082  -1.048  -1.041
2026-05-31 12:23:49.727 DATA REST  -0.188  -0.188  -0.188    0.995   0.961   0.955   -1.183  -1.150  -1.144
2026-05-31 12:23:49.737 DATA REST  -0.628  -0.628  -0.628    0.962   0.929   0.923   -1.590  -1.557  -1.551
2026-05-31 12:23:49.747 DATA REST  -1.067  -1.067  -1.067    0.922   0.889   0.884   -1.989  -1.956  -1.951
2026-05-31 12:23:49.757 DATA REST  -0.816  -0.816  -0.816    0.887   0.855   0.850   -1.703  -1.671  -1.666
2026-05-31 12:23:49.767 DATA REST  -0.628  -0.628  -0.628    0.857   0.826   0.820   -1.485  -1.453  -1.448
2026-05-31 12:23:49.777 DATA REST  -0.816  -0.816  -0.816    0.823   0.793   0.787   -1.639  -1.609  -1.603
2026-05-31 12:23:49.787 DATA REST  -0.188  -0.188  -0.188    0.803   0.773   0.768   -0.992  -0.962  -0.956
2026-05-31 12:23:49.797 DATA REST   0.439   0.439   0.439    0.796   0.766   0.761   -0.357  -0.327  -0.322
2026-05-31 12:23:49.807 DATA REST   1.004   1.004   1.004    0.800   0.771   0.766    0.204   0.233   0.238
2026-05-31 12:23:49.817 DATA REST   0.690   0.690   0.690    0.798   0.770   0.765   -0.108  -0.079  -0.074
2026-05-31 12:23:49.827 DATA REST   0.565   0.565   0.565    0.793   0.766   0.761   -0.228  -0.201  -0.196
2026-05-31 12:23:49.837 DATA REST   0.125   0.125   0.125    0.780   0.753   0.748   -0.654  -0.627  -0.622
2026-05-31 12:23:49.847 DATA REST   0.376   0.376   0.376    0.772   0.745   0.740   -0.395  -0.369  -0.364
2026-05-31 12:23:49.857 DATA REST   0.941   0.941   0.941    0.775   0.749   0.745    0.166   0.192   0.197
2026-05-31 12:23:49.867 DATA REST   1.380   1.380   1.380    0.787   0.762   0.757    0.593   0.619   0.623
2026-05-31 12:23:49.877 DATA REST   1.380   1.380   1.380    0.799   0.774   0.770    0.581   0.606   0.611
2026-05-31 12:23:49.887 DATA REST   0.878   0.878   0.878    0.801   0.776   0.772    0.078   0.102   0.107
2026-05-31 12:23:49.897 DATA REST   0.376   0.376   0.376    0.792   0.768   0.764   -0.416  -0.392  -0.387
2026-05-31 12:23:49.907 DATA REST  -0.251  -0.251  -0.251    0.771   0.748   0.744   -1.023  -0.999  -0.995
2026-05-31 12:23:49.917 DATA REST  -0.063  -0.063  -0.063    0.755   0.732   0.728   -0.818  -0.795  -0.791
2026-05-31 12:23:49.952 DATA REST   0.251   0.251   0.251    0.745   0.722   0.718   -0.494  -0.471  -0.467
2026-05-31 12:23:49.962 DATA REST   0.565   0.565   0.565    0.741   0.719   0.715   -0.176  -0.154  -0.150
2026-05-31 12:23:49.972 DATA REST   0.878   0.878   0.878    0.744   0.722   0.718    0.135   0.156   0.160
2026-05-31 12:23:49.982 DATA REST   0.627   0.627   0.627    0.741   0.720   0.716   -0.114  -0.093  -0.089
2026-05-31 12:23:49.992 DATA REST   0.753   0.753   0.753    0.742   0.721   0.717    0.011   0.032   0.036
2026-05-31 12:23:50.002 DATA REST   0.439   0.439   0.439    0.736   0.715   0.712   -0.296  -0.276  -0.272
2026-05-31 12:23:50.012 DATA REST   0.439   0.439   0.439    0.730   0.710   0.706   -0.290  -0.270  -0.267
2026-05-31 12:23:50.022 DATA REST   0.565   0.565   0.565    0.726   0.707   0.703   -0.162  -0.142  -0.139
2026-05-31 12:23:50.032 DATA REST   0.690   0.690   0.690    0.726   0.706   0.703   -0.035  -0.016  -0.013
2026-05-31 12:23:50.042 DATA REST   0.565   0.565   0.565    0.722   0.704   0.700   -0.158  -0.139  -0.136
2026-05-31 12:23:50.052 DATA REST   0.816   0.816   0.816    0.724   0.706   0.703    0.091   0.110   0.113
2026-05-31 12:23:50.062 DATA REST   0.565   0.565   0.565    0.721   0.703   0.700   -0.156  -0.138  -0.135
2026-05-31 12:23:50.072 DATA REST   0.251   0.251   0.251    0.712   0.694   0.691   -0.461  -0.443  -0.440
2026-05-31 12:23:50.082 DATA REST   0.376   0.376   0.376    0.705   0.688   0.685   -0.329  -0.311  -0.308
2026-05-31 12:23:50.092 DATA REST   0.376   0.376   0.376    0.698   0.681   0.678   -0.322  -0.305  -0.302
2026-05-31 12:23:50.102 DATA REST   0.565   0.565   0.565    0.696   0.679   0.676   -0.131  -0.114  -0.111
2026-05-31 12:23:50.112 DATA REST   0.941   0.941   0.941    0.701   0.684   0.681    0.241   0.257   0.260
2026-05-31 12:23:50.122 DATA REST   0.941   0.941   0.941    0.705   0.689   0.687    0.236   0.252   0.255
2026-05-31 12:23:50.132 DATA REST   1.067   1.067   1.067    0.713   0.697   0.694    0.354   0.370   0.372
2026-05-31 12:23:50.142 DATA REST   1.255   1.255   1.255    0.724   0.708   0.705    0.531   0.547   0.549
2026-05-31 12:23:50.152 DATA REST   0.439   0.439   0.439    0.718   0.703   0.700   -0.279  -0.264  -0.261
2026-05-31 12:23:50.162 DATA REST   0.063   0.063   0.063    0.705   0.690   0.687   -0.642  -0.627  -0.625
2026-05-31 12:23:50.172 DATA REST   0.188   0.188   0.188    0.694   0.680   0.677   -0.506  -0.492  -0.489
2026-05-31 12:23:50.182 DATA REST   0.439   0.439   0.439    0.689   0.675   0.673   -0.250  -0.236  -0.233
2026-05-31 12:23:50.192 DATA REST   0.565   0.565   0.690    0.687   0.673   0.673   -0.122  -0.108   0.017
2026-05-31 12:23:50.202 DATA REST   0.753   0.753   0.753    0.688   0.675   0.675    0.065   0.078   0.078
2026-05-31 12:23:50.212 DATA REST   1.004   1.004   1.004    0.694   0.681   0.681    0.309   0.323   0.323
2026-05-31 12:23:50.222 DATA REST   0.941   0.941   0.941    0.699   0.686   0.686    0.242   0.255   0.255
2026-05-31 12:23:50.232 DATA REST   0.753   0.753   0.753    0.700   0.688   0.688    0.052   0.065   0.065
2026-05-31 12:23:50.242 DATA REST   0.627   0.627   0.627    0.699   0.686   0.686   -0.072  -0.059  -0.059
2026-05-31 12:23:50.252 DATA REST   0.376   0.376   0.376    0.693   0.680   0.680   -0.316  -0.304  -0.304
2026-05-31 12:23:50.262 DATA REST   0.565   0.565   0.565    0.690   0.678   0.678   -0.125  -0.113  -0.113
2026-05-31 12:23:50.272 DATA REST   0.565   0.565   0.565    0.687   0.676   0.676   -0.123  -0.111  -0.111
2026-05-31 12:23:50.282 DATA REST   0.376   0.564   0.565    0.681   0.673   0.673   -0.305  -0.109  -0.109
2026-05-31 12:23:50.292 DATA REST   0.251   0.251   0.251    0.673   0.665   0.665   -0.422  -0.414  -0.414
2026-05-31 12:23:50.302 DATA REST   0.063   0.063   0.063    0.660   0.653   0.653   -0.598  -0.590  -0.590
2026-05-31 12:23:50.312 DATA REST  -0.000  -0.000  -0.000    0.647   0.640   0.640   -0.647  -0.640  -0.640
2026-05-31 12:23:50.322 DATA REST   0.188   0.188   0.188    0.638   0.631   0.631   -0.450  -0.443  -0.443
2026-05-31 12:23:50.332 DATA REST   1.631   1.631   1.631    0.658   0.651   0.651    0.973   0.981   0.980
2026-05-31 12:23:50.342 DATA REST   2.071   2.071   2.071    0.686   0.679   0.679    1.384   1.391   1.391
2026-05-31 12:23:50.352 DATA REST   2.071   2.071   2.071    0.714   0.707   0.707    1.357   1.364   1.363
2026-05-31 12:23:50.362 DATA REST   2.008   2.008   2.008    0.740   0.733   0.733    1.268   1.275   1.275
2026-05-31 12:23:50.372 DATA REST   1.129   0.439   0.439    0.748   0.727   0.727    0.382  -0.288  -0.288
2026-05-31 12:23:50.382 DATA REST   0.314   0.314   0.314    0.739   0.719   0.719   -0.425  -0.405  -0.405
2026-05-31 12:23:50.392 DATA REST  -0.063  -0.063  -0.063    0.723   0.703   0.703   -0.786  -0.766  -0.766
2026-05-31 12:23:50.402 DATA REST  -0.188  -0.188  -0.188    0.705   0.685   0.685   -0.893  -0.874  -0.874
2026-05-31 12:23:50.412 DATA REST   0.627   0.627   0.627    0.703   0.684   0.684   -0.076  -0.057  -0.057
2026-05-31 12:23:50.422 DATA REST   4.957   4.957   4.957    0.788   0.770   0.770    4.169   4.187   4.187
2026-05-31 12:23:50.457 DATA REST  -1.004  -1.004  -1.004    0.752   0.734   0.734   -1.756  -1.738  -1.738
2026-05-31 12:23:50.467 DATA REST  -1.443  -1.443  -1.443    0.708   0.691   0.691   -2.152  -2.134  -2.134
2026-05-31 12:23:50.477 DATA REST  -0.816  -0.816  -0.816    0.678   0.661   0.661   -1.494  -1.476  -1.477
2026-05-31 12:23:50.487 DATA REST   0.627   0.627   0.627    0.677   0.660   0.660   -0.049  -0.032  -0.033
2026-05-31 12:23:50.497 DATA REST   1.318   1.318   1.318    0.690   0.673   0.673    0.628   0.645   0.645
2026-05-31 12:23:50.507 DATA REST   1.506   1.506   1.506    0.706   0.690   0.690    0.800   0.816   0.816
2026-05-31 12:23:50.517 DATA REST   1.631   1.631   1.631    0.725   0.709   0.709    0.907   0.923   0.923
2026-05-31 12:23:50.527 DATA REST   1.757   1.757   1.694    0.745   0.730   0.728    1.012   1.027   0.966
2026-05-31 12:23:50.537 DATA REST   1.380   1.380   1.380    0.758   0.743   0.741    0.622   0.638   0.639
2026-05-31 12:23:50.547 DATA REST   0.314   0.314   0.314    0.749   0.734   0.733   -0.435  -0.420  -0.419
2026-05-31 12:23:50.557 DATA REST  -0.628  -0.628  -0.628    0.721   0.707   0.706   -1.349  -1.334  -1.333
2026-05-31 12:23:50.567 DATA REST  -1.130  -1.130  -1.130    0.684   0.670   0.669   -1.814  -1.800  -1.799
2026-05-31 12:23:50.577 DATA REST  -0.000  -0.000  -0.000    0.671   0.657   0.655   -0.671  -0.657  -0.656
2026-05-31 12:23:50.587 DATA REST   0.690   0.690   0.690    0.671   0.657   0.656    0.019   0.033   0.034
2026-05-31 12:23:50.597 DATA REST   1.569   1.569   1.569    0.689   0.675   0.674    0.880   0.893   0.894
2026-05-31 12:23:50.607 DATA REST   2.133   2.133   2.133    0.718   0.705   0.704    1.415   1.429   1.430
2026-05-31 12:23:50.617 DATA REST   2.071   1.946   1.945    0.745   0.729   0.728    1.326   1.216   1.217
2026-05-31 12:23:50.627 DATA REST   1.694   1.694   1.694    0.764   0.749   0.748    0.930   0.945   0.946
2026-05-31 12:23:50.637 DATA REST   1.380   1.380   1.380    0.776   0.761   0.760    0.604   0.619   0.620
2026-05-31 12:23:50.647 DATA REST   1.129   1.129   1.129    0.783   0.769   0.768    0.346   0.361   0.362
2026-05-31 12:23:50.657 DATA REST   0.753   0.753   0.753    0.783   0.768   0.767   -0.030  -0.016  -0.015
2026-05-31 12:23:50.667 DATA REST   0.690   0.690   0.690    0.781   0.767   0.766   -0.091  -0.077  -0.076
2026-05-31 12:23:50.677 DATA REST   0.502   0.502   0.502    0.775   0.762   0.761   -0.273  -0.260  -0.259
2026-05-31 12:23:50.687 DATA REST   0.690   0.690   0.690    0.774   0.760   0.759   -0.083  -0.070  -0.069
2026-05-31 12:23:50.697 DATA REST   1.380   1.380   1.380    0.786   0.773   0.772    0.595   0.608   0.609
2026-05-31 12:23:50.707 DATA REST   1.819   1.820   1.820    0.806   0.793   0.793    1.012   1.026   1.027
2026-05-31 12:23:50.717 DATA REST   2.008   2.008   2.008    0.830   0.818   0.817    1.177   1.190   1.191
2026-05-31 12:23:50.727 DATA REST   2.259   2.259   2.259    0.859   0.847   0.846    1.400   1.412   1.413
2026-05-31 12:23:50.737 DATA REST   2.635   2.635   2.635    0.895   0.882   0.882    1.741   1.753   1.754
2026-05-31 12:23:50.747 DATA REST   2.698   2.698   2.698    0.931   0.919   0.918    1.767   1.779   1.780
2026-05-31 12:23:50.757 DATA REST   3.137   3.137   3.137    0.975   0.963   0.962    2.162   2.174   2.175
2026-05-31 12:23:50.767 DATA REST   3.137   3.137   3.137    1.018   1.007   1.006    2.119   2.131   2.131
2026-05-31 12:23:50.777 DATA REST   2.949   2.949   2.949    1.057   1.045   1.045    1.892   1.904   1.904
2026-05-31 12:23:50.787 DATA REST   2.259   2.259   2.259    1.081   1.070   1.069    1.178   1.189   1.190
2026-05-31 12:23:50.797 DATA REST   1.318   1.318   1.318    1.085   1.075   1.074    0.232   0.243   0.244
2026-05-31 12:23:50.807 DATA REST   0.816   0.816   0.816    1.080   1.069   1.069   -0.264  -0.254  -0.253
2026-05-31 12:23:50.817 DATA REST   0.314   0.314   0.314    1.065   1.054   1.054   -0.751  -0.741  -0.740
2026-05-31 12:23:50.827 DATA REST  -0.000  -0.000  -0.000    1.043   1.033   1.033   -1.044  -1.033  -1.033
2026-05-31 12:23:50.837 DATA REST  -0.126  -0.126  -0.126    1.020   1.010   1.009   -1.146  -1.136  -1.135
2026-05-31 12:23:50.847 DATA REST   0.314   0.314   0.314    1.006   0.996   0.995   -0.692  -0.682  -0.682
2026-05-31 12:23:50.857 DATA REST   0.753   0.753   0.753    1.001   0.991   0.991   -0.248  -0.238  -0.238
2026-05-31 12:23:50.867 DATA REST   0.941   0.941   0.941    1.000   0.990   0.990   -0.058  -0.049  -0.048
2026-05-31 12:23:50.877 DATA REST   1.380   1.380   1.380    1.007   0.998   0.997    0.373   0.382   0.383
2026-05-31 12:23:50.887 DATA REST   1.882   1.882   1.882    1.025   1.016   1.015    0.858   0.867   0.867
2026-05-31 12:23:50.897 DATA REST   2.259   2.259   2.259    1.049   1.041   1.040    1.209   1.218   1.219
2026-05-31 12:23:50.907 DATA REST   2.447   2.447   2.447    1.077   1.069   1.068    1.370   1.378   1.379
2026-05-31 12:23:50.917 DATA REST   2.196   2.196   2.196    1.100   1.091   1.091    1.096   1.105   1.105
2026-05-31 12:23:50.927 DATA REST   2.133   2.133   2.133    1.120   1.112   1.112    1.013   1.021   1.022
2026-05-31 12:23:50.961 DATA REST   2.133   2.133   2.133    1.141   1.133   1.132    0.993   1.001   1.001
2026-05-31 12:23:50.971 DATA REST   2.133   2.133   2.133    1.161   1.153   1.152    0.973   0.981   0.981
2026-05-31 12:23:50.981 DATA REST   2.447   2.447   2.447    1.186   1.178   1.178    1.261   1.269   1.269
2026-05-31 12:23:50.991 DATA REST   2.635   2.635   2.635    1.215   1.208   1.207    1.420   1.428   1.428
2026-05-31 12:23:51.001 DATA REST   2.635   2.761   2.761    1.244   1.239   1.238    1.392   1.522   1.523
2026-05-31 12:23:51.011 DATA REST   2.447   2.447   2.447    1.268   1.263   1.262    1.179   1.184   1.185
2026-05-31 12:23:51.021 DATA REST   2.510   2.510   2.510    1.293   1.288   1.287    1.217   1.222   1.222
2026-05-31 12:23:51.031 DATA REST   2.133   2.133   2.133    1.309   1.305   1.304    0.824   0.829   0.829
2026-05-31 12:23:51.041 DATA REST   1.631   1.631   1.631    1.316   1.311   1.311    0.316   0.320   0.321
2026-05-31 12:23:51.051 DATA REST   1.255   1.255   1.255    1.315   1.310   1.310   -0.060  -0.055  -0.055
2026-05-31 12:23:51.061 DATA REST   1.255   1.255   1.255    1.313   1.309   1.309   -0.059  -0.054  -0.054
2026-05-31 12:23:51.071 DATA REST   0.816   0.816   0.816    1.303   1.299   1.299   -0.488  -0.483  -0.483
2026-05-31 12:23:51.081 DATA REST   0.565   0.565   0.565    1.289   1.284   1.284   -0.724  -0.720  -0.719
2026-05-31 12:23:51.091 DATA REST   0.251   0.251   0.251    1.268   1.264   1.263   -1.017  -1.013  -1.012
2026-05-31 12:23:51.101 DATA REST   0.376   0.376   0.376    1.250   1.246   1.246   -0.874  -0.870  -0.869
2026-05-31 12:23:51.111 DATA REST   0.439   0.439   0.439    1.234   1.230   1.229   -0.795  -0.791  -0.790
2026-05-31 12:23:51.121 DATA REST   0.565   0.565   0.565    1.220   1.217   1.216   -0.656  -0.652  -0.651
2026-05-31 12:23:51.131 DATA REST   1.129   1.129   1.129    1.219   1.215   1.214   -0.089  -0.085  -0.085
2026-05-31 12:23:51.141 DATA REST   2.133   2.133   2.133    1.237   1.233   1.233    0.896   0.900   0.900
2026-05-31 12:23:51.151 DATA REST   2.071   2.071   2.071    1.254   1.250   1.250    0.817   0.821   0.821
2026-05-31 12:23:51.161 DATA REST   2.447   2.447   2.447    1.277   1.274   1.274    1.170   1.173   1.174
2026-05-31 12:23:51.171 DATA REST   2.635   2.635   2.635    1.305   1.301   1.301    1.331   1.334   1.335
2026-05-31 12:23:51.181 DATA REST   2.823   2.823   2.823    1.335   1.332   1.331    1.488   1.492   1.492
2026-05-31 12:23:51.191 DATA REST   2.698   2.698   2.698    1.362   1.359   1.359    1.336   1.339   1.339
2026-05-31 12:23:51.201 DATA REST   2.698   2.698   2.698    1.389   1.386   1.385    1.309   1.312   1.313
2026-05-31 12:23:51.211 DATA REST   2.322   2.322   2.322    1.408   1.404   1.404    0.914   0.917   0.917
2026-05-31 12:23:51.221 DATA REST   2.071   2.071   2.071    1.421   1.418   1.417    0.650   0.653   0.653
2026-05-31 12:23:51.231 DATA REST   2.447   2.447   2.447    1.441   1.438   1.438    1.006   1.009   1.009
2026-05-31 12:23:51.241 DATA REST   2.823   2.823   2.823    1.469   1.466   1.466    1.354   1.357   1.358
2026-05-31 12:23:51.251 DATA REST   3.200   3.200   3.200    1.504   1.501   1.500    1.696   1.699   1.700
2026-05-31 12:23:51.261 DATA REST   3.263   3.263   3.263    1.539   1.536   1.536    1.724   1.727   1.727
2026-05-31 12:23:51.271 DATA REST   2.447   2.447   2.447    1.557   1.554   1.554    0.890   0.893   0.893
2026-05-31 12:23:51.281 DATA REST   1.506   1.506   1.506    1.556   1.553   1.553   -0.050  -0.047  -0.047
2026-05-31 12:23:51.291 DATA REST   0.941   0.941   0.941    1.544   1.541   1.541   -0.603  -0.600  -0.599
2026-05-31 12:23:51.301 DATA REST   0.502   0.502   0.502    1.523   1.520   1.520   -1.021  -1.018  -1.018
2026-05-31 12:23:51.311 DATA REST   0.063   0.063   0.063    1.494   1.491   1.491   -1.431  -1.428  -1.428
2026-05-31 12:23:51.321 DATA REST   1.067   1.067   1.067    1.485   1.483   1.482   -0.418  -0.416  -0.416
2026-05-31 12:23:51.331 DATA REST   3.074   3.074   3.074    1.517   1.514   1.514    1.558   1.560   1.560
2026-05-31 12:23:51.341 DATA REST   5.333   5.333   5.333    1.593   1.591   1.590    3.740   3.743   3.743
2026-05-31 12:23:51.351 DATA REST   5.521   5.521   5.521    1.672   1.669   1.669    3.850   3.852   3.852
2026-05-31 12:23:51.361 DATA REST  -1.381  -1.381  -1.381    1.611   1.608   1.608   -2.991  -2.989  -2.989
2026-05-31 12:23:51.371 DATA REST  -3.012  -3.012  -3.012    1.518   1.516   1.516   -4.530  -4.528  -4.528
2026-05-31 12:23:51.381 DATA REST  -2.761  -2.761  -2.761    1.433   1.430   1.430   -4.194  -4.191  -4.191
2026-05-31 12:23:51.391 DATA REST  -1.694  -1.694  -1.694    1.370   1.368   1.368   -3.065  -3.062  -3.062
2026-05-31 12:23:51.401 DATA REST  -0.063  -0.063   1.750    1.342   1.339   1.375   -1.405  -1.402   0.374
2026-05-31 12:23:51.411 DATA REST   3.074   3.074   3.074    1.376   1.374   1.409    1.698   1.700   1.665
2026-05-31 12:23:51.421 DATA REST   3.576   3.576   3.576    1.420   1.418   1.453    2.156   2.158   2.124
2026-05-31 12:23:51.431 DATA REST   3.890   3.890   3.890    1.470   1.467   1.501    2.421   2.423   2.389
2026-05-31 12:23:51.466 DATA REST   2.573   2.573   2.573    1.492   1.490   1.523    1.081   1.083   1.050
2026-05-31 12:23:51.476 DATA REST   0.565   0.565   0.565    1.473   1.471   1.504   -0.908  -0.906  -0.939
2026-05-31 12:23:51.486 DATA REST   0.502   0.502   0.502    1.454   1.452   1.484   -0.952  -0.950  -0.982
2026-05-31 12:23:51.496 DATA REST   0.627   0.627   0.627    1.437   1.435   1.466   -0.810  -0.808  -0.839
2026-05-31 12:23:51.506 DATA REST   1.192   1.192   1.192    1.432   1.430   1.461   -0.240  -0.238  -0.269
2026-05-31 12:23:51.516 DATA REST   1.820   1.820   1.820    1.440   1.438   1.468    0.380   0.381   0.351
2026-05-31 12:23:51.526 DATA REST   1.631   1.631   1.631    1.444   1.442   1.471    0.188   0.189   0.160
2026-05-31 12:23:51.536 DATA REST   1.318   1.318   1.318    1.441   1.440   1.468   -0.124  -0.122  -0.151
2026-05-31 12:23:51.546 DATA REST   1.129   1.129   1.129    1.435   1.433   1.462   -0.306  -0.304  -0.332
2026-05-31 12:23:51.556 DATA REST   0.878   0.878   0.878    1.424   1.422   1.450   -0.546  -0.544  -0.572
2026-05-31 12:23:51.566 DATA REST   0.690   0.690   0.690    1.409   1.408   1.435   -0.719  -0.717  -0.745
2026-05-31 12:23:51.576 DATA REST   0.941   0.941   0.941    1.400   1.398   1.425   -0.459  -0.457  -0.484
2026-05-31 12:23:51.586 DATA REST   0.816   0.816   0.816    1.388   1.387   1.413   -0.573  -0.571  -0.597
2026-05-31 12:23:51.596 DATA REST   0.878   0.878   0.878    1.378   1.376   1.402   -0.500  -0.498  -0.524
2026-05-31 12:23:51.606 DATA REST   1.506   1.506   1.506    1.381   1.379   1.404    0.125   0.127   0.102
2026-05-31 12:23:51.616 DATA REST   1.694   1.694   1.694    1.387   1.385   1.410    0.307   0.309   0.284
2026-05-31 12:23:51.626 DATA REST   2.008   2.008   2.008    1.399   1.398   1.422    0.609   0.610   0.586
2026-05-31 12:23:51.636 DATA REST   2.196   2.196   2.196    1.415   1.414   1.437    0.781   0.782   0.759
2026-05-31 12:23:51.646 DATA REST   2.447   2.447   2.447    1.436   1.434   1.458    1.011   1.013   0.990
2026-05-31 12:23:51.656 DATA REST   3.388   3.388   3.388    1.475   1.473   1.496    1.913   1.915   1.892
2026-05-31 12:23:51.666 DATA REST   3.514   3.514   3.514    1.516   1.514   1.536    1.998   1.999   1.977
2026-05-31 12:23:51.676 DATA REST   3.639   3.639   3.639    1.558   1.557   1.579    2.081   2.082   2.061
2026-05-31 12:23:51.686 DATA REST   3.953   3.953   3.953    1.606   1.605   1.626    2.347   2.348   2.327
2026-05-31 12:23:51.696 DATA REST   2.949   2.949   2.949    1.633   1.632   1.652    1.316   1.317   1.297
2026-05-31 12:23:51.706 DATA REST   2.886   2.886   2.886    1.658   1.657   1.677    1.228   1.230   1.209
2026-05-31 12:23:51.716 DATA REST   2.635   2.635   2.635    1.677   1.676   1.696    0.958   0.959   0.939
2026-05-31 12:23:51.726 DATA REST   2.384   2.384   2.384    1.692   1.690   1.710    0.693   0.694   0.674
2026-05-31 12:23:51.736 DATA REST   2.008   2.008   1.757    1.698   1.697   1.711    0.310   0.311   0.046
2026-05-31 12:23:51.746 DATA REST   1.129   1.129   1.129    1.687   1.685   1.699   -0.557  -0.556  -0.570
2026-05-31 12:23:51.756 DATA REST   0.627   0.627   0.627    1.665   1.664   1.678   -1.038  -1.037  -1.050
2026-05-31 12:23:51.766 DATA REST   0.502   0.502   0.502    1.642   1.641   1.654   -1.140  -1.139  -1.152
2026-05-31 12:23:51.776 DATA REST   0.565   0.565   0.565    1.621   1.619   1.633   -1.056  -1.055  -1.068
2026-05-31 12:23:51.786 DATA REST   0.627   0.627   0.627    1.601   1.600   1.613   -0.973  -0.972  -0.985
2026-05-31 12:23:51.796 DATA REST   0.690   0.690   0.690    1.583   1.581   1.594   -0.892  -0.891  -0.904
2026-05-31 12:23:51.806 DATA REST   0.690   0.690   0.690    1.565   1.564   1.576   -0.874  -0.873  -0.886
2026-05-31 12:23:51.816 DATA REST   0.627   0.627   0.627    1.546   1.545   1.557   -0.918  -0.917  -0.930
2026-05-31 12:23:51.826 DATA REST   1.004   1.441   1.443    1.535   1.543   1.555   -0.531  -0.101  -0.112
2026-05-31 12:23:51.836 DATA REST   2.384   2.384   2.384    1.552   1.560   1.571    0.832   0.825   0.813
2026-05-31 12:23:51.846 DATA REST   2.886   2.886   2.886    1.579   1.586   1.598    1.307   1.300   1.289
2026-05-31 12:23:51.856 DATA REST   3.012   3.012   3.012    1.607   1.615   1.626    1.404   1.397   1.386
2026-05-31 12:23:51.866 DATA REST   3.012   3.012   3.012    1.635   1.643   1.654    1.376   1.369   1.358
2026-05-31 12:23:51.876 DATA REST   3.200   3.200   3.200    1.667   1.674   1.685    1.533   1.526   1.515
2026-05-31 12:23:51.886 DATA REST   3.325   3.325   3.325    1.700   1.707   1.717    1.625   1.619   1.608
2026-05-31 12:23:51.896 DATA REST   3.200   3.200   3.200    1.730   1.737   1.747    1.470   1.463   1.453
2026-05-31 12:23:51.906 DATA REST   3.137   3.137   3.137    1.758   1.765   1.775    1.379   1.373   1.362
2026-05-31 12:23:51.916 DATA REST   2.950   2.949   2.949    1.782   1.788   1.798    1.168   1.161   1.151
2026-05-31 12:23:51.926 DATA REST   2.761   2.761   2.761    1.802   1.808   1.818    0.959   0.953   0.943
2026-05-31 12:23:51.936 DATA REST   2.133   2.133   2.133    1.808   1.814   1.824    0.325   0.319   0.309
2026-05-31 12:23:51.971 DATA REST   1.129   1.129   1.129    1.795   1.801   1.810   -0.665  -0.671  -0.681
2026-05-31 12:23:51.981 DATA REST   1.004   1.004   0.816    1.779   1.785   1.790   -0.775  -0.781  -0.974
2026-05-31 12:23:51.991 DATA REST   0.878   0.878   0.878    1.761   1.767   1.772   -0.882  -0.888  -0.893
2026-05-31 12:23:52.001 DATA REST   1.192   1.192   1.192    1.749   1.755   1.760   -0.557  -0.563  -0.568
2026-05-31 12:23:52.011 DATA REST   1.318   1.318   1.318    1.741   1.746   1.751   -0.423  -0.429  -0.434
2026-05-31 12:23:52.021 DATA REST   1.569   1.569   1.569    1.737   1.743   1.748   -0.169  -0.174  -0.179
2026-05-31 12:23:52.031 DATA REST   2.133   2.133   2.133    1.745   1.751   1.755    0.388   0.383   0.378
2026-05-31 12:23:52.041 DATA REST   2.447   2.447   2.447    1.759   1.765   1.769    0.688   0.682   0.678
2026-05-31 12:23:52.051 DATA REST   2.447   2.447   2.447    1.773   1.778   1.783    0.674   0.669   0.664
2026-05-31 12:23:52.061 DATA REST   2.573   2.573   2.573    1.789   1.794   1.799    0.784   0.778   0.774
2026-05-31 12:23:52.071 DATA REST   2.698   2.698   2.635    1.807   1.812   1.815    0.891   0.886   0.820
2026-05-31 12:23:52.081 DATA REST   2.322   2.322   2.322    1.817   1.822   1.826    0.504   0.499   0.496
2026-05-31 12:23:52.091 DATA REST   2.384   2.384   2.384    1.829   1.834   1.837    0.555   0.551   0.548
2026-05-31 12:23:52.101 DATA REST   2.447   2.447   2.447    1.841   1.846   1.849    0.606   0.601   0.598
2026-05-31 12:23:52.111 DATA REST   1.945   1.945   1.945    1.843   1.848   1.851    0.102   0.097   0.094
2026-05-31 12:23:52.121 DATA REST   1.318   1.318   1.318    1.833   1.837   1.840   -0.515  -0.520  -0.523
2026-05-31 12:23:52.131 DATA REST   0.941   0.941   0.941    1.815   1.819   1.822   -0.874  -0.878  -0.881
2026-05-31 12:23:52.141 DATA REST   0.753   0.753   0.753    1.794   1.798   1.801   -1.041  -1.045  -1.048
2026-05-31 12:23:52.151 DATA REST   0.941   0.941   0.941    1.777   1.781   1.784   -0.835  -0.840  -0.842
2026-05-31 12:23:52.161 DATA REST   1.631   2.069   2.071    1.774   1.787   1.789   -0.142   0.282   0.281
2026-05-31 12:23:52.171 DATA REST   2.510   2.510   2.510    1.788   1.801   1.804    0.721   0.709   0.706
2026-05-31 12:23:52.181 DATA REST   2.573   2.573   2.573    1.804   1.816   1.819    0.768   0.756   0.753
2026-05-31 12:23:52.191 DATA REST   2.322   2.322   2.322    1.814   1.827   1.829    0.507   0.495   0.492
2026-05-31 12:23:52.201 DATA REST   1.820   1.820   1.820    1.815   1.826   1.829    0.005  -0.007  -0.009
2026-05-31 12:23:52.211 DATA REST   0.690   0.690   0.690    1.792   1.804   1.806   -1.102  -1.114  -1.116
2026-05-31 12:23:52.221 DATA REST   0.251   0.251   0.251    1.761   1.773   1.775   -1.510  -1.522  -1.524
2026-05-31 12:23:52.231 DATA REST  -0.063  -0.063  -0.063    1.725   1.736   1.738   -1.788  -1.799  -1.801
2026-05-31 12:23:52.241 DATA REST   0.753   0.753   0.753    1.705   1.716   1.719   -0.952  -0.963  -0.966
2026-05-31 12:23:52.251 DATA REST   5.260   5.271   5.271    1.776   1.787   1.790    3.483   3.483   3.481
2026-05-31 12:23:52.261 DATA REST   7.529   7.529   7.529    1.891   1.902   1.904    5.638   5.627   5.625
2026-05-31 12:23:52.271 DATA REST   6.149   6.149   6.149    1.977   1.987   1.989    4.172   4.162   4.160
2026-05-31 12:23:52.281 DATA REST   2.886   2.886   2.886    1.995   2.005   2.007    0.891   0.881   0.879
2026-05-31 12:23:52.291 DATA REST   0.188   0.188   0.188    1.959   1.969   1.971   -1.770  -1.781  -1.783
2026-05-31 12:23:52.301 DATA REST   0.565   0.565   0.565    1.931   1.941   1.943   -1.366  -1.376  -1.378
2026-05-31 12:23:52.311 DATA REST   1.506   1.506   1.506    1.922   1.932   1.934   -0.416  -0.426  -0.428
2026-05-31 12:23:52.321 DATA REST   2.510   2.510   2.510    1.934   1.944   1.946    0.576   0.566   0.564
2026-05-31 12:23:52.331 DATA REST   2.823   2.823   2.823    1.952   1.961   1.963    0.872   0.862   0.860
2026-05-31 12:23:52.341 DATA REST   1.820   1.820   1.820    1.949   1.958   1.960   -0.130  -0.139  -0.141
2026-05-31 12:23:52.351 DATA REST   1.380   1.380   1.380    1.938   1.947   1.949   -0.557  -0.566  -0.568
2026-05-31 12:23:52.361 DATA REST   1.067   1.067   1.067    1.920   1.929   1.931   -0.854  -0.863  -0.864
2026-05-31 12:23:52.371 DATA REST   0.690   0.690   0.690    1.896   1.904   1.906   -1.206  -1.214  -1.216
2026-05-31 12:23:52.381 DATA REST  -0.188  -0.188  -0.188    1.854   1.863   1.864   -2.043  -2.051  -2.053
2026-05-31 12:23:52.391 DATA REST  -1.004  -1.004  -1.004    1.797   1.805   1.807   -2.801  -2.809  -2.811
2026-05-31 12:23:52.401 DATA REST  -0.188  -0.188  -0.188    1.757   1.765   1.767   -1.946  -1.954  -1.955
2026-05-31 12:23:52.402 PROMPT shake_start cycle=3
2026-05-31 12:23:52.436 DATA SHAKE   1.694   1.694   1.694    1.756   1.764   1.766   -0.062  -0.070  -0.071
2026-05-31 12:23:52.446 DATA SHAKE   1.820   1.820   1.820    1.757   1.765   1.767    0.062   0.055   0.053
2026-05-31 12:23:52.456 DATA SHAKE   2.008   2.008   2.008    1.762   1.770   1.771    0.246   0.238   0.236
2026-05-31 12:23:52.466 DATA SHAKE   2.322   2.322   2.322    1.773   1.781   1.782    0.548   0.541   0.539
2026-05-31 12:23:52.476 DATA SHAKE   2.698   2.698   2.698    1.792   1.799   1.801    0.906   0.899   0.897
2026-05-31 12:23:52.486 DATA SHAKE   2.886   2.886   2.886    1.814   1.821   1.822    1.072   1.065   1.064
2026-05-31 12:23:52.496 DATA SHAKE   2.823   2.635   2.635    1.834   1.837   1.839    0.989   0.798   0.797
2026-05-31 12:23:52.506 DATA SHAKE   2.447   2.447   2.447    1.846   1.849   1.851    0.601   0.598   0.596
2026-05-31 12:23:52.516 DATA SHAKE   2.071   2.071   2.071    1.851   1.854   1.855    0.220   0.217   0.215
2026-05-31 12:23:52.526 DATA SHAKE   2.133   2.133   2.133    1.856   1.859   1.861    0.277   0.274   0.272
2026-05-31 12:23:52.536 DATA SHAKE   2.761   2.761   2.761    1.874   1.878   1.879    0.886   0.883   0.882
2026-05-31 12:23:52.546 DATA SHAKE   2.761   2.761   2.761    1.892   1.895   1.896    0.869   0.866   0.864
2026-05-31 12:23:52.556 DATA SHAKE   2.133   2.133   2.133    1.897   1.900   1.901    0.236   0.233   0.232
2026-05-31 12:23:52.566 DATA SHAKE   1.882   1.882   1.882    1.897   1.900   1.901   -0.014  -0.017  -0.019
2026-05-31 12:23:52.576 DATA SHAKE   2.259   2.259   2.259    1.904   1.907   1.908    0.355   0.352   0.351
2026-05-31 12:23:52.586 DATA SHAKE   2.635   2.635   2.635    1.919   1.921   1.923    0.716   0.714   0.713
2026-05-31 12:23:52.596 DATA SHAKE   2.384   2.384   2.384    1.928   1.931   1.932    0.456   0.454   0.452
2026-05-31 12:23:52.606 DATA SHAKE   1.882   1.882   1.882    1.927   1.930   1.931   -0.045  -0.047  -0.048
2026-05-31 12:23:52.616 DATA SHAKE   1.067   1.067   1.067    1.910   1.912   1.914   -0.843  -0.846  -0.847
2026-05-31 12:23:52.626 DATA SHAKE   0.690   0.690   0.690    1.885   1.888   1.889   -1.195  -1.198  -1.199
2026-05-31 12:23:52.636 DATA SHAKE   0.376   0.376   0.376    1.855   1.858   1.859   -1.479  -1.481  -1.482
2026-05-31 12:23:52.646 DATA SHAKE   0.565   0.565   0.565    1.829   1.832   1.833   -1.265  -1.267  -1.268
2026-05-31 12:23:52.656 DATA SHAKE   0.690   0.690   0.690    1.807   1.809   1.810   -1.116  -1.119  -1.120
2026-05-31 12:23:52.666 DATA SHAKE   0.878   0.878   0.878    1.788   1.790   1.791   -0.910  -0.912  -0.913
2026-05-31 12:23:52.676 DATA SHAKE   1.694   1.694   1.694    1.786   1.788   1.789   -0.092  -0.094  -0.095
2026-05-31 12:23:52.686 DATA SHAKE   2.384   2.384   2.384    1.798   1.800   1.801    0.586   0.584   0.583
2026-05-31 12:23:52.696 DATA SHAKE   2.698   2.698   2.698    1.816   1.818   1.819    0.882   0.880   0.879
2026-05-31 12:23:52.706 DATA SHAKE   2.886   2.886   2.886    1.838   1.840   1.841    1.049   1.047   1.046
2026-05-31 12:23:52.716 DATA SHAKE   3.137   3.137   3.137    1.864   1.866   1.867    1.274   1.272   1.271
2026-05-31 12:23:52.726 DATA SHAKE   2.823   2.823   2.823    1.883   1.885   1.886    0.941   0.939   0.938
2026-05-31 12:23:52.736 DATA SHAKE   2.823   2.823   2.823    1.902   1.904   1.904    0.922   0.920   0.919
2026-05-31 12:23:52.746 DATA SHAKE   2.886   2.886   2.886    1.921   1.923   1.924    0.965   0.963   0.962
2026-05-31 12:23:52.756 DATA SHAKE   2.949   2.949   2.949    1.942   1.944   1.945    1.007   1.005   1.004
2026-05-31 12:23:52.766 DATA SHAKE   2.761   2.761   2.761    1.958   1.960   1.961    0.803   0.801   0.800
2026-05-31 12:23:52.776 DATA SHAKE   2.635   2.635   2.635    1.972   1.974   1.974    0.664   0.662   0.661
2026-05-31 12:23:52.786 DATA SHAKE   2.133   2.133   2.133    1.975   1.977   1.978    0.158   0.157   0.156
2026-05-31 12:23:52.796 DATA SHAKE   2.008   2.008   2.008    1.976   1.977   1.978    0.032   0.030   0.030
2026-05-31 12:23:52.806 DATA SHAKE   1.757   1.757   1.757    1.971   1.973   1.974   -0.214  -0.216  -0.217
2026-05-31 12:23:52.816 DATA SHAKE   1.569   1.569   1.569    1.963   1.965   1.966   -0.395  -0.396  -0.397
2026-05-31 12:23:52.826 DATA SHAKE   1.569   1.569   1.569    1.955   1.957   1.958   -0.387  -0.388  -0.389
2026-05-31 12:23:52.836 DATA SHAKE   1.569   1.569   1.569    1.948   1.949   1.950   -0.379  -0.381  -0.381
2026-05-31 12:23:52.846 DATA SHAKE   1.694   1.694   1.694    1.942   1.944   1.945   -0.248  -0.250  -0.251
2026-05-31 12:23:52.856 DATA SHAKE   2.008   2.008   2.008    1.944   1.945   1.946    0.064   0.062   0.062
2026-05-31 12:23:52.866 DATA SHAKE   2.259   2.259   2.259    1.950   1.952   1.952    0.309   0.307   0.306
2026-05-31 12:23:52.876 DATA SHAKE   2.510   2.510   2.510    1.961   1.963   1.963    0.548   0.547   0.546
2026-05-31 12:23:52.886 DATA SHAKE   2.761   2.761   2.761    1.977   1.979   1.979    0.783   0.782   0.781
2026-05-31 12:23:52.896 DATA SHAKE   2.698   2.698   2.698    1.992   1.993   1.994    0.706   0.705   0.704
2026-05-31 12:23:52.906 DATA SHAKE   2.196   2.196   2.196    1.996   1.997   1.998    0.200   0.199   0.198
2026-05-31 12:23:52.941 DATA SHAKE   1.318   1.318   1.318    1.982   1.984   1.984   -0.665  -0.666  -0.667
2026-05-31 12:23:52.951 DATA SHAKE   1.569   1.569   1.569    1.974   1.975   1.976   -0.405  -0.407  -0.407
2026-05-31 12:23:52.961 DATA SHAKE   2.196   2.196   2.196    1.978   1.980   1.980    0.218   0.216   0.216
2026-05-31 12:23:52.971 DATA SHAKE   3.953   3.953   3.953    2.018   2.019   2.020    1.935   1.934   1.933
2026-05-31 12:23:52.981 DATA SHAKE   4.392   4.392   4.392    2.065   2.067   2.067    2.327   2.325   2.325
2026-05-31 12:23:52.991 DATA SHAKE   4.706   4.706   4.706    2.118   2.119   2.120    2.588   2.586   2.586
2026-05-31 12:23:53.001 DATA SHAKE   4.769   4.769   4.769    2.171   2.172   2.173    2.597   2.596   2.596
2026-05-31 12:23:53.011 DATA SHAKE   4.204   4.204   4.204    2.212   2.213   2.214    1.992   1.991   1.990
2026-05-31 12:23:53.021 DATA SHAKE   3.263   3.263   3.263    2.233   2.234   2.235    1.030   1.029   1.028
2026-05-31 12:23:53.031 DATA SHAKE   2.447   2.447   2.447    2.237   2.238   2.239    0.210   0.209   0.208
2026-05-31 12:23:53.041 DATA SHAKE   1.443   1.443   1.443    2.221   2.222   2.223   -0.778  -0.779  -0.780
2026-05-31 12:23:53.051 DATA SHAKE   0.439   0.439   0.439    2.186   2.187   2.187   -1.746  -1.748  -1.748
2026-05-31 12:23:53.061 DATA SHAKE  -1.381  -1.381  -1.381    2.114   2.115   2.116   -3.495  -3.496  -3.496
2026-05-31 12:23:53.071 DATA SHAKE  -2.385  -2.385  -2.385    2.024   2.025   2.026   -4.409  -4.410  -4.410
2026-05-31 12:23:53.081 DATA SHAKE  -3.890  -3.890  -3.890    1.906   1.907   1.908   -5.796  -5.797  -5.798
2026-05-31 12:23:53.091 DATA SHAKE  -5.271  -5.271  -5.271    1.762   1.764   1.764   -7.033  -7.034  -7.035
2026-05-31 12:23:53.101 DATA SHAKE  -6.777  -6.777  -6.777    1.592   1.593   1.593   -8.368  -8.369  -8.370
2026-05-31 12:23:53.111 DATA SHAKE  -7.530  -7.530  -7.530    1.409   1.410   1.411   -8.939  -8.940  -8.940
2026-05-31 12:23:53.121 DATA SHAKE   7.780   7.780   7.780    1.537   1.538   1.538    6.244   6.243   6.242
2026-05-31 12:23:53.131 DATA SHAKE   6.212   6.212   6.212    1.630   1.631   1.632    4.581   4.581   4.580
2026-05-31 12:23:53.141 DATA SHAKE   3.325   3.325   3.325    1.664   1.665   1.665    1.661   1.660   1.660
2026-05-31 12:23:53.151 DATA SHAKE   2.008   2.008   2.008    1.671   1.672   1.672    0.337   0.336   0.336
2026-05-31 12:23:53.161 DATA SHAKE  -6.275  -6.275  -6.275    1.512   1.513   1.513   -7.787  -7.788  -7.788
2026-05-31 12:23:53.171 DATA SHAKE   4.204   4.204   4.204    1.566   1.567   1.567    2.638   2.637   2.637
2026-05-31 12:23:53.181 DATA SHAKE   5.145   5.145   5.145    1.637   1.638   1.639    3.508   3.507   3.506
2026-05-31 12:23:53.191 DATA SHAKE   3.514   3.514   3.514    1.675   1.676   1.676    1.839   1.838   1.837
2026-05-31 12:23:53.201 DATA SHAKE   1.882   1.882   1.882    1.679   1.680   1.680    0.203   0.202   0.202
2026-05-31 12:23:53.211 DATA SHAKE  -6.902  -6.902  -6.902    1.508   1.508   1.509   -8.410  -8.410  -8.411
2026-05-31 12:23:53.221 DATA SHAKE   3.200   3.200   3.200    1.541   1.542   1.543    1.659   1.658   1.657
2026-05-31 12:23:53.231 DATA SHAKE   6.463   6.463   6.463    1.640   1.641   1.641    4.823   4.822   4.822
2026-05-31 12:23:53.241 DATA SHAKE   3.263   3.263   3.263    1.672   1.673   1.673    1.590   1.590   1.589
2026-05-31 12:23:53.251 DATA SHAKE   4.580   4.580   4.580    1.730   1.731   1.732    2.850   2.849   2.849
2026-05-31 12:23:53.261 DATA SHAKE   6.463   6.463   6.463    1.825   1.826   1.826    4.638   4.637   4.637
2026-05-31 12:23:53.271 DATA SHAKE  -6.965  -6.965  -6.965    1.649   1.650   1.650   -8.614  -8.615  -8.615
2026-05-31 12:23:53.281 DATA SHAKE   6.086   6.086   6.086    1.738   1.739   1.739    4.348   4.347   4.347
2026-05-31 12:23:53.291 DATA SHAKE   3.012   3.012   3.012    1.763   1.764   1.764    1.248   1.248   1.247
2026-05-31 12:23:53.301 DATA SHAKE  -4.581  -4.581  -4.581    1.637   1.637   1.638   -6.217  -6.218  -6.218
2026-05-31 12:23:53.311 DATA SHAKE  -0.753  -0.753  -0.753    1.589   1.589   1.590   -2.342  -2.343  -2.343
2026-05-31 12:23:53.321 DATA SHAKE  -6.777  -6.777   6.149    1.421   1.422   1.681   -8.198  -8.199   4.468
2026-05-31 12:23:53.331 DATA SHAKE  -6.086  -6.086  -6.086    1.271   1.272   1.526   -7.358  -7.358  -7.612
2026-05-31 12:23:53.341 DATA SHAKE   1.380   1.380   1.380    1.274   1.274   1.523    0.107   0.106  -0.142
2026-05-31 12:23:53.351 DATA SHAKE  -6.526  -6.526  -6.526    1.118   1.118   1.362   -7.643  -7.644  -7.887
2026-05-31 12:23:53.361 DATA SHAKE  -6.086  -6.086  -6.086    0.973   0.974   1.213   -7.060  -7.060  -7.299
2026-05-31 12:23:53.371 DATA SHAKE  -7.906  -7.906  -7.906    0.796   0.796   1.030   -8.702  -8.702  -8.936
2026-05-31 12:23:53.381 DATA SHAKE   1.255   1.255   1.255    0.805   0.806   1.035    0.450   0.449   0.220
2026-05-31 12:23:53.391 DATA SHAKE  -0.188  -0.188  -0.188    0.785   0.786   1.010   -0.974  -0.974  -1.199
2026-05-31 12:23:53.401 DATA SHAKE   6.714   6.714   6.714    0.904   0.904   1.124    5.810   5.809   5.589
2026-05-31 12:23:53.411 DATA SHAKE  -6.149  -0.251  -0.251    0.763   0.881   1.097   -6.912  -1.132  -1.348
2026-05-31 12:23:53.446 DATA SHAKE  -2.698  -2.698  -2.698    0.693   0.810   1.021   -3.392  -3.508  -3.719
2026-05-31 12:23:53.456 DATA SHAKE  -3.953  -3.953  -3.953    0.601   0.714   0.922   -4.554  -4.667  -4.875
2026-05-31 12:23:53.466 DATA SHAKE   0.565   0.565   0.565    0.600   0.711   0.914   -0.035  -0.147  -0.350
2026-05-31 12:23:53.476 DATA SHAKE   4.831   4.831   4.831    0.684   0.794   0.993    4.147   4.038   3.839
2026-05-31 12:23:53.486 DATA SHAKE   1.820   1.820   1.820    0.707   0.814   1.009    1.112   1.005   0.810
2026-05-31 12:23:53.496 DATA SHAKE  -2.886  -2.886  -2.886    0.635   0.740   0.931   -3.522  -3.627  -3.818
2026-05-31 12:23:53.506 DATA SHAKE  -1.694  -1.694  -1.694    0.589   0.692   0.879   -2.283  -2.386  -2.573
2026-05-31 12:23:53.516 DATA SHAKE   4.580   4.580   4.580    0.669   0.769   0.953    3.912   3.811   3.627
2026-05-31 12:23:53.526 DATA SHAKE  -7.153  -7.153  -7.153    0.512   0.611   0.791   -7.665  -7.764  -7.944
2026-05-31 12:23:53.536 DATA SHAKE   3.827   3.827   3.827    0.578   0.675   0.852    3.249   3.152   2.976
2026-05-31 12:23:53.546 DATA SHAKE  -3.451  -3.451  -3.451    0.498   0.593   0.765   -3.949  -4.044  -4.217
2026-05-31 12:23:53.556 DATA SHAKE  -2.761  -2.761  -2.761    0.433   0.526   0.695   -3.194  -3.287  -3.456
2026-05-31 12:23:53.566 DATA SHAKE  -6.463  -6.463  -6.463    0.295   0.386   0.552   -6.758  -6.849  -7.015
2026-05-31 12:23:53.576 DATA SHAKE  -7.969  -7.969  -7.969    0.129   0.219   0.381   -8.098  -8.188  -8.350
2026-05-31 12:23:53.586 DATA SHAKE  -2.196  -2.196  -2.196    0.083   0.170   0.330   -2.279  -2.367  -2.526
2026-05-31 12:23:53.596 DATA SHAKE  -5.396  -5.396  -5.396   -0.027   0.059   0.215   -5.370  -5.455  -5.612
2026-05-31 12:23:53.606 DATA SHAKE   4.204   4.204   4.204    0.058   0.142   0.295    4.146   4.062   3.909
2026-05-31 12:23:53.616 DATA SHAKE   3.514   3.514   3.514    0.127   0.209   0.359    3.387   3.304   3.154
2026-05-31 12:23:53.626 DATA SHAKE  -7.090  -7.090  -7.090   -0.017   0.063   0.210   -7.073  -7.154  -7.301
2026-05-31 12:23:53.636 DATA SHAKE   5.521   5.521   5.521    0.093   0.173   0.317    5.428   5.349   5.205
2026-05-31 12:23:53.646 DATA SHAKE  -1.067  -1.067  -1.067    0.070   0.148   0.289   -1.137  -1.215  -1.356
2026-05-31 12:23:53.656 DATA SHAKE  -4.392  -4.392  -4.894   -0.019   0.057   0.185   -4.373  -4.449  -5.080
2026-05-31 12:23:53.666 DATA SHAKE  -0.188  -0.188  -0.188   -0.022   0.052   0.178   -0.166  -0.241  -0.366
2026-05-31 12:23:53.676 DATA SHAKE  -7.906  -7.906  -7.906   -0.180  -0.107   0.016   -7.726  -7.799  -7.922
2026-05-31 12:23:53.686 DATA SHAKE  -3.388  -3.388  -3.388   -0.244  -0.173  -0.052   -3.144  -3.216  -3.337
2026-05-31 12:23:53.696 DATA SHAKE  -6.839  -6.839  -6.839   -0.376  -0.306  -0.188   -6.463  -6.533  -6.652
2026-05-31 12:23:53.706 DATA SHAKE  -7.718  -7.718  -7.718   -0.523  -0.454  -0.338   -7.195  -7.264  -7.380
2026-05-31 12:23:53.716 DATA SHAKE   5.898   5.898   5.898   -0.395  -0.327  -0.214    6.292   6.225   6.111
2026-05-31 12:23:53.726 DATA SHAKE  -3.263  -3.263  -3.263   -0.452  -0.386  -0.275   -2.811  -2.877  -2.988
2026-05-31 12:23:53.736 DATA SHAKE   4.643   4.643   4.643   -0.350  -0.285  -0.176    4.993   4.928   4.819
2026-05-31 12:23:53.746 DATA SHAKE  -5.083   6.230   6.212   -0.445  -0.155  -0.048   -4.638   6.385   6.260
2026-05-31 12:23:53.756 DATA SHAKE   0.251   0.251   0.251   -0.431  -0.147  -0.042    0.682   0.398   0.293
2026-05-31 12:23:53.766 DATA SHAKE   7.592   7.592   7.592   -0.270   0.008   0.110    7.862   7.584   7.482
2026-05-31 12:23:53.776 DATA SHAKE  -1.506  -1.506  -1.506   -0.295  -0.022   0.078   -1.211  -1.484  -1.584
2026-05-31 12:23:53.786 DATA SHAKE   7.718   7.718   7.718   -0.135   0.132   0.231    7.852   7.585   7.487
2026-05-31 12:23:53.796 DATA SHAKE   3.388   3.388   3.388   -0.064   0.198   0.294    3.452   3.191   3.094
2026-05-31 12:23:53.806 DATA SHAKE   1.506   1.506   1.506   -0.033   0.224   0.318    1.539   1.282   1.188
2026-05-31 12:23:53.816 DATA SHAKE   7.843   7.843   7.843    0.125   0.376   0.469    7.718   7.467   7.374
2026-05-31 12:23:53.826 DATA SHAKE   5.208   5.208   5.208    0.226   0.473   0.563    4.981   4.735   4.644
2026-05-31 12:23:53.836 DATA SHAKE   6.189   6.212   6.212    0.346   0.587   0.676    5.844   5.624   5.535
2026-05-31 12:23:53.846 DATA SHAKE   5.271   5.271   5.271    0.444   0.681   0.768    4.826   4.589   4.502
2026-05-31 12:23:53.856 DATA SHAKE  -5.522  -5.522  -5.522    0.325   0.557   0.642   -5.846  -6.079  -6.164
2026-05-31 12:23:53.866 DATA SHAKE   1.004   1.004   1.004    0.338   0.566   0.650    0.666   0.438   0.354
2026-05-31 12:23:53.876 DATA SHAKE   0.627   0.627   0.627    0.344   0.567   0.649    0.283   0.060  -0.022
2026-05-31 12:23:53.886 DATA SHAKE  -2.698  -2.698  -2.698    0.283   0.502   0.582   -2.982  -3.200  -3.281
2026-05-31 12:23:53.896 DATA SHAKE   4.580   4.580   4.580    0.369   0.583   0.662    4.211   3.997   3.918
2026-05-31 12:23:53.906 DATA SHAKE   0.627   0.627   0.627    0.374   0.584   0.662    0.253   0.043  -0.034
2026-05-31 12:23:53.916 DATA SHAKE  -2.071  -2.071  -2.071    0.325   0.531   0.607   -2.396  -2.602  -2.678
2026-05-31 12:23:53.951 DATA SHAKE   0.502   0.502   0.502    0.329   0.531   0.605    0.173  -0.029  -0.103
2026-05-31 12:23:53.961 DATA SHAKE   1.067   1.067   1.067    0.344   0.541   0.614    0.723   0.525   0.453
2026-05-31 12:23:53.971 DATA SHAKE   4.455   4.455   4.455    0.426   0.620   0.691    4.029   3.835   3.764
2026-05-31 12:23:53.981 DATA SHAKE   5.521   5.521   5.521    0.528   0.718   0.787    4.994   4.804   4.734
2026-05-31 12:23:53.991 DATA SHAKE  -0.502  -0.502   5.020    0.507   0.693   0.872   -1.009  -1.196   4.147
2026-05-31 12:23:54.001 DATA SHAKE  -3.326  -3.326  -3.326    0.431   0.613   0.788   -3.756  -3.939  -4.114
2026-05-31 12:23:54.011 DATA SHAKE   1.945   1.945   1.945    0.461   0.640   0.811    1.484   1.305   1.134
2026-05-31 12:23:54.021 DATA SHAKE  -6.212  -6.212  -6.212    0.327   0.503   0.671   -6.539  -6.714  -6.883
2026-05-31 12:23:54.031 DATA SHAKE   3.451   3.451   3.451    0.390   0.562   0.726    3.061   2.889   2.725
2026-05-31 12:23:54.041 DATA SHAKE  -6.463  -6.463  -6.463    0.253   0.421   0.583   -6.716  -6.884  -7.046
2026-05-31 12:23:54.051 DATA SHAKE  -1.192  -1.192  -1.192    0.224   0.389   0.547   -1.416  -1.581  -1.740
2026-05-31 12:23:54.061 DATA SHAKE  -4.957  -4.957  -4.957    0.120   0.282   0.437   -5.077  -5.239  -5.394
2026-05-31 12:23:54.071 DATA SHAKE   5.647   5.647   5.647    0.231   0.389   0.541    5.416   5.258   5.106
2026-05-31 12:23:54.081 DATA SHAKE   2.949  -4.392  -4.392    0.285   0.294   0.443    2.664  -4.686  -4.835
2026-05-31 12:23:54.091 DATA SHAKE   4.643   4.643   4.643    0.372   0.381   0.527    4.271   4.263   4.116
2026-05-31 12:23:54.101 DATA SHAKE  -1.569  -1.569  -1.569    0.334   0.342   0.485   -1.902  -1.910  -2.054
2026-05-31 12:23:54.111 DATA SHAKE  -6.149  -6.149  -6.149    0.204   0.212   0.352   -6.353  -6.361  -6.501
2026-05-31 12:23:54.121 DATA SHAKE  -1.318  -1.318  -1.318    0.173   0.181   0.319   -1.491  -1.499  -1.636
2026-05-31 12:23:54.131 DATA SHAKE   6.902   6.902   6.902    0.308   0.316   0.450    6.594   6.586   6.452
2026-05-31 12:23:54.141 DATA SHAKE   1.694   1.694   1.694    0.336   0.343   0.475    1.358   1.351   1.219
2026-05-31 12:23:54.151 DATA SHAKE   4.580   4.580   4.580    0.421   0.428   0.557    4.160   4.152   4.023
2026-05-31 12:23:54.161 DATA SHAKE   4.894   4.894   4.894    0.510   0.517   0.644    4.384   4.377   4.250
2026-05-31 12:23:54.171 DATA SHAKE  -0.120  -0.063  -0.063    0.498   0.506   0.630   -0.618  -0.569  -0.693
2026-05-31 12:23:54.181 DATA SHAKE  -6.839  -6.839  -6.839    0.351   0.359   0.480   -7.190  -7.198  -7.320
2026-05-31 12:23:54.191 DATA SHAKE  -4.769  -4.769  -4.769    0.248   0.256   0.375   -5.017  -5.025  -5.144
2026-05-31 12:23:54.201 DATA SHAKE   3.074   3.074   3.074    0.305   0.312   0.429    2.770   2.762   2.645
2026-05-31 12:23:54.211 DATA SHAKE   3.514   3.514   3.514    0.369   0.377   0.491    3.145   3.137   3.023
2026-05-31 12:23:54.221 DATA SHAKE  -1.569  -1.569  -1.569    0.330   0.338   0.450   -1.899  -1.906  -2.019
2026-05-31 12:23:54.231 DATA SHAKE   7.718   7.718   7.718    0.478   0.485   0.595    7.239   7.232   7.122
2026-05-31 12:23:54.241 DATA SHAKE  -1.945  -1.945  -1.945    0.430   0.437   0.544   -2.375  -2.382  -2.490
2026-05-31 12:23:54.251 DATA SHAKE   3.137   3.137   3.137    0.484   0.491   0.596    2.653   2.647   2.541
2026-05-31 12:23:54.261 DATA SHAKE   7.969   7.969   7.969    0.633   0.640   0.744    7.335   7.328   7.225
2026-05-31 12:23:54.271 DATA SHAKE   2.886   2.886   2.886    0.679   0.685   0.787    2.208   2.201   2.100
2026-05-31 12:23:54.281 DATA SHAKE  -7.592  -7.592  -7.592    0.513   0.520   0.619   -8.105  -8.112  -8.211
2026-05-31 12:23:54.291 DATA SHAKE   4.141   4.141   4.141    0.586   0.592   0.689    3.555   3.549   3.452
2026-05-31 12:23:54.301 DATA SHAKE  -6.275  -6.275  -6.275    0.448   0.455   0.550   -6.723  -6.729  -6.825
2026-05-31 12:23:54.311 DATA SHAKE   0.314   0.314   0.314    0.446   0.452   0.545   -0.132  -0.138  -0.232
2026-05-31 12:23:54.321 DATA SHAKE   0.753   0.753   0.753    0.452   0.458   0.550    0.301   0.295   0.203
2026-05-31 12:23:54.331 DATA SHAKE  -1.945  -1.945  -1.945    0.404   0.410   0.500   -2.349  -2.355  -2.445
2026-05-31 12:23:54.341 DATA SHAKE  -3.639  -3.639  -3.639    0.323   0.329   0.417   -3.962  -3.968  -4.056
2026-05-31 12:23:54.351 DATA SHAKE  -6.275  -6.275  -6.275    0.191   0.197   0.283   -6.466  -6.471  -6.558
2026-05-31 12:23:54.361 DATA SHAKE  -6.149  -6.149  -6.149    0.064   0.070   0.154   -6.213  -6.219  -6.304
2026-05-31 12:23:54.371 DATA SHAKE  -2.886  -2.886  -2.886    0.005   0.011   0.094   -2.892  -2.897  -2.980
2026-05-31 12:23:54.381 DATA SHAKE   3.074   3.074   3.074    0.067   0.072   0.153    3.008   3.003   2.921
2026-05-31 12:23:54.391 DATA SHAKE   4.141   4.141   4.141    0.148   0.153   0.233    3.993   3.988   3.908
2026-05-31 12:23:54.401 DATA SHAKE  -7.153  -7.153  -7.153    0.002   0.007   0.085   -7.155  -7.160  -7.238
2026-05-31 12:23:54.411 DATA SHAKE  -6.714  -6.714  -6.714   -0.132  -0.127  -0.051   -6.582  -6.587  -6.663
2026-05-31 12:23:54.412 PROMPT rest_start cycle=3
2026-05-31 12:23:54.446 DATA REST  -6.839  -6.839  -6.839   -0.266  -0.261  -0.186   -6.573  -6.578  -6.653
2026-05-31 12:23:54.456 DATA REST   0.376   0.376   0.376   -0.253  -0.249  -0.175    0.630   0.625   0.552
2026-05-31 12:23:54.466 DATA REST   7.090   7.090   7.090   -0.107  -0.102  -0.030    7.197   7.192   7.120
2026-05-31 12:23:54.476 DATA REST  -0.565  -0.565  -0.565   -0.116  -0.111  -0.041   -0.449  -0.454  -0.524
2026-05-31 12:23:54.486 DATA REST  -4.706  -4.706  -4.706   -0.208  -0.203  -0.134   -4.499  -4.503  -4.572
2026-05-31 12:23:54.496 DATA REST  -2.698  -2.698  -2.698   -0.257  -0.253  -0.185   -2.441  -2.445  -2.513
2026-05-31 12:23:54.506 DATA REST   1.067   2.259   2.259   -0.231  -0.203  -0.136    1.298   2.462   2.395
2026-05-31 12:23:54.516 DATA REST  -7.781  -7.781  -7.781   -0.382  -0.354  -0.289   -7.399  -7.426  -7.491
2026-05-31 12:23:54.526 DATA REST  -2.761  -2.761  -2.761   -0.429  -0.402  -0.339   -2.332  -2.359  -2.422
2026-05-31 12:23:54.536 DATA REST  -4.204  -4.204  -4.204   -0.505  -0.478  -0.416   -3.699  -3.726  -3.788
2026-05-31 12:23:54.546 DATA REST   0.439   0.439   0.439   -0.486  -0.460  -0.399    0.925   0.899   0.838
2026-05-31 12:23:54.556 DATA REST  -6.902  -6.902  -6.902   -0.614  -0.589  -0.529   -6.288  -6.313  -6.373
2026-05-31 12:23:54.566 DATA REST   4.706   4.706   4.706   -0.508  -0.483  -0.424    5.214   5.189   5.130
2026-05-31 12:23:54.576 DATA REST   6.463   6.463   6.463   -0.369  -0.344  -0.286    6.831   6.807   6.749
2026-05-31 12:23:54.586 DATA REST   2.761   2.761   2.761   -0.306  -0.282  -0.226    3.067   3.043   2.986
2026-05-31 12:23:54.596 DATA REST   0.125   0.125   0.125   -0.297  -0.274  -0.219    0.423   0.399   0.344
2026-05-31 12:23:54.606 DATA REST   4.894   4.894   4.894   -0.194  -0.171  -0.116    5.088   5.065   5.010
2026-05-31 12:23:54.616 DATA REST  -4.267  -4.267  -4.267   -0.275  -0.252  -0.199   -3.992  -4.014  -4.068
2026-05-31 12:23:54.626 DATA REST   7.027   7.027   7.027   -0.129  -0.107  -0.055    7.156   7.134   7.082
2026-05-31 12:23:54.636 DATA REST   3.137   3.137   3.137   -0.064  -0.042   0.009    3.201   3.179   3.128
2026-05-31 12:23:54.646 DATA REST  -6.024  -6.024  -6.024   -0.183  -0.162  -0.112   -5.841  -5.862  -5.912
2026-05-31 12:23:54.656 DATA REST   0.439   0.439   0.439   -0.170  -0.150  -0.101    0.610   0.589   0.540
2026-05-31 12:23:54.666 DATA REST   6.463   6.463   6.463   -0.038  -0.017   0.031    6.500   6.480   6.432
2026-05-31 12:23:54.676 DATA REST   5.961   5.961   5.961    0.082   0.102   0.149    5.878   5.858   5.811
2026-05-31 12:23:54.686 DATA REST  -3.388  -3.388  -3.388    0.013   0.032   0.079   -3.401  -3.421  -3.467
2026-05-31 12:23:54.696 DATA REST  -7.969  -7.969  -7.969   -0.147  -0.128  -0.082   -7.822  -7.841  -7.886
2026-05-31 12:23:54.706 DATA REST   1.255   1.255   1.255   -0.119  -0.100  -0.056    1.374   1.355   1.311
2026-05-31 12:23:54.716 DATA REST  -6.149  -6.149  -6.149   -0.239  -0.221  -0.177   -5.910  -5.928  -5.972
2026-05-31 12:23:54.726 DATA REST  -2.196  -2.196  -2.196   -0.279  -0.260  -0.218   -1.918  -1.936  -1.978
2026-05-31 12:23:54.736 DATA REST   2.761   2.761   2.761   -0.218  -0.200  -0.158    2.978   2.961   2.919
2026-05-31 12:23:54.746 DATA REST   4.204   4.204   4.204   -0.129  -0.112  -0.071    4.333   4.316   4.275
2026-05-31 12:23:54.756 DATA REST   7.090   7.090   7.090    0.015   0.032   0.072    7.075   7.058   7.018
2026-05-31 12:23:54.766 DATA REST   6.212   6.212   6.212    0.139   0.156   0.195    6.073   6.056   6.017
2026-05-31 12:23:54.776 DATA REST  -1.381  -1.381  -1.381    0.109   0.125   0.163   -1.489  -1.506  -1.544
2026-05-31 12:23:54.786 DATA REST  -1.632  -1.632  -1.632    0.074   0.090   0.128   -1.705  -1.721  -1.759
2026-05-31 12:23:54.796 DATA REST   3.514   3.514   3.514    0.143   0.158   0.195    3.371   3.355   3.318
2026-05-31 12:23:54.806 DATA REST   5.333   5.333   5.333    0.246   0.262   0.298    5.087   5.071   5.035
2026-05-31 12:23:54.816 DATA REST  -6.588  -6.588  -6.588    0.110   0.125   0.160   -6.698  -6.713  -6.749
2026-05-31 12:23:54.826 DATA REST   6.337   6.337   6.337    0.234   0.249   0.284    6.103   6.088   6.053
2026-05-31 12:23:54.836 DATA REST   3.200   3.200   3.200    0.294   0.308   0.342    2.906   2.892   2.858
2026-05-31 12:23:54.846 DATA REST  -1.945  -1.945  -1.945    0.249   0.263   0.296   -2.194  -2.208  -2.242
2026-05-31 12:23:54.856 DATA REST   2.322   2.322   2.322    0.290   0.304   0.337    2.031   2.017   1.985
2026-05-31 12:23:54.866 DATA REST   5.961   5.961   5.961    0.404   0.417   0.449    5.557   5.543   5.511
2026-05-31 12:23:54.876 DATA REST  -7.153  -7.153  -7.153    0.253   0.266   0.297   -7.406  -7.419  -7.450
2026-05-31 12:23:54.886 DATA REST  -2.134  -2.134  -2.134    0.205   0.218   0.249   -2.338  -2.351  -2.382
2026-05-31 12:23:54.896 DATA REST   0.816   0.816   0.816    0.217   0.230   0.260    0.599   0.586   0.556
2026-05-31 12:23:54.906 DATA REST   4.957   4.957   4.957    0.312   0.324   0.354    4.645   4.632   4.603
2026-05-31 12:23:54.916 DATA REST   7.404   7.404   7.404    0.454   0.466   0.495    6.950   6.938   6.909
2026-05-31 12:23:54.951 DATA REST  -2.949  -2.949  -2.949    0.386   0.398   0.426   -3.335  -3.347  -3.375
2026-05-31 12:23:54.961 DATA REST  -6.337  -6.337  -6.337    0.251   0.263   0.291   -6.589  -6.600  -6.628
2026-05-31 12:23:54.971 DATA REST  -7.843  -7.843  -7.843    0.089   0.101   0.128   -7.933  -7.944  -7.971
2026-05-31 12:23:54.981 DATA REST  -2.322  -2.322  -2.322    0.041   0.052   0.079   -2.363  -2.374  -2.401
2026-05-31 12:23:54.991 DATA REST   2.447   2.447   2.447    0.089   0.100   0.127    2.358   2.347   2.321
2026-05-31 12:23:55.001 DATA REST   3.514   3.514   3.514    0.158   0.169   0.194    3.356   3.345   3.319
2026-05-31 12:23:55.011 DATA REST   4.894   4.894   4.894    0.252   0.263   0.288    4.642   4.631   4.606
2026-05-31 12:23:55.021 DATA REST   5.521   5.521   5.521    0.358   0.368   0.393    5.164   5.153   5.129
2026-05-31 12:23:55.031 DATA REST  -0.628  -0.628  -0.628    0.338   0.348   0.373   -0.966  -0.976  -1.000
2026-05-31 12:23:55.041 DATA REST  -2.949  -2.949  -2.949    0.272   0.282   0.306   -3.222  -3.232  -3.255
2026-05-31 12:23:55.051 DATA REST  -4.832  -4.832  -4.832    0.170   0.180   0.203   -5.002  -5.012  -5.035
2026-05-31 12:23:55.061 DATA REST   7.655   7.655   7.655    0.320   0.330   0.352    7.335   7.325   7.302
2026-05-31 12:23:55.071 DATA REST  -0.314  -0.314  -0.314    0.307   0.317   0.339   -0.621  -0.631  -0.653
2026-05-31 12:23:55.081 DATA REST  -2.761  -2.761  -2.761    0.246   0.255   0.277   -3.007  -3.016  -3.038
2026-05-31 12:23:55.091 DATA REST  -3.702  -3.702  -3.702    0.167   0.176   0.197   -3.869  -3.878  -3.900
2026-05-31 12:23:55.101 DATA REST   7.843   7.843   7.843    0.320   0.329   0.350    7.523   7.514   7.493
2026-05-31 12:23:55.111 DATA REST   3.137   3.137   3.137    0.377   0.385   0.406    2.760   2.752   2.731
2026-05-31 12:23:55.121 DATA REST   4.769   4.769   4.769    0.465   0.473   0.493    4.304   4.295   4.275
2026-05-31 12:23:55.131 DATA REST  -7.969  -7.969  -7.969    0.296   0.304   0.324   -8.265  -8.273  -8.293
2026-05-31 12:23:55.141 DATA REST  -3.577  -3.577  -3.577    0.218   0.227   0.246   -3.795  -3.803  -3.823
2026-05-31 12:23:55.151 DATA REST  -1.192  -1.192  -1.192    0.190   0.198   0.217   -1.383  -1.391  -1.410
2026-05-31 12:23:55.161 DATA REST  -5.459  -5.459  -5.459    0.077   0.085   0.104   -5.536  -5.544  -5.563
2026-05-31 12:23:55.171 DATA REST  -6.965  -6.965  -6.965   -0.064  -0.056  -0.038   -6.901  -6.909  -6.927
2026-05-31 12:23:55.181 DATA REST  -7.655  -7.655  -7.655   -0.215  -0.208  -0.190   -7.440  -7.447  -7.465
2026-05-31 12:23:55.191 DATA REST   7.153   7.153   7.153   -0.068  -0.061  -0.043    7.221   7.213   7.196
2026-05-31 12:23:55.201 DATA REST   5.710   5.710   5.710    0.048   0.055   0.072    5.662   5.655   5.638
2026-05-31 12:23:55.211 DATA REST   5.208   5.208   5.208    0.151   0.158   0.175    5.057   5.050   5.033
2026-05-31 12:23:55.221 DATA REST   3.953   3.953   3.953    0.227   0.234   0.250    3.726   3.719   3.703
2026-05-31 12:23:55.231 DATA REST   1.569   1.569   1.569    0.254   0.260   0.277    1.315   1.308   1.292
2026-05-31 12:23:55.241 DATA REST  -1.569  -1.569  -4.069    0.217   0.224   0.190   -1.786  -1.793  -4.259
2026-05-31 12:23:55.251 DATA REST  -4.518  -4.518  -4.518    0.122   0.129   0.096   -4.640  -4.647  -4.613
2026-05-31 12:23:55.261 DATA REST  -4.832  -4.832  -4.832    0.023   0.030  -0.003   -4.855  -4.861  -4.829
2026-05-31 12:23:55.271 DATA REST  -7.655  -7.655  -7.655   -0.130  -0.124  -0.156   -7.525  -7.531  -7.499
2026-05-31 12:23:55.281 DATA REST   5.584   5.584   5.584   -0.016  -0.010  -0.041    5.600   5.594   5.625
2026-05-31 12:23:55.291 DATA REST   2.635   2.635   2.635    0.037   0.043   0.012    2.598   2.592   2.623
2026-05-31 12:23:55.301 DATA REST   2.510   2.510   2.510    0.087   0.093   0.062    2.423   2.417   2.448
2026-05-31 12:23:55.311 DATA REST   2.949   2.949   2.949    0.144   0.150   0.120    2.805   2.799   2.829
2026-05-31 12:23:55.321 DATA REST   2.196   2.196   2.196    0.185   0.191   0.162    2.011   2.005   2.035
2026-05-31 12:23:55.331 DATA REST   0.627   0.752   0.753    0.194   0.202   0.173    0.434   0.551   0.580
2026-05-31 12:23:55.341 DATA REST   1.694   1.694   1.694    0.224   0.232   0.204    1.470   1.462   1.490
2026-05-31 12:23:55.351 DATA REST   3.200   3.200   3.200    0.283   0.291   0.264    2.917   2.909   2.936
2026-05-31 12:23:55.361 DATA REST   4.392   4.392   4.392    0.365   0.373   0.346    4.027   4.019   4.046
2026-05-31 12:23:55.371 DATA REST   5.333   5.333   5.333    0.465   0.472   0.446    4.868   4.861   4.887
2026-05-31 12:23:55.381 DATA REST   4.204   4.204   4.204    0.540   0.547   0.521    3.664   3.657   3.683
2026-05-31 12:23:55.391 DATA REST   3.639   3.639   3.639    0.602   0.609   0.584    3.038   3.030   3.056
2026-05-31 12:23:55.401 DATA REST   3.451   3.451   3.451    0.659   0.666   0.641    2.792   2.785   2.810
2026-05-31 12:23:55.411 DATA REST   3.639   3.639   3.639    0.718   0.725   0.701    2.921   2.914   2.938
2026-05-31 12:23:55.421 DATA REST   4.769   6.463   6.463    0.799   0.840   0.816    3.969   5.623   5.647
2026-05-31 12:23:55.455 DATA REST  -7.843  -7.843  -7.843    0.626   0.666   0.643   -8.470  -8.509  -8.486
2026-05-31 12:23:55.465 DATA REST  -7.153  -7.153  -7.153    0.471   0.510   0.487   -7.624  -7.663  -7.640
2026-05-31 12:23:55.475 DATA REST  -7.404  -7.404  -7.404    0.313   0.351   0.329   -7.717  -7.756  -7.733
2026-05-31 12:23:55.485 DATA REST   7.529   7.529   7.529    0.458   0.495   0.473    7.072   7.034   7.056
2026-05-31 12:23:55.495 DATA REST  -6.714  -6.714  -6.714    0.314   0.351   0.329   -7.028  -7.065  -7.043
2026-05-31 12:23:55.505 DATA REST  -5.083  -5.083  -5.083    0.206   0.242   0.221   -5.289  -5.325  -5.304
2026-05-31 12:23:55.515 DATA REST  -3.702  -3.702  -3.702    0.128   0.163   0.143   -3.830  -3.865  -3.845
2026-05-31 12:23:55.525 DATA REST  -2.824  -2.824  -2.824    0.069   0.104   0.083   -2.893  -2.927  -2.907
2026-05-31 12:23:55.535 DATA REST  -3.326  -3.326  -3.326    0.001   0.035   0.015   -3.327  -3.361  -3.341
2026-05-31 12:23:55.545 DATA REST  -5.459  -5.459  -5.459   -0.108  -0.075  -0.094   -5.351  -5.384  -5.365
2026-05-31 12:23:55.555 DATA REST  -6.777  -6.777  -6.777   -0.241  -0.209  -0.228   -6.535  -6.568  -6.549
2026-05-31 12:23:55.565 DATA REST   7.278   7.278   7.278   -0.091  -0.059  -0.078    7.369   7.338   7.356
2026-05-31 12:23:55.575 DATA REST   7.090   7.090   7.090    0.053   0.084   0.066    7.038   7.006   7.025
2026-05-31 12:23:55.585 DATA REST   7.278   7.278   7.278    0.197   0.228   0.210    7.081   7.051   7.069
2026-05-31 12:23:55.595 DATA REST   7.780   7.780   7.780    0.349   0.379   0.361    7.432   7.402   7.419
2026-05-31 12:23:55.605 DATA REST   6.274   6.274   6.274    0.467   0.497   0.479    5.807   5.778   5.795
2026-05-31 12:23:55.615 DATA REST   3.953   3.953   3.953    0.537   0.566   0.549    3.416   3.387   3.404
2026-05-31 12:23:55.625 DATA REST   4.141   4.141   3.141    0.609   0.637   0.601    3.532   3.504   2.540
2026-05-31 12:23:55.635 DATA REST   1.569   1.569   1.569    0.628   0.656   0.620    0.940   0.913   0.948
2026-05-31 12:23:55.645 DATA REST   1.318   1.318   1.318    0.642   0.669   0.634    0.676   0.648   0.684
2026-05-31 12:23:55.655 DATA REST   2.698   2.698   2.698    0.683   0.710   0.675    2.015   1.988   2.023
2026-05-31 12:23:55.665 DATA REST   3.702   3.702   3.702    0.744   0.770   0.736    2.958   2.932   2.966
2026-05-31 12:23:55.675 DATA REST   6.023   6.023   6.023    0.849   0.875   0.842    5.174   5.149   5.182
2026-05-31 12:23:55.685 DATA REST   7.906   7.906   7.906    0.990   1.015   0.983    6.916   6.890   6.923
2026-05-31 12:23:55.695 DATA REST   6.463   6.463   6.463    1.100   1.124   1.093    5.363   5.338   5.370
2026-05-31 12:23:55.705 DATA REST   4.016   4.016   4.016    1.158   1.182   1.151    2.858   2.834   2.865
2026-05-31 12:23:55.715 DATA REST   2.196   2.196   1.380    1.179   1.202   1.156    1.017   0.994   0.225
2026-05-31 12:23:55.725 DATA REST   0.565   0.565   0.565    1.166   1.190   1.144   -0.602  -0.625  -0.579
2026-05-31 12:23:55.735 DATA REST  -0.816  -0.816  -0.816    1.127   1.149   1.105   -1.943  -1.965  -1.920
2026-05-31 12:23:55.745 DATA REST  -2.447  -2.447  -2.447    1.055   1.078   1.034   -3.503  -3.525  -3.481
2026-05-31 12:23:55.755 DATA REST  -3.514  -3.514  -3.514    0.964   0.986   0.943   -4.478  -4.500  -4.456
2026-05-31 12:23:55.765 DATA REST  -2.510  -2.510  -2.510    0.894   0.916   0.874   -3.405  -3.426  -3.384
2026-05-31 12:23:55.775 DATA REST   0.941   0.941   0.941    0.895   0.916   0.875    0.046   0.025   0.066
2026-05-31 12:23:55.785 DATA REST   4.518   4.518   4.518    0.968   0.988   0.948    3.550   3.529   3.570
2026-05-31 12:23:55.795 DATA REST   7.027   7.027   7.027    1.089   1.109   1.069    5.938   5.918   5.958
2026-05-31 12:23:55.805 DATA REST  -6.839  -6.902  -6.902    0.930   0.949   0.910   -7.770  -7.851  -7.812
2026-05-31 12:23:55.815 DATA REST   7.216   7.216   7.216    1.056   1.074   1.036    6.159   6.141   6.180
2026-05-31 12:23:55.825 DATA REST   5.647   5.647   5.647    1.148   1.166   1.128    4.499   4.481   4.519
2026-05-31 12:23:55.835 DATA REST   4.957   4.957   4.957    1.224   1.241   1.205    3.733   3.715   3.752
2026-05-31 12:23:55.845 DATA REST   5.333   5.333   5.333    1.306   1.323   1.287    4.027   4.010   4.046
2026-05-31 12:23:55.855 DATA REST   6.651   6.651   6.651    1.413   1.430   1.395    5.238   5.221   5.256
2026-05-31 12:23:55.865 DATA REST   7.090   7.090   7.090    1.527   1.543   1.509    5.563   5.547   5.582
2026-05-31 12:23:55.875 DATA REST   4.831   4.831   4.831    1.593   1.609   1.575    3.238   3.222   3.256
2026-05-31 12:23:55.885 DATA REST   3.388   3.388   3.388    1.629   1.644   1.611    1.759   1.744   1.777
2026-05-31 12:23:55.895 DATA REST   4.078   4.078   4.078    1.678   1.693   1.661    2.401   2.385   2.418
2026-05-31 12:23:55.905 DATA REST   3.074   3.074   3.074    1.706   1.721   1.689    1.369   1.354   1.386
2026-05-31 12:23:55.915 DATA REST   2.510   2.510   2.510    1.722   1.737   1.705    0.788   0.773   0.804
2026-05-31 12:23:55.925 DATA REST   2.573   2.573   2.573    1.739   1.753   1.723    0.834   0.819   0.850
2026-05-31 12:23:55.960 DATA REST   2.384   2.384   0.447    1.752   1.766   1.697    0.633   0.618  -1.250
2026-05-31 12:23:55.970 DATA REST  -0.690  -0.690  -0.690    1.703   1.717   1.649   -2.393  -2.407  -2.340
2026-05-31 12:23:55.980 DATA REST  -0.502  -0.502  -0.502    1.659   1.672   1.606   -2.161  -2.175  -2.109
2026-05-31 12:23:55.990 DATA REST  -0.628  -0.628  -0.628    1.613   1.626   1.562   -2.241  -2.254  -2.189
2026-05-31 12:23:56.000 DATA REST  -0.941  -0.941  -0.941    1.562   1.575   1.512   -2.503  -2.516  -2.453
2026-05-31 12:23:56.010 DATA REST   0.376   0.376   0.376    1.538   1.551   1.489   -1.162  -1.175  -1.112
2026-05-31 12:23:56.020 DATA REST   1.129   1.129   1.129    1.530   1.543   1.482   -0.401  -0.413  -0.352
2026-05-31 12:23:56.030 DATA REST   2.322   2.322   2.322    1.546   1.558   1.499    0.776   0.763   0.823
2026-05-31 12:23:56.040 DATA REST   3.012   3.012   3.012    1.575   1.587   1.529    1.437   1.424   1.483
2026-05-31 12:23:56.050 DATA REST   2.510   2.510   1.945    1.594   1.606   1.537    0.916   0.904   0.408
2026-05-31 12:23:56.060 DATA REST   1.631   1.631   1.631    1.595   1.606   1.539    0.037   0.025   0.092
2026-05-31 12:23:56.070 DATA REST   1.067   1.067   1.067    1.584   1.595   1.530   -0.517  -0.529  -0.463
2026-05-31 12:23:56.080 DATA REST   0.941   0.941   0.941    1.571   1.582   1.518   -0.630  -0.641  -0.577
2026-05-31 12:23:56.090 DATA REST   0.251   0.251   0.251    1.545   1.556   1.492   -1.294  -1.305  -1.241
2026-05-31 12:23:56.100 DATA REST  -0.628  -0.628  -0.628    1.501   1.512   1.450   -2.129  -2.140  -2.078
2026-05-31 12:23:56.110 DATA REST  -0.941  -0.941  -0.941    1.453   1.463   1.402   -2.394  -2.404  -2.344
2026-05-31 12:23:56.120 DATA REST  -1.569  -1.569  -1.569    1.392   1.402   1.343   -2.961  -2.971  -2.912
2026-05-31 12:23:56.130 DATA REST  -1.506  -1.506  -1.506    1.334   1.344   1.286   -2.840  -2.850  -2.792
2026-05-31 12:23:56.140 DATA REST  -1.192  -1.192  -1.192    1.284   1.293   1.236   -2.476  -2.486  -2.429
2026-05-31 12:23:56.150 DATA REST  -1.632  -1.632  -1.632    1.225   1.235   1.179   -2.857  -2.867  -2.810
2026-05-31 12:23:56.160 DATA REST  -1.694  -1.694  -1.694    1.167   1.176   1.121   -2.861  -2.871  -2.816
2026-05-31 12:23:56.170 DATA REST  -1.443  -1.443  -1.443    1.115   1.124   1.070   -2.558  -2.567  -2.513
2026-05-31 12:23:56.180 DATA REST  -1.569  -1.569  -1.569    1.061   1.070   1.017   -2.630  -2.639  -2.586
2026-05-31 12:23:56.190 DATA REST  -1.004  -1.004  -1.004    1.020   1.029   0.977   -2.024  -2.033  -1.981
2026-05-31 12:23:56.200 DATA REST  -0.502  -0.502  -0.502    0.989   0.998   0.947   -1.491  -1.500  -1.450
2026-05-31 12:23:56.210 DATA REST   0.251   0.251   0.251    0.975   0.983   0.933   -0.724  -0.732  -0.682
2026-05-31 12:23:56.220 DATA REST   0.941   0.941   0.941    0.974   0.982   0.934   -0.033  -0.041   0.008
2026-05-31 12:23:56.230 DATA REST  -0.624  -0.565  -0.565    0.942   0.951   0.904   -1.566  -1.516  -1.469
2026-05-31 12:23:56.240 DATA REST  -1.004  -1.004  -1.004    0.903   0.912   0.865   -1.907  -1.916  -1.870
2026-05-31 12:23:56.250 DATA REST  -1.945  -1.945  -1.945    0.846   0.855   0.809   -2.791  -2.800  -2.755
2026-05-31 12:23:56.260 DATA REST  -1.945  -1.945  -1.945    0.790   0.799   0.754   -2.735  -2.744  -2.699
2026-05-31 12:23:56.270 DATA REST  -1.192  -1.192  -1.192    0.751   0.759   0.715   -1.943  -1.952  -1.908
2026-05-31 12:23:56.280 DATA REST   0.502   0.502   0.502    0.746   0.754   0.711   -0.244  -0.252  -0.209
2026-05-31 12:23:56.290 DATA REST   2.635   2.635   2.635    0.783   0.792   0.749    1.852   1.844   1.886
2026-05-31 12:23:56.300 DATA REST   3.325   3.325   3.325    0.834   0.842   0.801    2.491   2.483   2.524
2026-05-31 12:23:56.310 DATA REST   2.259   2.259   2.259    0.863   0.871   0.830    1.396   1.388   1.429
2026-05-31 12:23:56.320 DATA REST  -0.941  -0.941  -0.941    0.827   0.834   0.795   -1.768  -1.776  -1.736
2026-05-31 12:23:56.330 DATA REST  -2.510  -2.510  -2.510    0.760   0.768   0.729   -3.270  -3.278  -3.239
2026-05-31 12:23:56.340 DATA REST  -3.702  -3.702  -3.702    0.671   0.678   0.640   -4.373  -4.380  -4.342
2026-05-31 12:23:56.350 DATA REST  -4.518  -4.518  -4.518    0.567   0.574   0.537   -5.085  -5.092  -5.055
2026-05-31 12:23:56.360 DATA REST  -5.020  -5.020  -5.020    0.455   0.462   0.426   -5.475  -5.482  -5.445
2026-05-31 12:23:56.370 DATA REST  -2.698  -2.698  -2.698    0.392   0.399   0.363   -3.090  -3.097  -3.061
2026-05-31 12:23:56.380 DATA REST  -1.381  -1.381  -1.381    0.357   0.364   0.328   -1.737  -1.744  -1.709
2026-05-31 12:23:56.390 DATA REST   0.376   0.376   0.376    0.357   0.364   0.329    0.019   0.013   0.047
2026-05-31 12:23:56.400 DATA REST   1.506   1.506   1.506    0.380   0.387   0.353    1.126   1.119   1.153
2026-05-31 12:23:56.410 DATA REST  -0.879  -0.879  -0.879    0.355   0.361   0.328   -1.233  -1.240  -1.207
2026-05-31 12:23:56.420 DATA REST  -2.259  -2.259  -2.259    0.303   0.309   0.276   -2.562  -2.568  -2.535
2026-05-31 12:23:56.430 DATA REST  -2.573  -2.573  -2.573    0.245   0.251   0.219   -2.818  -2.824  -2.792
2026-05-31 12:23:56.465 DATA REST  -2.761  -2.761  -2.761    0.185   0.191   0.160   -2.946  -2.952  -2.921
2026-05-31 12:23:56.475 DATA REST  -1.757   0.555   0.502    0.146   0.198   0.167   -1.903   0.357   0.335
2026-05-31 12:23:56.485 DATA REST   1.820   1.820   1.820    0.180   0.231   0.200    1.640   1.589   1.620
2026-05-31 12:23:56.495 DATA REST   1.694   1.694   1.694    0.210   0.260   0.230    1.484   1.434   1.464
2026-05-31 12:23:56.505 DATA REST   0.816   0.816   0.816    0.222   0.271   0.241    0.594   0.545   0.574
2026-05-31 12:23:56.515 DATA REST  -0.565  -0.565  -0.565    0.206   0.254   0.225   -0.771  -0.819  -0.790
2026-05-31 12:23:56.525 DATA REST  -2.134  -2.134  -2.134    0.159   0.207   0.178   -2.293  -2.340  -2.312
2026-05-31 12:23:56.535 DATA REST  -2.949  -2.949  -2.949    0.097   0.144   0.116   -3.046  -3.093  -3.065
2026-05-31 12:23:56.545 DATA REST  -3.890  -3.890  -3.890    0.017   0.063   0.035   -3.908  -3.953  -3.926
2026-05-31 12:23:56.555 DATA REST  -4.392  -4.392  -4.392   -0.071  -0.026  -0.053   -4.322  -4.366  -4.339
2026-05-31 12:23:56.565 DATA REST  -5.271  -5.710  -5.710   -0.175  -0.140  -0.166   -5.096  -5.570  -5.544
2026-05-31 12:23:56.575 DATA REST  -5.647  -5.647  -5.647   -0.284  -0.250  -0.276   -5.363  -5.397  -5.371
2026-05-31 12:23:56.585 DATA REST  -5.773  -5.773  -5.773   -0.394  -0.361  -0.386   -5.379  -5.412  -5.387
2026-05-31 12:23:56.595 DATA REST  -6.275  -6.275  -6.275   -0.512  -0.479  -0.504   -5.763  -5.796  -5.771
2026-05-31 12:23:56.605 DATA REST  -6.588  -6.588  -6.588   -0.633  -0.601  -0.625   -5.955  -5.987  -5.963
2026-05-31 12:23:56.615 DATA REST  -6.463  -6.463  -6.463   -0.750  -0.718  -0.742   -5.713  -5.745  -5.721
2026-05-31 12:23:56.625 DATA REST  -5.835  -5.835  -5.835   -0.851  -0.821  -0.844   -4.984  -5.015  -4.992
2026-05-31 12:23:56.635 DATA REST  -4.769  -4.769  -4.769   -0.930  -0.900  -0.922   -3.839  -3.869  -3.846
2026-05-31 12:23:56.645 DATA REST  -3.200  -3.200  -3.200   -0.975  -0.946  -0.968   -2.225  -2.255  -2.232
2026-05-31 12:23:56.655 DATA REST  -2.509  -2.510  -2.510   -1.006  -0.977  -0.999   -1.503  -1.533  -1.511
2026-05-31 12:23:56.665 DATA REST  -2.886  -2.886  -2.886   -1.043  -1.015  -1.037   -1.843  -1.871  -1.850
2026-05-31 12:23:56.675 DATA REST  -3.577  -3.577  -3.577   -1.094  -1.066  -1.087   -2.483  -2.510  -2.489
2026-05-31 12:23:56.685 DATA REST  -3.451  -3.451  -3.451   -1.141  -1.114  -1.135   -2.310  -2.337  -2.317
2026-05-31 12:23:56.695 DATA REST  -2.071  -2.071  -2.071   -1.160  -1.133  -1.153   -0.911  -0.938  -0.917
2026-05-31 12:23:56.705 DATA REST  -1.506  -1.506  -1.506   -1.167  -1.141  -1.160   -0.339  -0.366  -0.346
2026-05-31 12:23:56.715 DATA REST  -1.067  -1.067  -1.067   -1.165  -1.139  -1.159    0.098   0.072   0.092
2026-05-31 12:23:56.725 DATA REST  -0.251  -0.251  -0.251   -1.146  -1.121  -1.140    0.895   0.870   0.889
2026-05-31 12:23:56.735 DATA REST  -0.251  -0.251  -0.251   -1.129  -1.104  -1.123    0.877   0.853   0.871
2026-05-31 12:23:56.745 DATA REST  -4.957  -4.957  -4.957   -1.205  -1.181  -1.199   -3.752  -3.776  -3.758
2026-05-31 12:23:56.755 DATA REST  -6.902  -6.902  -6.902   -1.319  -1.295  -1.313   -5.583  -5.607  -5.589
2026-05-31 12:23:56.765 DATA REST  -7.404  -7.404  -7.404   -1.441  -1.418  -1.435   -5.963  -5.986  -5.969
2026-05-31 12:23:56.775 DATA REST  -6.588  -6.588  -6.588   -1.544  -1.521  -1.538   -5.045  -5.067  -5.050
2026-05-31 12:23:56.785 DATA REST  -4.518  -4.518  -4.518   -1.603  -1.581  -1.598   -2.915  -2.937  -2.920
2026-05-31 12:23:56.795 DATA REST  -0.941  -0.941  -0.941   -1.590  -1.568  -1.585    0.649   0.627   0.643
2026-05-31 12:23:56.805 DATA REST   0.125   0.125   0.125   -1.556  -1.534  -1.551    1.681   1.660   1.676
2026-05-31 12:23:56.815 DATA REST  -0.063  -0.063  -0.063   -1.526  -1.505  -1.521    1.463   1.442   1.458
2026-05-31 12:23:56.825 DATA REST  -1.318  -1.318  -1.318   -1.522  -1.501  -1.517    0.204   0.183   0.199
2026-05-31 12:23:56.835 DATA REST  -5.271  -5.271  -5.271   -1.597  -1.577  -1.592   -3.674  -3.694  -3.679
2026-05-31 12:23:56.845 DATA REST  -6.777  -6.777  -6.777   -1.700  -1.681  -1.695   -5.076  -5.096  -5.081
2026-05-31 12:23:56.855 DATA REST  -7.530  -7.530  -7.530   -1.817  -1.797  -1.812   -5.713  -5.732  -5.717
2026-05-31 12:23:56.865 DATA REST  -6.902  -6.902  -6.902   -1.919  -1.900  -1.914   -4.984  -5.003  -4.988
2026-05-31 12:23:56.875 DATA REST  -6.400  -6.400  -6.400   -2.008  -1.990  -2.004   -4.392  -4.411  -4.396
2026-05-31 12:23:56.885 DATA REST  -4.957  -4.957  -4.957   -2.067  -2.049  -2.063   -2.890  -2.908  -2.894
2026-05-31 12:23:56.895 DATA REST  -4.894  -4.894  -4.894   -2.124  -2.106  -2.119   -2.771  -2.788  -2.775
2026-05-31 12:23:56.905 DATA REST  -5.333  -5.333  -5.333   -2.188  -2.170  -2.184   -3.146  -3.163  -3.150
2026-05-31 12:23:56.915 DATA REST  -5.710  -5.710  -5.710   -2.258  -2.241  -2.254   -3.452  -3.469  -3.456
2026-05-31 12:23:56.925 DATA REST  -5.145  -5.145  -5.145   -2.316  -2.299  -2.312   -2.829  -2.846  -2.833
2026-05-31 12:23:56.935 DATA REST  -4.706  -4.706  -4.706   -2.364  -2.347  -2.360   -2.342  -2.359  -2.346
2026-05-31 12:23:56.970 DATA REST  -2.259  -2.259  -2.259   -2.362  -2.346  -2.358    0.103   0.087   0.099
2026-05-31 12:23:56.980 DATA REST  -2.447  -2.447  -2.447   -2.363  -2.348  -2.360   -0.084  -0.100  -0.088
2026-05-31 12:23:56.990 DATA REST  -2.573  -2.573  -2.573   -2.368  -2.352  -2.364   -0.205  -0.221  -0.209
2026-05-31 12:23:57.000 DATA REST  -2.949  -2.949  -2.949   -2.379  -2.364  -2.376   -0.570  -0.585  -0.574
2026-05-31 12:23:57.010 DATA REST  -3.890  -3.890  -3.890   -2.410  -2.395  -2.406   -1.481  -1.496  -1.484
2026-05-31 12:23:57.020 DATA REST  -4.079  -4.079  -4.079   -2.443  -2.428  -2.439   -1.636  -1.650  -1.639
2026-05-31 12:23:57.030 DATA REST  -3.765  -3.765  -3.765   -2.469  -2.455  -2.466   -1.296  -1.310  -1.299
2026-05-31 12:23:57.040 DATA REST  -2.447  -2.447  -2.447   -2.469  -2.455  -2.466    0.022   0.008   0.018
2026-05-31 12:23:57.050 DATA REST  -3.326  -3.326  -3.326   -2.486  -2.472  -2.483   -0.840  -0.853  -0.843
2026-05-31 12:23:57.060 DATA REST  -4.330  -4.330  -4.330   -2.523  -2.509  -2.520   -1.807  -1.820  -1.810
2026-05-31 12:23:57.070 DATA REST  -4.769  -4.769  -4.769   -2.568  -2.555  -2.565   -2.201  -2.214  -2.204
2026-05-31 12:23:57.080 DATA REST  -4.267  -4.267  -4.267   -2.602  -2.589  -2.599   -1.665  -1.678  -1.668
2026-05-31 12:23:57.090 DATA REST  -3.702  -3.702  -3.702   -2.624  -2.611  -2.621   -1.078  -1.091  -1.081
2026-05-31 12:23:57.100 DATA REST  -3.953  -3.953  -3.953   -2.650  -2.638  -2.647   -1.303  -1.315  -1.306
2026-05-31 12:23:57.110 DATA REST  -4.141  -4.141  -4.141   -2.680  -2.668  -2.677   -1.461  -1.473  -1.464
2026-05-31 12:23:57.120 DATA REST  -4.330  -4.330  -4.330   -2.713  -2.701  -2.710   -1.616  -1.628  -1.619
2026-05-31 12:23:57.130 DATA REST  -4.141  -4.141  -4.141   -2.742  -2.730  -2.739   -1.400  -1.411  -1.402
2026-05-31 12:23:57.140 DATA REST  -3.075  -3.075  -3.075   -2.748  -2.737  -2.746   -0.326  -0.338  -0.329
2026-05-31 12:23:57.150 DATA REST  -3.200  -3.200  -3.200   -2.757  -2.746  -2.755   -0.443  -0.454  -0.445
2026-05-31 12:23:57.160 DATA REST  -4.141  -4.141  -4.141   -2.785  -2.774  -2.782   -1.356  -1.367  -1.359
2026-05-31 12:23:57.170 DATA REST  -4.706  -4.706  -4.706   -2.824  -2.813  -2.821   -1.882  -1.893  -1.885
2026-05-31 12:23:57.180 DATA REST  -4.330  -4.330  -4.330   -2.854  -2.843  -2.851   -1.476  -1.486  -1.478
2026-05-31 12:23:57.190 DATA REST  -4.141  -4.141  -4.141   -2.879  -2.869  -2.877   -1.262  -1.272  -1.264
2026-05-31 12:23:57.200 DATA REST  -4.204  -4.204  -4.204   -2.906  -2.896  -2.903   -1.298  -1.308  -1.301
2026-05-31 12:23:57.210 DATA REST  -5.145  -5.145  -5.145   -2.951  -2.941  -2.948   -2.195  -2.204  -2.197
2026-05-31 12:23:57.220 DATA REST  -5.145  -5.145  -5.145   -2.995  -2.985  -2.992   -2.151  -2.160  -2.153
2026-05-31 12:23:57.230 DATA REST  -3.639  -3.639  -3.639   -3.007  -2.998  -3.005   -0.632  -0.641  -0.634
2026-05-31 12:23:57.240 DATA REST  -2.447  -2.447  -2.447   -2.996  -2.987  -2.994    0.549   0.540   0.547
2026-05-31 12:23:57.250 DATA REST  -1.757  -1.757  -1.757   -2.972  -2.962  -2.969    1.214   1.205   1.212
2026-05-31 12:23:57.260 DATA REST  -3.890  -3.890  -3.890   -2.990  -2.981  -2.988   -0.900  -0.909  -0.903
2026-05-31 12:23:57.270 DATA REST  -4.141  -4.141  -4.141   -3.013  -3.004  -3.011   -1.128  -1.137  -1.131
2026-05-31 12:23:57.280 DATA REST  -4.392  -4.392  -4.392   -3.041  -3.032  -3.038   -1.352  -1.360  -1.354
2026-05-31 12:23:57.290 DATA REST  -4.455  -4.455  -4.455   -3.069  -3.060  -3.067   -1.386  -1.395  -1.388
2026-05-31 12:23:57.300 DATA REST  -4.016  -4.016  -4.016   -3.088  -3.079  -3.086   -0.928  -0.936  -0.930
2026-05-31 12:23:57.310 DATA REST  -2.447  -2.447  -2.447   -3.075  -3.067  -3.073    0.628   0.620   0.626
2026-05-31 12:23:57.320 DATA REST  -3.075  -3.075  -3.075   -3.075  -3.067  -3.073    0.000  -0.008  -0.002
2026-05-31 12:23:57.330 DATA REST  -3.702  -3.702  -3.702   -3.087  -3.080  -3.086   -0.615  -0.622  -0.617
2026-05-31 12:23:57.340 DATA REST  -4.581  -4.581  -4.581   -3.117  -3.110  -3.115   -1.463  -1.471  -1.465
2026-05-31 12:23:57.350 DATA REST  -5.459  -5.459  -5.459   -3.164  -3.157  -3.162   -2.295  -2.302  -2.297
2026-05-31 12:23:57.360 DATA REST  -5.773  -5.773  -5.773   -3.216  -3.209  -3.215   -2.556  -2.564  -2.558
2026-05-31 12:23:57.370 DATA REST  -5.898  -5.898  -5.898   -3.270  -3.263  -3.268   -2.628  -2.635  -2.630
2026-05-31 12:23:57.380 DATA REST  -6.463  -6.463  -6.463   -3.334  -3.327  -3.332   -3.129  -3.136  -3.131
2026-05-31 12:23:57.390 DATA REST  -6.212  -6.212  -6.212   -3.391  -3.384  -3.390   -2.821  -2.827  -2.822
2026-05-31 12:23:57.400 DATA REST  -3.075  -3.075  -3.075   -3.385  -3.378  -3.383    0.310   0.304   0.309
2026-05-31 12:23:57.410 DATA REST  -2.824  -2.824  -2.824   -3.374  -3.367  -3.372    0.550   0.543   0.549
2026-05-31 12:23:57.420 DATA REST  -3.012  -3.012  -3.012   -3.367  -3.360  -3.365    0.355   0.348   0.353
2026-05-31 12:23:57.430 DATA REST  -4.079  -4.079  -4.079   -3.381  -3.374  -3.379   -0.698  -0.704  -0.699
2026-05-31 12:23:57.440 DATA REST  -5.584  -5.584  -5.584   -3.425  -3.419  -3.423   -2.160  -2.166  -2.161
2026-05-31 12:23:57.475 DATA REST  -6.337  -6.337  -6.337   -3.483  -3.477  -3.482   -2.854  -2.860  -2.856
2026-05-31 12:23:57.485 DATA REST  -5.145  -5.145  -5.145   -3.516  -3.510  -3.515   -1.629  -1.635  -1.630
2026-05-31 12:23:57.495 DATA REST  -3.577  -3.577  -3.577   -3.518  -3.512  -3.516   -0.059  -0.065  -0.060
2026-05-31 12:23:57.505 DATA REST  -1.945  -1.945  -1.945   -3.486  -3.480  -3.485    1.541   1.535   1.539
2026-05-31 12:23:57.515 DATA REST  -1.757  -1.757  -1.757   -3.452  -3.446  -3.450    1.694   1.689   1.693
2026-05-31 12:23:57.525 DATA REST  -1.506  -1.506  -1.506   -3.413  -3.407  -3.411    1.907   1.901   1.905
2026-05-31 12:23:57.535 DATA REST  -1.130  -1.130  -1.130   -3.367  -3.362  -3.366    2.237   2.232   2.236
2026-05-31 12:23:57.545 DATA REST  -0.879  -0.879  -0.879   -3.317  -3.312  -3.316    2.439   2.433   2.437
2026-05-31 12:23:57.555 DATA REST  -3.200  -3.200  -3.200   -3.315  -3.310  -3.314    0.115   0.109   0.113
2026-05-31 12:23:57.565 DATA REST  -4.016  -4.016  -4.016   -3.329  -3.324  -3.328   -0.687  -0.692  -0.688
2026-05-31 12:23:57.575 DATA REST  -4.204  -4.204  -4.204   -3.346  -3.341  -3.345   -0.858  -0.863  -0.859
2026-05-31 12:23:57.585 DATA REST  -4.267  -4.267  -4.267   -3.365  -3.360  -3.364   -0.902  -0.907  -0.903
2026-05-31 12:23:57.595 DATA REST  -5.145  -5.145  -5.145   -3.400  -3.396  -3.399   -1.745  -1.750  -1.746
2026-05-31 12:23:57.605 DATA REST  -6.149  -6.149  -6.149   -3.455  -3.451  -3.454   -2.694  -2.698  -2.695
2026-05-31 12:23:57.615 DATA REST  -6.526  -6.526  -6.526   -3.517  -3.512  -3.516   -3.009  -3.013  -3.010
2026-05-31 12:23:57.625 DATA REST  -6.275  -6.275  -6.275   -3.572  -3.567  -3.571   -2.703  -2.707  -2.704
2026-05-31 12:23:57.635 DATA REST  -7.592  -7.592  -7.592   -3.652  -3.648  -3.651   -3.940  -3.944  -3.941
2026-05-31 12:23:57.645 DATA REST  -7.090  -7.090  -7.090   -3.721  -3.717  -3.720   -3.369  -3.374  -3.370
2026-05-31 12:23:57.655 DATA REST  -5.522  -5.522  -5.522   -3.757  -3.753  -3.756   -1.765  -1.769  -1.766
2026-05-31 12:23:57.665 DATA REST  -4.392  -4.392  -4.392   -3.770  -3.766  -3.769   -0.622  -0.627  -0.623
2026-05-31 12:23:57.675 DATA REST  -3.828  -3.828  -3.828   -3.771  -3.767  -3.770   -0.057  -0.061  -0.058
2026-05-31 12:23:57.685 DATA REST  -2.635  -2.635  -2.635   -3.748  -3.744  -3.747    1.113   1.109   1.112
2026-05-31 12:23:57.695 DATA REST  -2.698  -2.698  -2.698   -3.727  -3.723  -3.726    1.029   1.025   1.028
2026-05-31 12:23:57.705 DATA REST  -3.012  -3.012  -3.012   -3.713  -3.709  -3.712    0.701   0.697   0.700
2026-05-31 12:23:57.715 DATA REST  -3.514  -3.514  -3.514   -3.709  -3.705  -3.708    0.195   0.191   0.194
2026-05-31 12:23:57.725 DATA REST  -4.079  -4.079  -4.079   -3.716  -3.713  -3.716   -0.362  -0.366  -0.363
2026-05-31 12:23:57.735 DATA REST  -2.886  -2.886  -2.886   -3.700  -3.696  -3.699    0.813   0.810   0.812
2026-05-31 12:23:57.745 DATA REST  -1.694  -1.694  -1.694   -3.660  -3.656  -3.659    1.965   1.962   1.965
2026-05-31 12:23:57.755 DATA REST  -1.004  -1.004  -1.004   -3.607  -3.603  -3.606    2.602   2.599   2.602
2026-05-31 12:23:57.765 DATA REST  -1.192  -1.192  -1.192   -3.558  -3.555  -3.557    2.366   2.363   2.365
2026-05-31 12:23:57.775 DATA REST  -3.953  -3.953  -3.953   -3.566  -3.563  -3.565   -0.387  -0.390  -0.388
2026-05-31 12:23:57.785 DATA REST  -5.710  -5.710  -5.710   -3.609  -3.606  -3.608   -2.101  -2.104  -2.102
2026-05-31 12:23:57.795 DATA REST  -6.902  -6.902  -6.902   -3.675  -3.672  -3.674   -3.227  -3.230  -3.228
2026-05-31 12:23:57.805 DATA REST  -7.467  -7.467  -7.467   -3.751  -3.748  -3.750   -3.716  -3.719  -3.717
2026-05-31 12:23:57.815 DATA REST  -7.530  -7.530  -7.530   -3.826  -3.823  -3.826   -3.703  -3.706  -3.704
2026-05-31 12:23:57.825 DATA REST  -6.149  -6.149  -6.149   -3.873  -3.870  -3.872   -2.276  -2.279  -2.277
2026-05-31 12:23:57.835 DATA REST  -4.894  -4.894  -4.894   -3.893  -3.890  -3.893   -1.001  -1.004  -1.002
2026-05-31 12:23:57.845 DATA REST  -4.267  -4.267  -4.267   -3.901  -3.898  -3.900   -0.366  -0.369  -0.367
2026-05-31 12:23:57.855 DATA REST  -4.832  -4.832  -4.832   -3.919  -3.916  -3.919   -0.912  -0.915  -0.913
2026-05-31 12:23:57.865 DATA REST  -5.271  -5.271  -5.271   -3.946  -3.944  -3.946   -1.324  -1.327  -1.325
2026-05-31 12:23:57.875 DATA REST  -6.149  -6.149  -6.149   -3.990  -3.988  -3.990   -2.159  -2.161  -2.159
2026-05-31 12:23:57.885 DATA REST  -6.212  -6.212  -6.212   -4.035  -4.032  -4.034   -2.177  -2.180  -2.178
2026-05-31 12:23:57.895 DATA REST  -6.149  -6.149  -6.149   -4.077  -4.075  -4.076   -2.072  -2.075  -2.073
2026-05-31 12:23:57.905 DATA REST  -5.584  -5.584  -4.834   -4.107  -4.105  -4.092   -1.477  -1.480  -0.743
2026-05-31 12:23:57.915 DATA REST  -4.016  -4.016  -4.016   -4.105  -4.103  -4.090    0.090   0.087   0.074
2026-05-31 12:23:57.925 DATA REST  -3.326  -3.326  -3.326   -4.090  -4.087  -4.075    0.764   0.762   0.749
2026-05-31 12:23:57.935 DATA REST  -2.196  -2.196  -2.196   -4.052  -4.050  -4.037    1.856   1.853   1.841
2026-05-31 12:23:57.945 DATA REST  -1.381  -1.381  -1.381   -3.999  -3.996  -3.984    2.618   2.616   2.604
2026-05-31 12:23:57.980 DATA REST  -4.832  -4.832  -4.832   -4.015  -4.013  -4.001   -0.816  -0.819  -0.830
2026-05-31 12:23:57.990 DATA REST  -5.333  -5.333  -5.333   -4.042  -4.039  -4.028   -1.292  -1.294  -1.306
2026-05-31 12:23:58.000 DATA REST  -5.333  -5.333  -5.333   -4.067  -4.065  -4.054   -1.266  -1.268  -1.280
2026-05-31 12:23:58.010 DATA REST  -5.584  -5.584  -5.584   -4.098  -4.096  -4.084   -1.487  -1.489  -1.500
2026-05-31 12:23:58.020 DATA REST  -4.455  -4.455  -4.455   -4.105  -4.103  -4.092   -0.350  -0.352  -0.363
2026-05-31 12:23:58.030 DATA REST  -3.639  -3.639  -3.639   -4.096  -4.093  -4.083    0.456   0.454   0.443
2026-05-31 12:23:58.040 DATA REST  -2.886  -2.886  -2.886   -4.071  -4.069  -4.059    1.185   1.183   1.172
2026-05-31 12:23:58.050 DATA REST  -2.949  -2.949  -2.949   -4.049  -4.047  -4.037    1.100   1.098   1.087
2026-05-31 12:23:58.060 DATA REST  -4.016  -4.016  -4.016   -4.048  -4.046  -4.036    0.032   0.030   0.020
2026-05-31 12:23:58.070 DATA REST  -5.773  -5.773  -5.773   -4.083  -4.081  -4.071   -1.690  -1.692  -1.702
2026-05-31 12:23:58.080 DATA REST  -6.212  -6.212  -6.212   -4.125  -4.123  -4.114   -2.087  -2.088  -2.098
2026-05-31 12:23:58.090 DATA REST  -6.275  -6.275  -6.275   -4.168  -4.166  -4.157   -2.106  -2.108  -2.118
2026-05-31 12:23:58.100 DATA REST  -6.212  -6.212  -6.212   -4.209  -4.207  -4.198   -2.003  -2.005  -2.014
2026-05-31 12:23:58.110 DATA REST  -4.330  -4.330  -4.330   -4.212  -4.210  -4.201   -0.118  -0.120  -0.129
2026-05-31 12:23:58.120 DATA REST  -4.330  -4.330  -4.330   -4.214  -4.212  -4.203   -0.116  -0.117  -0.126
2026-05-31 12:23:58.130 DATA REST  -4.581  -4.581  -4.581   -4.221  -4.220  -4.211   -0.359  -0.361  -0.370
2026-05-31 12:23:58.140 DATA REST  -4.769  -4.769  -4.769   -4.232  -4.231  -4.222   -0.537  -0.538  -0.547
2026-05-31 12:23:58.150 DATA REST  -5.083  -5.083  -5.083   -4.249  -4.248  -4.239   -0.833  -0.835  -0.843
2026-05-31 12:23:58.160 DATA REST  -4.518  -4.518  -4.518   -4.255  -4.253  -4.245   -0.263  -0.265  -0.273
2026-05-31 12:23:58.170 DATA REST  -3.702  -3.702  -3.702   -4.244  -4.242  -4.234    0.541   0.540   0.532
2026-05-31 12:23:58.180 DATA REST  -2.949  -2.949  -2.949   -4.218  -4.216  -4.208    1.268   1.267   1.259
2026-05-31 12:23:58.190 DATA REST  -2.322  -2.322  -2.322   -4.180  -4.178  -4.171    1.858   1.856   1.849
2026-05-31 12:23:58.200 DATA REST  -2.824  -2.824  -2.824   -4.153  -4.151  -4.144    1.329   1.327   1.320
2026-05-31 12:23:58.210 DATA REST  -3.326  -3.326  -3.326   -4.136  -4.135  -4.127    0.810   0.809   0.802
2026-05-31 12:23:58.220 DATA REST  -3.451  -3.451  -3.451   -4.122  -4.121  -4.114    0.671   0.670   0.663
2026-05-31 12:23:58.230 DATA REST  -3.702  -3.702  -3.702   -4.114  -4.113  -4.106    0.412   0.410   0.403
2026-05-31 12:23:58.240 DATA REST  -4.392  -4.392  -4.392   -4.120  -4.118  -4.111   -0.273  -0.274  -0.281
2026-05-31 12:23:58.250 DATA REST  -7.404  -7.404  -7.404   -4.185  -4.184  -4.177   -3.219  -3.220  -3.227
2026-05-31 12:23:58.260 DATA REST   7.906   7.906   7.906   -3.943  -3.942  -3.935   11.849  11.848  11.841
2026-05-31 12:23:58.270 DATA REST  -7.718  -7.718  -7.718   -4.019  -4.018  -4.011   -3.699  -3.700  -3.707
2026-05-31 12:23:58.280 DATA REST  -5.773  -5.773  -5.773   -4.054  -4.053  -4.046   -1.719  -1.720  -1.726
2026-05-31 12:23:58.290 DATA REST  -2.761  -2.761  -2.761   -4.028  -4.027  -4.021    1.267   1.266   1.260
2026-05-31 12:23:58.300 DATA REST  -3.075  -3.075  -3.075   -4.009  -4.008  -4.002    0.934   0.933   0.927
2026-05-31 12:23:58.310 DATA REST  -3.263  -3.263  -3.263   -3.994  -3.993  -3.987    0.731   0.730   0.724
2026-05-31 12:23:58.320 DATA REST  -3.388  -3.388  -3.388   -3.982  -3.981  -3.975    0.594   0.592   0.587
2026-05-31 12:23:58.330 DATA REST  -4.141  -4.141  -4.954   -3.985  -3.984  -3.995   -0.156  -0.157  -0.959
2026-05-31 12:23:58.340 DATA REST  -5.835  -5.835  -5.835   -4.022  -4.021  -4.031   -1.813  -1.814  -1.804
2026-05-31 12:23:58.350 DATA REST  -6.337  -6.337  -6.337   -4.069  -4.067  -4.077   -2.269  -2.270  -2.260
2026-05-31 12:23:58.360 DATA REST  -5.710  -5.710  -5.710   -4.101  -4.100  -4.110   -1.609  -1.610  -1.600
2026-05-31 12:23:58.370 DATA REST  -4.392  -4.392  -4.392   -4.107  -4.106  -4.116   -0.285  -0.286  -0.277
2026-05-31 12:23:58.380 DATA REST  -1.443  -1.443  -1.443   -4.054  -4.053  -4.062    2.611   2.610   2.619
2026-05-31 12:23:58.390 DATA REST  -1.130  -1.130  -1.130   -3.995  -3.994  -4.004    2.866   2.865   2.874
2026-05-31 12:23:58.400 DATA REST  -1.694  -1.694  -1.694   -3.949  -3.948  -3.957    2.255   2.254   2.263
2026-05-31 12:23:58.410 DATA REST  -2.635  -2.635  -2.635   -3.923  -3.922  -3.931    1.288   1.287   1.296
2026-05-31 12:23:58.420 DATA REST  -3.702  -3.702  -5.145   -3.919  -3.918  -3.955    0.217   0.216  -1.190
2026-05-31 12:23:58.430 DATA REST  -6.212  -6.212  -6.212   -3.965  -3.964  -4.000   -2.247  -2.248  -2.211
2026-05-31 12:23:58.440 DATA REST  -7.090  -7.090  -7.090   -4.027  -4.026  -4.062   -3.063  -3.064  -3.028
2026-05-31 12:23:58.450 DATA REST  -7.279  -7.279  -7.279   -4.092  -4.091  -4.127   -3.186  -3.187  -3.152
2026-05-31 12:23:58.485 DATA REST  -3.577  -3.577  -3.577   -4.082  -4.081  -4.116    0.505   0.504   0.539
2026-05-31 12:23:58.495 DATA REST  -2.196  -2.196  -2.196   -4.044  -4.043  -4.077    1.848   1.847   1.881
2026-05-31 12:23:58.505 DATA REST  -1.820  -1.820  -1.820   -4.000  -3.999  -4.032    2.180   2.179   2.212
2026-05-31 12:23:58.515 DATA REST  -2.134  -2.134  -2.134   -3.962  -3.961  -3.994    1.829   1.828   1.861
2026-05-31 12:23:58.525 DATA REST  -2.322  -2.322  -2.322   -3.929  -3.929  -3.961    1.608   1.607   1.639
2026-05-31 12:23:58.535 DATA REST  -4.204  -4.204  -4.204   -3.935  -3.934  -3.966   -0.269  -0.270  -0.239
2026-05-31 12:23:58.545 DATA REST  -5.145  -5.145  -5.145   -3.959  -3.958  -3.989   -1.186  -1.187  -1.156
2026-05-31 12:23:58.555 DATA REST  -5.459  -5.459  -5.459   -3.989  -3.988  -4.018   -1.470  -1.471  -1.440
2026-05-31 12:23:58.565 DATA REST  -5.898  -5.898  -5.898   -4.027  -4.027  -4.056   -1.871  -1.872  -1.842
2026-05-31 12:23:58.575 DATA REST  -6.275  -6.275  -6.275   -4.072  -4.072  -4.100   -2.202  -2.203  -2.174
2026-05-31 12:23:58.585 DATA REST  -5.271  -5.271  -5.271   -4.096  -4.096  -4.124   -1.174  -1.175  -1.147
2026-05-31 12:23:58.595 DATA REST  -5.333  -5.333  -5.333   -4.121  -4.120  -4.148   -1.212  -1.213  -1.185
2026-05-31 12:23:58.605 DATA REST  -7.090  -7.090  -7.090   -4.180  -4.180  -4.207   -2.910  -2.911  -2.883
2026-05-31 12:23:58.615 DATA REST  -6.714  -6.714  -6.714   -4.231  -4.230  -4.257   -2.483  -2.483  -2.457
2026-05-31 12:23:58.625 DATA REST  -4.518  -4.518  -4.518   -4.237  -4.236  -4.262   -0.281  -0.282  -0.256
2026-05-31 12:23:58.635 DATA REST  -3.388  -3.388  -3.388   -4.220  -4.219  -4.245    0.831   0.831   0.856
2026-05-31 12:23:58.645 DATA REST  -1.883  -1.883  -1.883   -4.173  -4.172  -4.198    2.291   2.290   2.315
2026-05-31 12:23:58.655 DATA REST  -0.941  -0.941  -0.941   -4.108  -4.108  -4.132    3.167   3.166   3.191
2026-05-31 12:23:58.665 DATA REST  -0.565  -0.565  -0.565   -4.038  -4.037  -4.061    3.473   3.472   3.496
2026-05-31 12:23:58.675 DATA REST  -2.886  -2.886  -2.886   -4.015  -4.014  -4.038    1.128   1.127   1.151
2026-05-31 12:23:58.685 DATA REST  -4.581  -4.581  -4.581   -4.026  -4.025  -4.048   -0.555  -0.555  -0.532
2026-05-31 12:23:58.695 DATA REST  -4.957  -4.957  -4.957   -4.045  -4.044  -4.067   -0.913  -0.913  -0.890
2026-05-31 12:23:58.705 DATA REST  -4.581  -4.581  -4.581   -4.055  -4.055  -4.077   -0.525  -0.526  -0.504
2026-05-31 12:23:58.715 DATA REST  -3.137  -3.137  -3.137   -4.037  -4.036  -4.058    0.899   0.899   0.921
2026-05-31 12:23:58.725 DATA REST  -3.137  -3.137  -3.137   -4.019  -4.018  -4.040    0.881   0.881   0.902
2026-05-31 12:23:58.735 DATA REST  -3.263  -3.263  -3.263   -4.004  -4.003  -4.024    0.741   0.740   0.761
2026-05-31 12:23:58.745 DATA REST  -3.828  -3.828  -3.828   -4.000  -4.000  -4.020    0.173   0.172   0.193
2026-05-31 12:23:58.755 DATA REST  -4.894  -4.894  -4.894   -4.018  -4.018  -4.038   -0.876  -0.877  -0.857
2026-05-31 12:23:58.765 DATA REST  -6.588  -6.588  -6.588   -4.070  -4.069  -4.089   -2.519  -2.519  -2.500
2026-05-31 12:23:58.775 DATA REST  -6.400  -6.400  -6.400   -4.116  -4.116  -4.135   -2.284  -2.284  -2.265
2026-05-31 12:23:58.785 DATA REST  -5.835  -5.835  -5.835   -4.151  -4.150  -4.169   -1.685  -1.685  -1.666
2026-05-31 12:23:58.795 DATA REST  -5.710  -5.710  -5.710   -4.182  -4.181  -4.200   -1.528  -1.529  -1.510
2026-05-31 12:23:58.805 DATA REST  -5.898  -5.898  -5.898   -4.216  -4.216  -4.234   -1.682  -1.683  -1.664
2026-05-31 12:23:58.815 DATA REST  -5.584  -5.584  -5.584   -4.243  -4.243  -4.261   -1.341  -1.342  -1.324
2026-05-31 12:23:58.825 DATA REST  -5.271  -5.271  -5.271   -4.264  -4.264  -4.281   -1.007  -1.007  -0.990
2026-05-31 12:23:58.835 DATA REST  -4.957  -4.957  -4.957   -4.278  -4.277  -4.294   -0.679  -0.680  -0.663
2026-05-31 12:23:58.845 DATA REST  -4.518  -4.518  -3.643   -4.283  -4.282  -4.281   -0.235  -0.236   0.639
2026-05-31 12:23:58.855 DATA REST  -3.200  -3.200  -3.200   -4.261  -4.261  -4.260    1.061   1.060   1.060
2026-05-31 12:23:58.865 DATA REST  -2.824  -2.824  -2.824   -4.232  -4.232  -4.231    1.409   1.408   1.407
2026-05-31 12:23:58.875 DATA REST  -2.886  -2.886  -2.886   -4.205  -4.205  -4.204    1.319   1.318   1.318
2026-05-31 12:23:58.885 DATA REST  -3.388  -3.388  -3.388   -4.189  -4.189  -4.188    0.801   0.800   0.799
2026-05-31 12:23:58.895 DATA REST  -3.953  -3.953  -3.953   -4.184  -4.184  -4.183    0.231   0.231   0.230
2026-05-31 12:23:58.905 DATA REST  -3.137  -3.137  -3.137   -4.163  -4.163  -4.162    1.026   1.025   1.025
2026-05-31 12:23:58.915 DATA REST  -2.824  -2.824  -2.824   -4.137  -4.136  -4.136    1.313   1.312   1.312
2026-05-31 12:23:58.925 DATA REST  -2.886  -2.886  -2.886   -4.112  -4.111  -4.111    1.225   1.225   1.224
2026-05-31 12:23:58.935 DATA REST  -3.075  -3.075  -3.637   -4.091  -4.090  -4.101    1.016   1.016   0.464
2026-05-31 12:23:58.945 DATA REST  -4.957  -4.957  -4.957   -4.108  -4.108  -4.118   -0.849  -0.849  -0.839
2026-05-31 12:23:58.955 DATA REST  -6.651  -6.651  -6.651   -4.159  -4.159  -4.169   -2.492  -2.492  -2.482
2026-05-31 12:23:58.990 DATA REST  -4.455  -4.455  -4.455   -4.165  -4.165  -4.175   -0.290  -0.291  -0.281
2026-05-31 12:23:59.000 DATA REST  -3.451  -3.451  -3.451   -4.151  -4.150  -4.160    0.699   0.699   0.709
2026-05-31 12:23:59.010 DATA REST  -4.141  -4.141  -4.141   -4.150  -4.150  -4.160    0.009   0.009   0.018
2026-05-31 12:23:59.020 DATA REST  -4.204  -4.204  -4.204   -4.152  -4.151  -4.161   -0.053  -0.053  -0.043
2026-05-31 12:23:59.030 DATA REST  -4.330  -4.330  -4.330   -4.155  -4.155  -4.164   -0.175  -0.175  -0.166
2026-05-31 12:23:59.040 DATA REST  -4.518  -4.518  -4.518   -4.162  -4.162  -4.171   -0.355  -0.356  -0.347
2026-05-31 12:23:59.050 DATA REST  -3.577  -3.577  -3.577   -4.151  -4.150  -4.159    0.574   0.574   0.583
2026-05-31 12:23:59.060 DATA REST  -3.388  -3.388  -3.388   -4.135  -4.135  -4.144    0.747   0.747   0.755
2026-05-31 12:23:59.070 DATA REST  -3.702  -3.702  -3.702   -4.127  -4.126  -4.135    0.425   0.424   0.433
2026-05-31 12:23:59.080 DATA REST  -4.330  -4.330  -4.330   -4.131  -4.130  -4.139   -0.199  -0.199  -0.191
2026-05-31 12:23:59.090 DATA REST  -4.769  -4.769  -4.769   -4.144  -4.143  -4.151   -0.625  -0.626  -0.617
2026-05-31 12:23:59.100 DATA REST  -3.953  -3.953  -3.953   -4.140  -4.139  -4.147    0.187   0.186   0.194
2026-05-31 12:23:59.110 DATA REST  -3.451  -3.451  -3.451   -4.126  -4.126  -4.134    0.675   0.675   0.682
2026-05-31 12:23:59.120 DATA REST  -3.075  -3.075  -3.075   -4.105  -4.105  -4.112    1.030   1.030   1.038
2026-05-31 12:23:59.130 DATA REST  -2.949  -2.949  -2.949   -4.082  -4.082  -4.089    1.133   1.132   1.140
2026-05-31 12:23:59.140 DATA REST  -3.577  -3.577  -3.577   -4.072  -4.071  -4.079    0.495   0.495   0.502
2026-05-31 12:23:59.150 DATA REST  -4.706  -4.706  -4.706   -4.084  -4.084  -4.091   -0.622  -0.622  -0.615
2026-05-31 12:23:59.160 DATA REST  -6.024  -6.024  -6.024   -4.123  -4.123  -4.130   -1.901  -1.901  -1.894
2026-05-31 12:23:59.170 DATA REST  -6.714  -6.714  -6.714   -4.175  -4.175  -4.182   -2.539  -2.539  -2.532
2026-05-31 12:23:59.180 DATA REST  -6.588  -6.588  -6.588   -4.223  -4.223  -4.230   -2.365  -2.365  -2.359
2026-05-31 12:23:59.190 DATA REST  -5.145  -5.145  -5.145   -4.242  -4.241  -4.248   -0.904  -0.904  -0.897
2026-05-31 12:23:59.200 DATA REST  -4.455  -4.455  -4.455   -4.246  -4.246  -4.252   -0.209  -0.209  -0.203
2026-05-31 12:23:59.210 DATA REST  -4.267  -4.267  -4.267   -4.246  -4.246  -4.253   -0.020  -0.021  -0.014
2026-05-31 12:23:59.220 DATA REST  -3.702  -3.702  -3.702   -4.236  -4.235  -4.242    0.533   0.533   0.539
2026-05-31 12:23:59.230 DATA REST  -2.385  -2.385  -2.385   -4.198  -4.198  -4.204    1.814   1.814   1.820
2026-05-31 12:23:59.240 DATA REST  -2.447  -2.447  -2.447   -4.163  -4.163  -4.169    1.716   1.716   1.722
2026-05-31 12:23:59.250 DATA REST  -3.388  -3.388  -3.388   -4.148  -4.148  -4.154    0.760   0.759   0.765
2026-05-31 12:23:59.260 DATA REST  -4.581  -4.581  -4.581   -4.157  -4.156  -4.162   -0.424  -0.424  -0.418
2026-05-31 12:23:59.270 DATA REST  -5.584  -5.584  -6.022   -4.185  -4.185  -4.199   -1.399  -1.399  -1.823
2026-05-31 12:23:59.280 DATA REST  -6.400  -6.400  -6.400   -4.229  -4.229  -4.243   -2.171  -2.171  -2.157
2026-05-31 12:23:59.290 DATA REST  -5.898  -5.898  -5.898   -4.263  -4.263  -4.277   -1.635  -1.636  -1.622
2026-05-31 12:23:59.300 DATA REST  -4.769  -4.769  -4.769   -4.273  -4.273  -4.286   -0.496  -0.496  -0.482
2026-05-31 12:23:59.310 DATA REST  -4.141  -4.141  -4.141   -4.270  -4.270  -4.283    0.129   0.129   0.142
2026-05-31 12:23:59.320 DATA REST  -2.573  -2.573  -2.573   -4.236  -4.236  -4.249    1.664   1.663   1.676
2026-05-31 12:23:59.330 DATA REST  -2.259  -2.259  -2.259   -4.197  -4.197  -4.209    1.938   1.938   1.950
2026-05-31 12:23:59.340 DATA REST  -3.263  -3.263  -3.263   -4.178  -4.178  -4.191    0.915   0.915   0.928
2026-05-31 12:23:59.350 DATA REST  -7.341  -7.341  -7.341   -4.241  -4.241  -4.254   -3.100  -3.100  -3.088
2026-05-31 12:23:59.360 DATA REST   3.639   3.639   1.506   -4.084  -4.084  -4.138    7.723   7.723   5.644
2026-05-31 12:23:59.370 DATA REST   0.314   0.314   0.314   -3.996  -3.996  -4.049    4.310   4.309   4.363
2026-05-31 12:23:59.380 DATA REST  -5.961  -5.961  -5.961   -4.035  -4.035  -4.088   -1.926  -1.926  -1.873
2026-05-31 12:23:59.390 DATA REST   6.212   6.212   6.212   -3.830  -3.830  -3.882   10.042  10.042  10.093
2026-05-31 12:23:59.400 DATA REST   4.078   4.078   4.078   -3.672  -3.672  -3.722    7.750   7.750   7.801
2026-05-31 12:23:59.410 DATA REST   0.941   0.941   0.941   -3.580  -3.580  -3.629    4.521   4.521   4.570
2026-05-31 12:23:59.420 DATA REST   1.820   1.820   1.820   -3.472  -3.472  -3.520    5.291   5.291   5.340
2026-05-31 12:23:59.421 PROMPT shake_start cycle=4
2026-05-31 12:23:59.455 DATA SHAKE   4.141   4.141   4.141   -3.320  -3.319  -3.367    7.461   7.461   7.508
2026-05-31 12:23:59.465 DATA SHAKE  -4.267  -4.267  -4.267   -3.338  -3.338  -3.385   -0.928  -0.928  -0.882
2026-05-31 12:23:59.475 DATA SHAKE   5.772   5.772   5.772   -3.156  -3.156  -3.202    8.929   8.929   8.974
2026-05-31 12:23:59.485 DATA SHAKE  -7.843  -7.843  -7.843   -3.250  -3.250  -3.295   -4.593  -4.593  -4.549
2026-05-31 12:23:59.495 DATA SHAKE  -6.275  -6.275  -6.275   -3.310  -3.310  -3.354   -2.964  -2.964  -2.920
2026-05-31 12:23:59.505 DATA SHAKE  -5.020  -5.020  -5.020   -3.345  -3.345  -3.387   -1.675  -1.675  -1.632
2026-05-31 12:23:59.515 DATA SHAKE  -4.330  -4.330  -4.330   -3.364  -3.364  -3.406   -0.965  -0.965  -0.923
2026-05-31 12:23:59.525 DATA SHAKE  -7.153  -7.153  -7.153   -3.440  -3.440  -3.481   -3.713  -3.713  -3.672
2026-05-31 12:23:59.535 DATA SHAKE   7.216   7.216   7.216   -3.227  -3.227  -3.267   10.443  10.443  10.483
2026-05-31 12:23:59.545 DATA SHAKE   6.337   6.337   6.337   -3.036  -3.036  -3.075    9.373   9.373   9.412
2026-05-31 12:23:59.555 DATA SHAKE   5.584   5.584   5.584   -2.863  -2.863  -2.902    8.448   8.447   8.486
2026-05-31 12:23:59.565 DATA SHAKE   4.329   4.329   4.329   -2.720  -2.719  -2.757    7.049   7.049   7.087
2026-05-31 12:23:59.575 DATA SHAKE   3.012   3.012   3.012   -2.605  -2.605  -2.642    5.617   5.616   5.654
2026-05-31 12:23:59.585 DATA SHAKE   2.071   2.071   2.071   -2.511  -2.511  -2.548    4.582   4.582   4.618
2026-05-31 12:23:59.595 DATA SHAKE   1.882   1.882   1.882   -2.423  -2.423  -2.459    4.306   4.306   4.342
2026-05-31 12:23:59.605 DATA SHAKE   1.318   1.318   1.318   -2.349  -2.349  -2.384    3.666   3.666   3.701
2026-05-31 12:23:59.615 DATA SHAKE  -0.941  -0.941  -0.941   -2.321  -2.320  -2.355    1.379   1.379   1.413
2026-05-31 12:23:59.625 DATA SHAKE  -1.694  -1.694  -1.694   -2.308  -2.308  -2.342    0.614   0.614   0.647
2026-05-31 12:23:59.635 DATA SHAKE  -1.757  -1.757  -1.757   -2.297  -2.297  -2.330    0.540   0.540   0.573
2026-05-31 12:23:59.645 DATA SHAKE  -2.322  -2.322  -2.322   -2.297  -2.297  -2.330   -0.024  -0.024   0.008
2026-05-31 12:23:59.655 DATA SHAKE  -4.016  -4.016  -4.016   -2.332  -2.332  -2.363   -1.684  -1.684  -1.652
2026-05-31 12:23:59.665 DATA SHAKE  -5.083  -5.083  -5.083   -2.387  -2.387  -2.418   -2.696  -2.696  -2.665
2026-05-31 12:23:59.675 DATA SHAKE  -6.714  -6.714  -6.714   -2.473  -2.473  -2.504   -4.240  -4.241  -4.210
2026-05-31 12:23:59.685 DATA SHAKE   7.467   7.467   7.467   -2.275  -2.275  -2.304    9.741   9.741   9.771
2026-05-31 12:23:59.695 DATA SHAKE   6.525   6.525   6.463   -2.099  -2.099  -2.129    8.624   8.624   8.592
2026-05-31 12:23:59.705 DATA SHAKE   6.651   6.651   6.651   -1.924  -1.924  -1.953    8.574   8.574   8.604
2026-05-31 12:23:59.715 DATA SHAKE   6.463   6.463   6.463   -1.756  -1.756  -1.785    8.219   8.218   8.248
2026-05-31 12:23:59.725 DATA SHAKE   6.212   6.212   6.212   -1.597  -1.596  -1.625    7.808   7.808   7.837
2026-05-31 12:23:59.735 DATA SHAKE   6.525   6.525   6.525   -1.434  -1.434  -1.462    7.959   7.959   7.988
2026-05-31 12:23:59.745 DATA SHAKE  -7.969  -7.969  -7.969   -1.565  -1.565  -1.592   -6.404  -6.404  -6.376
2026-05-31 12:23:59.755 DATA SHAKE  -7.969  -7.969  -7.969   -1.693  -1.693  -1.720   -6.276  -6.276  -6.249
2026-05-31 12:23:59.765 DATA SHAKE  -7.843  -7.843  -7.843   -1.816  -1.816  -1.842   -6.027  -6.027  -6.001
2026-05-31 12:23:59.775 DATA SHAKE   7.529   7.529   7.529   -1.629  -1.629  -1.655    9.158   9.158   9.184
2026-05-31 12:23:59.785 DATA SHAKE   7.529   7.529  -7.843   -1.446  -1.446  -1.779    8.975   8.975  -6.065
2026-05-31 12:23:59.795 DATA SHAKE  -7.279  -7.279  -7.279   -1.562  -1.562  -1.889   -5.716  -5.716  -5.390
2026-05-31 12:23:59.805 DATA SHAKE  -6.149  -6.149  -6.149   -1.654  -1.654  -1.974   -4.495  -4.495  -4.175
2026-05-31 12:23:59.815 DATA SHAKE  -4.643  -4.643  -4.643   -1.714  -1.714  -2.027   -2.929  -2.929  -2.616
2026-05-31 12:23:59.825 DATA SHAKE  -3.137  -3.137  -3.137   -1.742  -1.742  -2.049   -1.395  -1.395  -1.088
2026-05-31 12:23:59.835 DATA SHAKE  -2.510  -2.510  -2.510   -1.758  -1.758  -2.059   -0.752  -0.752  -0.451
2026-05-31 12:23:59.845 DATA SHAKE  -2.635  -2.635  -2.635   -1.775  -1.775  -2.070   -0.860  -0.860  -0.565
2026-05-31 12:23:59.855 DATA SHAKE  -2.698  -2.698  -2.698   -1.794  -1.794  -2.083   -0.904  -0.904  -0.616
2026-05-31 12:23:59.865 DATA SHAKE  -2.134  -2.134  -2.134   -1.801  -1.801  -2.084   -0.333  -0.333  -0.050
2026-05-31 12:23:59.875 DATA SHAKE  -0.941  -0.941   1.631   -1.783  -1.783  -2.009    0.842   0.842   3.641
2026-05-31 12:23:59.885 DATA SHAKE   7.467   7.467   7.467   -1.598  -1.598  -1.820    9.065   9.065   9.286
2026-05-31 12:23:59.895 DATA SHAKE  -0.816  -0.816  -0.816   -1.583  -1.583  -1.800    0.767   0.767   0.984
2026-05-31 12:23:59.905 DATA SHAKE  -0.126  -0.126  -0.126   -1.554  -1.554  -1.766    1.428   1.428   1.641
2026-05-31 12:23:59.915 DATA SHAKE   5.961   5.961   5.961   -1.403  -1.403  -1.612    7.364   7.364   7.573
2026-05-31 12:23:59.925 DATA SHAKE   6.463   6.463   6.463   -1.246  -1.246  -1.450    7.709   7.709   7.913
2026-05-31 12:23:59.960 DATA SHAKE   1.882   1.882   1.882   -1.183  -1.183  -1.384    3.066   3.066   3.266
2026-05-31 12:23:59.970 DATA SHAKE  -2.573  -2.573  -2.573   -1.211  -1.211  -1.407   -1.362  -1.362  -1.165
2026-05-31 12:23:59.980 DATA SHAKE   4.518   4.518   4.518   -1.097  -1.097  -1.289    5.614   5.614   5.807
2026-05-31 12:23:59.990 DATA SHAKE  -5.271  -5.271  -5.271   -1.180  -1.180  -1.369   -4.091  -4.091  -3.902
2026-05-31 12:24:00.000 DATA SHAKE   7.592   7.592   7.592   -1.005  -1.005  -1.189    8.597   8.597   8.781
2026-05-31 12:24:00.010 DATA SHAKE   5.835   5.835   5.835   -0.868  -0.868  -1.049    6.703   6.703   6.884
2026-05-31 12:24:00.020 DATA SHAKE  -6.463  -6.463  -6.463   -0.980  -0.980  -1.157   -5.483  -5.483  -5.306
2026-05-31 12:24:00.030 DATA SHAKE  -6.275  -6.275  -6.275   -1.086  -1.086  -1.260   -5.189  -5.189  -5.015
2026-05-31 12:24:00.040 DATA SHAKE  -3.639  -3.639  -3.639   -1.137  -1.137  -1.307   -2.503  -2.503  -2.332
2026-05-31 12:24:00.050 DATA SHAKE   6.525   6.525   6.525   -0.984  -0.983  -1.150    7.509   7.509   7.676
2026-05-31 12:24:00.060 DATA SHAKE  -0.439  -0.439  -0.439   -0.973  -0.973  -1.136    0.533   0.533   0.697
2026-05-31 12:24:00.070 DATA SHAKE   4.894   4.894   4.894   -0.855  -0.855  -1.016    5.749   5.749   5.910
2026-05-31 12:24:00.080 DATA SHAKE   4.329   4.329   4.329   -0.752  -0.752  -0.909    5.081   5.081   5.238
2026-05-31 12:24:00.090 DATA SHAKE  -6.275  -6.275  -6.275   -0.862  -0.862  -1.016   -5.413  -5.413  -5.259
2026-05-31 12:24:00.100 DATA SHAKE  -5.710  -5.710  -5.710   -0.959  -0.959  -1.110   -4.751  -4.751  -4.600
2026-05-31 12:24:00.110 DATA SHAKE  -7.216  -7.216  -7.216   -1.084  -1.084  -1.232   -6.132  -6.132  -5.984
2026-05-31 12:24:00.120 DATA SHAKE  -2.949  -2.949  -2.949   -1.121  -1.121  -1.266   -1.828  -1.828  -1.683
2026-05-31 12:24:00.130 DATA SHAKE  -5.961  -5.961  -5.961   -1.218  -1.218  -1.360   -4.743  -4.743  -4.601
2026-05-31 12:24:00.140 DATA SHAKE  -4.330  -4.330  -4.330   -1.280  -1.280  -1.420   -3.049  -3.049  -2.910
2026-05-31 12:24:00.150 DATA SHAKE   5.208   5.208   5.208   -1.151  -1.151  -1.287    6.358   6.358   6.495
2026-05-31 12:24:00.160 DATA SHAKE   0.816   0.816   0.816   -1.111  -1.111  -1.245    1.927   1.927   2.061
2026-05-31 12:24:00.170 DATA SHAKE  -5.647  -5.647  -5.647   -1.202  -1.202  -1.333   -4.445  -4.445  -4.314
2026-05-31 12:24:00.180 DATA SHAKE   4.643   4.643   4.643   -1.085  -1.085  -1.214    5.728   5.728   5.857
2026-05-31 12:24:00.190 DATA SHAKE  -1.694  -1.694  -1.694   -1.097  -1.097  -1.223   -0.597  -0.597  -0.471
2026-05-31 12:24:00.200 DATA SHAKE   0.502   0.502   0.502   -1.065  -1.065  -1.189    1.567   1.567   1.691
2026-05-31 12:24:00.210 DATA SHAKE  -7.530  -7.530   6.658   -1.195  -1.195  -1.032   -6.335  -6.335   7.690
2026-05-31 12:24:00.220 DATA SHAKE  -0.188  -0.188  -0.188   -1.175  -1.175  -1.015    0.986   0.986   0.826
2026-05-31 12:24:00.230 DATA SHAKE   2.071   2.071   2.071   -1.110  -1.110  -0.953    3.180   3.180   3.024
2026-05-31 12:24:00.240 DATA SHAKE   7.529   7.529   7.529   -0.937  -0.937  -0.784    8.466   8.466   8.313
2026-05-31 12:24:00.250 DATA SHAKE   7.655   7.655   7.655   -0.765  -0.765  -0.615    8.420   8.420   8.270
2026-05-31 12:24:00.260 DATA SHAKE   5.145   5.145   5.145   -0.647  -0.647  -0.500    5.792   5.792   5.645
2026-05-31 12:24:00.270 DATA SHAKE   6.086   6.086   6.086   -0.512  -0.512  -0.368    6.598   6.598   6.454
2026-05-31 12:24:00.280 DATA SHAKE   5.145   5.145   5.145   -0.399  -0.399  -0.258    5.544   5.544   5.403
2026-05-31 12:24:00.290 DATA SHAKE  -0.502  -0.502  -0.502   -0.401  -0.401  -0.263   -0.101  -0.101  -0.240
2026-05-31 12:24:00.300 DATA SHAKE   7.780   7.780   5.961   -0.237  -0.237  -0.138    8.018   8.018   6.099
2026-05-31 12:24:00.310 DATA SHAKE  -2.322  -2.322  -2.322   -0.279  -0.279  -0.182   -2.043  -2.043  -2.140
2026-05-31 12:24:00.320 DATA SHAKE  -6.777  -6.777  -6.777   -0.409  -0.409  -0.314   -6.367  -6.368  -6.463
2026-05-31 12:24:00.330 DATA SHAKE  -2.008  -2.008  -2.008   -0.441  -0.441  -0.347   -1.567  -1.567  -1.661
2026-05-31 12:24:00.340 DATA SHAKE  -3.137  -3.137  -3.137   -0.495  -0.495  -0.403   -2.642  -2.642  -2.734
2026-05-31 12:24:00.350 DATA SHAKE   7.906   7.906   7.906   -0.327  -0.327  -0.237    8.233   8.233   8.143
2026-05-31 12:24:00.360 DATA SHAKE  -6.839  -6.839  -6.839   -0.457  -0.457  -0.369   -6.382  -6.382  -6.470
2026-05-31 12:24:00.370 DATA SHAKE   4.267   4.267   4.267   -0.363  -0.363  -0.276    4.629   4.629   4.543
2026-05-31 12:24:00.380 DATA SHAKE  -3.200  -3.200  -3.200   -0.420  -0.420  -0.335   -2.781  -2.781  -2.865
2026-05-31 12:24:00.390 DATA SHAKE   5.459  -2.041  -2.008   -0.302  -0.452  -0.368    5.761  -1.589  -1.640
2026-05-31 12:24:00.400 DATA SHAKE  -4.581  -4.581  -4.581   -0.388  -0.535  -0.453   -4.193  -4.046  -4.128
2026-05-31 12:24:00.410 DATA SHAKE   6.086   6.086   6.086   -0.258  -0.402  -0.322    6.344   6.488   6.408
2026-05-31 12:24:00.420 DATA SHAKE  -2.196  -2.196  -2.196   -0.297  -0.438  -0.359   -1.899  -1.758  -1.837
2026-05-31 12:24:00.430 DATA SHAKE   6.337   6.337   6.337   -0.164  -0.302  -0.225    6.501   6.640   6.563
2026-05-31 12:24:00.465 DATA SHAKE  -7.781  -7.781  -7.781   -0.316  -0.452  -0.377   -7.464  -7.328  -7.404
2026-05-31 12:24:00.475 DATA SHAKE  -7.781  -7.781  -7.781   -0.466  -0.599  -0.525   -7.315  -7.182  -7.256
2026-05-31 12:24:00.485 DATA SHAKE   7.592   7.592   7.592   -0.305  -0.435  -0.362    7.897   8.027   7.954
2026-05-31 12:24:00.495 DATA SHAKE  -2.008  -2.008  -2.008   -0.339  -0.466  -0.395   -1.669  -1.542  -1.613
2026-05-31 12:24:00.505 DATA SHAKE   6.086   6.086   6.086   -0.210  -0.335  -0.266    6.296   6.421   6.352
2026-05-31 12:24:00.515 DATA SHAKE  -3.326  -3.326  -3.326   -0.272  -0.395  -0.327   -3.053  -2.931  -2.999
2026-05-31 12:24:00.525 DATA SHAKE   1.820   1.820   1.820   -0.231  -0.351  -0.284    2.050   2.170   2.103
2026-05-31 12:24:00.535 DATA SHAKE   0.941   0.941   0.941   -0.207  -0.325  -0.259    1.148   1.266   1.200
2026-05-31 12:24:00.545 DATA SHAKE   2.886   2.886   2.886   -0.145  -0.261  -0.196    3.032   3.147   3.083
2026-05-31 12:24:00.555 DATA SHAKE  -3.890  -3.890  -3.890   -0.220  -0.333  -0.270   -3.670  -3.557  -3.620
2026-05-31 12:24:00.565 DATA SHAKE  -4.832  -4.832  -4.832   -0.312  -0.423  -0.362   -4.519  -4.408  -4.470
2026-05-31 12:24:00.575 DATA SHAKE  -0.063  -0.063  -0.063   -0.307  -0.416  -0.356    0.244   0.353   0.293
2026-05-31 12:24:00.585 DATA SHAKE  -1.632  -1.632  -1.632   -0.334  -0.440  -0.381   -1.298  -1.191  -1.251
2026-05-31 12:24:00.595 DATA SHAKE   0.627   0.627   0.627   -0.315  -0.419  -0.361    0.942   1.046   0.988
2026-05-31 12:24:00.605 DATA SHAKE  -1.443  -1.443  -1.443   -0.337  -0.439  -0.383   -1.106  -1.004  -1.061
2026-05-31 12:24:00.615 DATA SHAKE   0.502   0.502   0.502   -0.321  -0.421  -0.365    0.822   0.923   0.867
2026-05-31 12:24:00.625 DATA SHAKE  -0.188  -0.188  -0.188   -0.318  -0.416  -0.361    0.129   0.228   0.173
2026-05-31 12:24:00.635 DATA SHAKE   5.647   5.647   5.647   -0.199  -0.295  -0.241    5.846   5.942   5.888
2026-05-31 12:24:00.645 DATA SHAKE  -5.333  -5.333  -5.333   -0.301  -0.396  -0.343   -5.032  -4.938  -4.990
2026-05-31 12:24:00.655 DATA SHAKE  -0.126  -0.126  -0.126   -0.298  -0.390  -0.339    0.172   0.264   0.213
2026-05-31 12:24:00.665 DATA SHAKE   0.941   0.941   0.941   -0.273  -0.363  -0.313    1.214   1.305   1.254
2026-05-31 12:24:00.675 DATA SHAKE  -2.510  -2.510  -2.510   -0.318  -0.406  -0.357   -2.192  -2.104  -2.153
2026-05-31 12:24:00.685 DATA SHAKE  -6.588  -6.588  -6.588   -0.443  -0.530  -0.482   -6.145  -6.058  -6.107
2026-05-31 12:24:00.695 DATA SHAKE   6.965   6.965   6.965   -0.295  -0.380  -0.333    7.260   7.345   7.297
2026-05-31 12:24:00.705 DATA SHAKE  -2.510  -2.510  -2.510   -0.339  -0.423  -0.376   -2.171  -2.087  -2.134
2026-05-31 12:24:00.715 DATA SHAKE   4.078   4.078   4.078   -0.251  -0.333  -0.287    4.329   4.411   4.366
2026-05-31 12:24:00.725 DATA SHAKE  -4.016  -4.016  -6.203   -0.326  -0.406  -0.405   -3.690  -3.609  -5.798
2026-05-31 12:24:00.735 DATA SHAKE  -4.769  -4.769  -4.769   -0.415  -0.494  -0.493   -4.354  -4.275  -4.276
2026-05-31 12:24:00.745 DATA SHAKE   3.953   3.953   3.953   -0.328  -0.405  -0.404    4.281   4.358   4.357
2026-05-31 12:24:00.755 DATA SHAKE   3.200   3.200   3.200   -0.257  -0.333  -0.332    3.457   3.533   3.532
2026-05-31 12:24:00.765 DATA SHAKE  -4.769  -4.769  -4.769   -0.347  -0.421  -0.421   -4.421  -4.347  -4.348
2026-05-31 12:24:00.775 DATA SHAKE  -3.702  -3.702  -3.702   -0.414  -0.487  -0.486   -3.288  -3.215  -3.216
2026-05-31 12:24:00.785 DATA SHAKE  -4.392  -4.392  -4.392   -0.494  -0.565  -0.564   -3.898  -3.827  -3.828
2026-05-31 12:24:00.795 DATA SHAKE   2.698   2.698   2.698   -0.430  -0.500  -0.499    3.128   3.198   3.197
2026-05-31 12:24:00.805 DATA SHAKE  -5.961  -5.961  -5.961   -0.541  -0.609  -0.608   -5.420  -5.352  -5.353
2026-05-31 12:24:00.815 DATA SHAKE   1.694   1.694   4.141   -0.496  -0.563  -0.513    2.190   2.257   4.654
2026-05-31 12:24:00.825 DATA SHAKE  -5.584  -5.584  -5.584   -0.598  -0.663  -0.615   -4.987  -4.921  -4.970
2026-05-31 12:24:00.835 DATA SHAKE  -4.141  -4.141  -4.141   -0.669  -0.733  -0.685   -3.473  -3.408  -3.456
2026-05-31 12:24:00.845 DATA SHAKE  -4.832  -4.832  -4.832   -0.752  -0.815  -0.768   -4.080  -4.017  -4.063
2026-05-31 12:24:00.855 DATA SHAKE   1.506   1.506   1.506   -0.707  -0.769  -0.723    2.213   2.274   2.229
2026-05-31 12:24:00.865 DATA SHAKE  -0.314  -0.314  -0.314   -0.699  -0.759  -0.714    0.385   0.445   0.401
2026-05-31 12:24:00.875 DATA SHAKE   7.278   7.278   7.278   -0.539  -0.599  -0.555    7.818   7.877   7.833
2026-05-31 12:24:00.885 DATA SHAKE  -7.718  -7.718  -7.718   -0.683  -0.741  -0.698   -7.035  -6.977  -7.020
2026-05-31 12:24:00.895 DATA SHAKE   6.839   6.839   6.839   -0.533  -0.589  -0.547    7.372   7.429   7.386
2026-05-31 12:24:00.905 DATA SHAKE  -7.781  -7.781  -5.522   -0.678  -0.733  -0.647   -7.103  -7.047  -4.875
2026-05-31 12:24:00.915 DATA SHAKE   0.690   0.690   0.690   -0.650  -0.705  -0.620    1.340   1.395   1.310
2026-05-31 12:24:00.925 DATA SHAKE  -5.083  -5.083  -5.083   -0.739  -0.792  -0.709   -4.344  -4.290  -4.373
2026-05-31 12:24:00.935 DATA SHAKE  -1.757  -1.757  -1.757   -0.759  -0.812  -0.730   -0.998  -0.945  -1.027
2026-05-31 12:24:00.970 DATA SHAKE   1.945   1.945   1.945   -0.705  -0.757  -0.677    2.650   2.702   2.622
2026-05-31 12:24:00.980 DATA SHAKE  -0.251  -0.251  -0.251   -0.696  -0.746  -0.668    0.445   0.495   0.417
2026-05-31 12:24:00.990 DATA SHAKE   0.753   0.753   0.753   -0.667  -0.716  -0.640    1.420   1.469   1.393
2026-05-31 12:24:01.000 DATA SHAKE  -6.965  -6.965  -6.965   -0.793  -0.841  -0.766   -6.172  -6.123  -6.199
2026-05-31 12:24:01.010 DATA SHAKE  -4.518  -4.518  -4.518   -0.868  -0.915  -0.841   -3.650  -3.603  -3.677
2026-05-31 12:24:01.020 DATA SHAKE   4.643   4.643   4.643   -0.757  -0.804  -0.732    5.400   5.447   5.375
2026-05-31 12:24:01.030 DATA SHAKE  -4.706  -4.706  -4.706   -0.836  -0.882  -0.811   -3.870  -3.824  -3.895
2026-05-31 12:24:01.040 DATA SHAKE  -5.835  -5.835  -5.835   -0.936  -0.981  -0.912   -4.899  -4.855  -4.924
2026-05-31 12:24:01.050 DATA SHAKE  -2.196  -2.196  -2.196   -0.961  -1.005  -0.937   -1.235  -1.191  -1.259
2026-05-31 12:24:01.060 DATA SHAKE   2.322   2.322   2.322   -0.896  -0.939  -0.872    3.217   3.260   3.194
2026-05-31 12:24:01.070 DATA SHAKE  -4.392  -4.392  -4.392   -0.966  -1.008  -0.942   -3.427  -3.385  -3.450
2026-05-31 12:24:01.080 DATA SHAKE  -6.212  -6.212  -6.212   -1.071  -1.112  -1.048   -5.141  -5.100  -5.164
2026-05-31 12:24:01.090 DATA SHAKE  -7.530  -7.530  -7.530   -1.200  -1.240  -1.177   -6.330  -6.289  -6.352
2026-05-31 12:24:01.100 DATA SHAKE   4.078   4.078   4.078   -1.094  -1.134  -1.072    5.173   5.212   5.151
2026-05-31 12:24:01.110 DATA SHAKE   5.020   5.020   5.020   -0.972  -1.011  -0.951    5.992   6.030   5.970
2026-05-31 12:24:01.120 DATA SHAKE   0.502   0.502   0.502   -0.943  -0.980  -0.921    1.444   1.482   1.423
2026-05-31 12:24:01.130 DATA SHAKE  -2.008  -2.008  -2.008   -0.964  -1.001  -0.943   -1.044  -1.007  -1.065
2026-05-31 12:24:01.140 DATA SHAKE   0.753   0.753   0.753   -0.929  -0.966  -0.909    1.682   1.719   1.662
2026-05-31 12:24:01.150 DATA SHAKE   7.655   7.655   7.655   -0.758  -0.794  -0.738    8.413   8.448   8.393
2026-05-31 12:24:01.160 DATA SHAKE  -6.149  -6.149  -6.149   -0.866  -0.901  -0.846   -5.284  -5.249  -5.303
2026-05-31 12:24:01.170 DATA SHAKE   4.580   4.580   4.580   -0.757  -0.791  -0.738    5.337   5.371   5.318
2026-05-31 12:24:01.180 DATA SHAKE   1.067   1.067   1.067   -0.720  -0.754  -0.702    1.787   1.821   1.768
2026-05-31 12:24:01.190 DATA SHAKE   0.502   0.502   0.502   -0.696  -0.729  -0.678    1.198   1.231   1.179
2026-05-31 12:24:01.200 DATA SHAKE   6.776   6.776   6.776   -0.546  -0.579  -0.528    7.323   7.355   7.305
2026-05-31 12:24:01.210 DATA SHAKE   5.710   5.710   5.710   -0.421  -0.453  -0.404    6.131   6.163   6.113
2026-05-31 12:24:01.220 DATA SHAKE  -2.134  -2.134  -2.134   -0.455  -0.487  -0.438   -1.678  -1.647  -1.695
2026-05-31 12:24:01.230 DATA SHAKE  -1.192  -1.192  -1.192   -0.470  -0.501  -0.453   -0.722  -0.692  -0.739
2026-05-31 12:24:01.240 DATA SHAKE  -1.443  -1.443   7.807   -0.490  -0.519  -0.288   -0.954  -0.924   8.095
2026-05-31 12:24:01.250 DATA SHAKE  -0.565  -0.565  -0.565   -0.491  -0.520  -0.294   -0.074  -0.045  -0.271
2026-05-31 12:24:01.260 DATA SHAKE   5.584   5.584   5.584   -0.370  -0.398  -0.176    5.954   5.983   5.760
2026-05-31 12:24:01.270 DATA SHAKE  -1.004  -1.004  -1.004   -0.382  -0.410  -0.193   -0.622  -0.594  -0.811
2026-05-31 12:24:01.280 DATA SHAKE   7.278   7.278   7.278   -0.229  -0.257  -0.043    7.507   7.535   7.322
2026-05-31 12:24:01.290 DATA SHAKE   1.757   1.757   1.757   -0.189  -0.216  -0.007    1.946   1.973   1.764
2026-05-31 12:24:01.300 DATA SHAKE   4.455   4.455   4.455   -0.097  -0.123   0.082    4.551   4.578   4.373
2026-05-31 12:24:01.310 DATA SHAKE  -2.134  -2.134  -2.134   -0.137  -0.163   0.038   -1.996  -1.970  -2.171
2026-05-31 12:24:01.320 DATA SHAKE   7.216   7.216   7.216    0.010  -0.016   0.181    7.206   7.231   7.034
2026-05-31 12:24:01.330 DATA SHAKE   1.067   1.067   6.129    0.031   0.006   0.300    1.036   1.061   5.829
2026-05-31 12:24:01.340 DATA SHAKE  -4.392  -4.392  -4.392   -0.058  -0.082   0.206   -4.335  -4.310  -4.599
2026-05-31 12:24:01.350 DATA SHAKE  -0.753  -0.753  -0.753   -0.071  -0.095   0.187   -0.682  -0.658  -0.940
2026-05-31 12:24:01.360 DATA SHAKE  -4.330  -4.330  -4.330   -0.157  -0.180   0.097   -4.173  -4.150  -4.426
2026-05-31 12:24:01.370 DATA SHAKE  -7.467  -7.467  -7.467   -0.303  -0.326  -0.054   -7.164  -7.141  -7.412
2026-05-31 12:24:01.380 DATA SHAKE  -2.447  -2.447  -2.447   -0.346  -0.368  -0.102   -2.102  -2.079  -2.345
2026-05-31 12:24:01.390 DATA SHAKE  -2.322  -2.322  -2.322   -0.385  -0.407  -0.147   -1.937  -1.915  -2.175
2026-05-31 12:24:01.400 DATA SHAKE   7.404   7.404   7.404   -0.229  -0.251   0.004    7.633   7.655   7.400
2026-05-31 12:24:01.410 DATA SHAKE  -4.957  -4.957  -4.957   -0.324  -0.345  -0.095   -4.633  -4.612  -4.862
2026-05-31 12:24:01.420 DATA SHAKE   7.467   7.467  -4.518   -0.168  -0.189  -0.183    7.635   7.655  -4.334
2026-05-31 12:24:01.430 DATA SHAKE  -7.906  -7.906  -7.906   -0.323  -0.343  -0.338   -7.583  -7.563  -7.568
2026-05-31 12:24:01.431 PROMPT rest_start cycle=4
2026-05-31 12:24:01.465 DATA REST  -0.063  -0.063  -0.063   -0.318  -0.338  -0.332    0.255   0.275   0.269
2026-05-31 12:24:01.475 DATA REST  -7.028  -7.028  -7.028   -0.452  -0.471  -0.466   -6.576  -6.556  -6.561
2026-05-31 12:24:01.485 DATA REST  -5.208  -5.208  -5.208   -0.547  -0.566  -0.561   -4.661  -4.642  -4.647
2026-05-31 12:24:01.495 DATA REST   3.074   3.074   3.074   -0.475  -0.493  -0.488    3.549   3.568   3.563
2026-05-31 12:24:01.505 DATA REST  -4.769  -4.769  -4.769   -0.561  -0.579  -0.574   -4.208  -4.190  -4.195
2026-05-31 12:24:01.515 DATA REST  -1.381  -1.381  -1.381   -0.577  -0.595  -0.590   -0.804  -0.786  -0.790
2026-05-31 12:24:01.525 DATA REST  -0.314  -0.314  -0.314   -0.572  -0.589  -0.585    0.258   0.275   0.271
2026-05-31 12:24:01.535 DATA REST  -7.969  -7.969  -7.969   -0.720  -0.737  -0.732   -7.249  -7.232  -7.236
2026-05-31 12:24:01.545 DATA REST  -6.839  -6.839  -6.839   -0.842  -0.859  -0.854   -5.997  -5.980  -5.985
2026-05-31 12:24:01.555 DATA REST   1.129   1.129   1.129   -0.803  -0.819  -0.815    1.932   1.949   1.944
2026-05-31 12:24:01.565 DATA REST  -2.134  -2.134  -2.134   -0.829  -0.845  -0.841   -1.304  -1.288  -1.292
2026-05-31 12:24:01.575 DATA REST  -0.502  -0.502  -0.502   -0.823  -0.839  -0.834    0.320   0.336   0.332
2026-05-31 12:24:01.585 DATA REST  -7.404  -7.404  -7.404   -0.954  -0.970  -0.966   -6.450  -6.434  -6.438
2026-05-31 12:24:01.595 DATA REST  -4.079  -4.079  -4.079   -1.017  -1.032  -1.028   -3.062  -3.047  -3.051
2026-05-31 12:24:01.605 DATA REST  -1.067  -1.067  -1.067   -1.018  -1.033  -1.029   -0.049  -0.034  -0.038
2026-05-31 12:24:01.615 DATA REST  -3.890  -3.890  -3.890   -1.075  -1.090  -1.086   -2.815  -2.800  -2.804
2026-05-31 12:24:01.625 DATA REST  -2.196  -2.196  -2.196   -1.098  -1.112  -1.108   -1.099  -1.084  -1.088
2026-05-31 12:24:01.635 DATA REST  -3.953  -3.953  -3.953   -1.155  -1.169  -1.165   -2.798  -2.784  -2.788
2026-05-31 12:24:01.645 DATA REST  -1.757  -1.757  -1.757   -1.167  -1.181  -1.177   -0.590  -0.576  -0.580
2026-05-31 12:24:01.655 DATA REST  -0.126  -0.126  -0.126   -1.146  -1.160  -1.156    1.020   1.034   1.030
2026-05-31 12:24:01.665 DATA REST  -1.694  -1.694  -1.694   -1.157  -1.170  -1.167   -0.537  -0.524  -0.528
2026-05-31 12:24:01.675 DATA REST   3.137   3.137   3.137   -1.071  -1.084  -1.081    4.208   4.221   4.218
2026-05-31 12:24:01.685 DATA REST  -4.330  -4.330  -4.330   -1.136  -1.149  -1.146   -3.193  -3.181  -3.184
2026-05-31 12:24:01.695 DATA REST   6.274   6.274   6.274   -0.988  -1.001  -0.997    7.262   7.275   7.272
2026-05-31 12:24:01.705 DATA REST   3.388   3.388   3.388   -0.901  -0.913  -0.909    4.289   4.301   4.298
2026-05-31 12:24:01.715 DATA REST   3.576   3.576   3.576   -0.811  -0.823  -0.820    4.387   4.399   4.396
2026-05-31 12:24:01.725 DATA REST   7.655   7.655   7.655   -0.642  -0.653  -0.650    8.296   8.308   8.305
2026-05-31 12:24:01.735 DATA REST   0.188   0.188   0.188   -0.625  -0.637  -0.634    0.813   0.825   0.822
2026-05-31 12:24:01.745 DATA REST  -7.781  -7.781  -7.781   -0.768  -0.779  -0.776   -7.012  -7.001  -7.004
2026-05-31 12:24:01.755 DATA REST  -3.765  -3.765  -3.765   -0.828  -0.839  -0.836   -2.937  -2.926  -2.929
2026-05-31 12:24:01.765 DATA REST  -0.063  -0.063  -0.063   -0.813  -0.824  -0.821    0.750   0.761   0.758
2026-05-31 12:24:01.775 DATA REST   0.941   0.941   0.941   -0.778  -0.788  -0.786    1.719   1.730   1.727
2026-05-31 12:24:01.785 DATA REST   2.259   2.259   2.259   -0.717  -0.727  -0.725    2.976   2.986   2.983
2026-05-31 12:24:01.795 DATA REST   3.074   3.074   3.074   -0.641  -0.651  -0.649    3.716   3.726   3.723
2026-05-31 12:24:01.805 DATA REST   1.882   1.882   1.882   -0.591  -0.601  -0.598    2.473   2.483   2.480
2026-05-31 12:24:01.815 DATA REST   1.757   1.757   1.757   -0.544  -0.554  -0.551    2.301   2.310   2.308
2026-05-31 12:24:01.825 DATA REST   2.071   2.071   2.071   -0.491  -0.501  -0.498    2.562   2.572   2.569
2026-05-31 12:24:01.835 DATA REST  -2.949  -2.949  -2.949   -0.541  -0.550  -0.548   -2.409  -2.399  -2.402
2026-05-31 12:24:01.845 DATA REST   6.525   6.525   6.525   -0.399  -0.409  -0.406    6.925   6.934   6.931
2026-05-31 12:24:01.855 DATA REST  -2.322  -2.322  -2.322   -0.438  -0.447  -0.444   -1.884  -1.875  -1.877
2026-05-31 12:24:01.865 DATA REST  -5.083  -5.083  -5.083   -0.531  -0.539  -0.537   -4.552  -4.543  -4.545
2026-05-31 12:24:01.875 DATA REST  -7.404  -7.404  -7.404   -0.668  -0.677  -0.674   -6.736  -6.727  -6.730
2026-05-31 12:24:01.885 DATA REST  -6.526  -6.526  -6.526   -0.785  -0.794  -0.791   -5.740  -5.732  -5.734
2026-05-31 12:24:01.895 DATA REST   1.820   1.820   1.820   -0.733  -0.741  -0.739    2.553   2.561   2.559
2026-05-31 12:24:01.905 DATA REST   5.145   5.145   5.145   -0.616  -0.624  -0.622    5.761   5.769   5.767
2026-05-31 12:24:01.915 DATA REST   7.592   7.592   7.592   -0.451  -0.459  -0.457    8.043   8.051   8.049
2026-05-31 12:24:01.925 DATA REST  -6.839  -6.839  -6.839   -0.579  -0.587  -0.585   -6.260  -6.252  -6.254
2026-05-31 12:24:01.935 DATA REST  -5.145  -5.145  -1.833   -0.671  -0.678  -0.610   -4.475  -4.467  -1.223
2026-05-31 12:24:01.970 DATA REST   6.274   6.274   6.274   -0.532  -0.539  -0.472    6.806   6.814   6.747
2026-05-31 12:24:01.980 DATA REST   3.325   3.325   3.325   -0.454  -0.462  -0.396    3.780   3.787   3.722
2026-05-31 12:24:01.990 DATA REST   2.635   2.635   2.635   -0.393  -0.400  -0.336    3.028   3.035   2.971
2026-05-31 12:24:02.000 DATA REST   3.012   3.012   3.012   -0.325  -0.332  -0.269    3.336   3.343   3.280
2026-05-31 12:24:02.010 DATA REST   5.333   5.333   5.333   -0.211  -0.218  -0.157    5.545   5.552   5.490
2026-05-31 12:24:02.020 DATA REST   6.839   6.839   6.839   -0.070  -0.077  -0.017    6.910   6.916   6.856
2026-05-31 12:24:02.030 DATA REST   5.710   5.710   5.710    0.045   0.038   0.098    5.665   5.671   5.612
2026-05-31 12:24:02.040 DATA REST   3.200   3.200   3.200    0.108   0.102   0.160    3.092   3.098   3.040
2026-05-31 12:24:02.050 DATA REST   3.388   3.388   3.388    0.174   0.167   0.224    3.214   3.221   3.164
2026-05-31 12:24:02.060 DATA REST   5.710   5.710   5.710    0.285   0.278   0.334    5.425   5.431   5.376
2026-05-31 12:24:02.070 DATA REST  -7.279  -7.279  -7.279    0.133   0.127   0.182   -7.412  -7.406  -7.460
2026-05-31 12:24:02.080 DATA REST  -4.455  -4.455  -4.455    0.042   0.036   0.089   -4.497  -4.491  -4.544
2026-05-31 12:24:02.090 DATA REST  -4.141  -4.141  -4.141   -0.042  -0.048   0.005   -4.099  -4.093  -4.146
2026-05-31 12:24:02.100 DATA REST   7.843   7.843   7.843    0.116   0.110   0.161    7.727   7.733   7.682
2026-05-31 12:24:02.110 DATA REST   5.521   5.521   5.521    0.224   0.218   0.268    5.298   5.303   5.253
2026-05-31 12:24:02.120 DATA REST   3.514   3.514   3.514    0.290   0.284   0.333    3.224   3.230   3.180
2026-05-31 12:24:02.130 DATA REST   0.376   0.376   0.376    0.291   0.286   0.334    0.085   0.091   0.042
2026-05-31 12:24:02.140 DATA REST  -1.757  -1.757  -1.757    0.250   0.245   0.292   -2.007  -2.002  -2.049
2026-05-31 12:24:02.150 DATA REST  -0.816  -0.816  -0.816    0.229   0.224   0.270   -1.045  -1.040  -1.086
2026-05-31 12:24:02.160 DATA REST   1.380   1.380   1.380    0.252   0.247   0.292    1.128   1.134   1.088
2026-05-31 12:24:02.170 DATA REST   4.957   4.957   4.957    0.346   0.341   0.386    4.611   4.616   4.571
2026-05-31 12:24:02.180 DATA REST  -7.718  -7.718  -7.718    0.185   0.180   0.224   -7.903  -7.898  -7.941
2026-05-31 12:24:02.190 DATA REST  -7.279  -7.279  -7.279    0.036   0.031   0.074   -7.314  -7.309  -7.352
2026-05-31 12:24:02.200 DATA REST   7.404   7.404   7.404    0.183   0.178   0.220    7.221   7.226   7.184
2026-05-31 12:24:02.210 DATA REST   6.212   6.212   6.212    0.303   0.299   0.340    5.908   5.913   5.872
2026-05-31 12:24:02.220 DATA REST   4.831   4.831   4.831    0.394   0.389   0.430    4.437   4.442   4.401
2026-05-31 12:24:02.230 DATA REST   2.447   2.447   2.447    0.435   0.431   0.470    2.012   2.016   1.977
2026-05-31 12:24:02.240 DATA REST   1.757   1.757   1.757    0.462   0.457   0.496    1.295   1.300   1.261
2026-05-31 12:24:02.250 DATA REST   2.384   2.384   2.384    0.500   0.496   0.534    1.884   1.889   1.851
2026-05-31 12:24:02.260 DATA REST   3.702   3.702   3.702    0.564   0.560   0.597    3.138   3.142   3.105
2026-05-31 12:24:02.270 DATA REST   5.020   5.020   5.020    0.653   0.649   0.686    4.366   4.371   4.334
2026-05-31 12:24:02.280 DATA REST  -7.843  -7.843  -7.843    0.483   0.479   0.515   -8.326  -8.322  -8.358
2026-05-31 12:24:02.290 DATA REST   7.780   7.780   7.780    0.629   0.625   0.660    7.151   7.155   7.120
2026-05-31 12:24:02.300 DATA REST   7.027   7.027   7.027    0.757   0.753   0.788    6.270   6.274   6.240
2026-05-31 12:24:02.310 DATA REST   6.086   6.086   6.086    0.864   0.860   0.894    5.222   5.226   5.193
2026-05-31 12:24:02.320 DATA REST   3.702   3.702   3.702    0.920   0.917   0.950    2.781   2.785   2.752
2026-05-31 12:24:02.330 DATA REST   1.443   1.443   1.443    0.931   0.927   0.960    0.512   0.516   0.484
2026-05-31 12:24:02.340 DATA REST   1.067   1.067   1.067    0.934   0.930   0.962    0.133   0.137   0.105
2026-05-31 12:24:02.350 DATA REST   1.945   1.945   1.945    0.954   0.950   0.981    0.991   0.995   0.964
2026-05-31 12:24:02.360 DATA REST   3.200   3.200   3.200    0.999   0.995   1.026    2.201   2.205   2.174
2026-05-31 12:24:02.370 DATA REST   7.404   7.404   7.404    1.127   1.124   1.153    6.277   6.280   6.250
2026-05-31 12:24:02.380 DATA REST  -6.902  -6.902  -6.902    0.966   0.963   0.992   -7.868  -7.865  -7.894
2026-05-31 12:24:02.390 DATA REST  -7.216  -7.216  -7.216    0.803   0.799   0.828   -8.018  -8.015  -8.044
2026-05-31 12:24:02.400 DATA REST   6.023   6.023   6.023    0.907   0.904   0.932    5.116   5.120   5.091
2026-05-31 12:24:02.410 DATA REST  -0.063  -0.063  -0.063    0.888   0.885   0.912   -0.951  -0.948  -0.975
2026-05-31 12:24:02.420 DATA REST  -0.879  -0.879  -0.879    0.852   0.849   0.876   -1.731  -1.728  -1.755
2026-05-31 12:24:02.430 DATA REST  -2.071  -2.071  -2.071    0.794   0.791   0.817   -2.865  -2.862  -2.888
2026-05-31 12:24:02.440 DATA REST  -2.886  -2.886  -2.886    0.720   0.717   0.743   -3.607  -3.604  -3.630
2026-05-31 12:24:02.474 DATA REST  -7.341  -7.341  -7.341    0.559   0.556   0.582   -7.900  -7.897  -7.923
2026-05-31 12:24:02.484 DATA REST  -4.079  -4.079  -4.079    0.466   0.463   0.488   -4.545  -4.542  -4.567
2026-05-31 12:24:02.494 DATA REST  -5.271  -5.271  -5.271    0.352   0.349   0.373   -5.622  -5.620  -5.644
2026-05-31 12:24:02.504 DATA REST  -6.902  -6.902  -6.902    0.206   0.204   0.228   -7.109  -7.106  -7.130
2026-05-31 12:24:02.514 DATA REST   6.839   6.839   6.839    0.339   0.336   0.360    6.500   6.503   6.479
2026-05-31 12:24:02.524 DATA REST   3.018   3.012   3.012    0.393   0.390   0.413    2.625   2.622   2.599
2026-05-31 12:24:02.534 DATA REST   2.384   2.384   2.384    0.433   0.430   0.452    1.952   1.954   1.932
2026-05-31 12:24:02.544 DATA REST   2.196   2.196   2.196    0.468   0.465   0.487    1.728   1.731   1.709
2026-05-31 12:24:02.554 DATA REST   3.074   3.074   3.074    0.520   0.517   0.539    2.555   2.557   2.535
2026-05-31 12:24:02.564 DATA REST   4.455   4.455   4.455    0.599   0.596   0.617    3.856   3.859   3.838
2026-05-31 12:24:02.574 DATA REST   6.588   6.588   6.588    0.718   0.716   0.737    5.870   5.872   5.851
2026-05-31 12:24:02.584 DATA REST   6.902   6.902   6.902    0.842   0.840   0.860    6.060   6.062   6.042
2026-05-31 12:24:02.594 DATA REST   6.651   6.651   6.651    0.958   0.956   0.976    5.693   5.695   5.675
2026-05-31 12:24:02.604 DATA REST   6.525   6.525   6.525    1.070   1.067   1.087    5.456   5.458   5.439
2026-05-31 12:24:02.614 DATA REST   5.835   5.835   5.835    1.165   1.163   1.182    4.670   4.673   4.653
2026-05-31 12:24:02.624 DATA REST   5.521   5.521   5.521    1.252   1.250   1.269    4.269   4.272   4.253
2026-05-31 12:24:02.634 DATA REST   5.396   5.396   5.396    1.335   1.333   1.351    4.061   4.063   4.045
2026-05-31 12:24:02.644 DATA REST   5.961   5.961   5.961    1.427   1.425   1.443    4.533   4.535   4.517
2026-05-31 12:24:02.654 DATA REST   7.027   7.027   7.027    1.539   1.537   1.555    5.488   5.490   5.472
2026-05-31 12:24:02.664 DATA REST   6.965   6.965   6.965    1.648   1.646   1.663    5.317   5.319   5.301
2026-05-31 12:24:02.674 DATA REST   5.898   5.898   5.898    1.733   1.731   1.748    4.165   4.167   4.150
2026-05-31 12:24:02.684 DATA REST   4.455   4.455   4.455    1.787   1.785   1.802    2.667   2.669   2.653
2026-05-31 12:24:02.694 DATA REST   3.137   3.137   3.137    1.814   1.812   1.829    1.323   1.325   1.308
2026-05-31 12:24:02.704 DATA REST   2.447   2.447   2.447    1.827   1.825   1.841    0.620   0.622   0.606
2026-05-31 12:24:02.714 DATA REST   2.698   2.698   2.698    1.844   1.843   1.858    0.854   0.855   0.840
2026-05-31 12:24:02.724 DATA REST   3.576   3.576   3.576    1.879   1.877   1.893    1.697   1.699   1.684
2026-05-31 12:24:02.734 DATA REST   5.145   5.145   5.145    1.944   1.943   1.958    3.201   3.202   3.187
2026-05-31 12:24:02.744 DATA REST   6.400   6.400   6.400    2.034   2.032   2.046    4.366   4.368   4.353
2026-05-31 12:24:02.754 DATA REST   7.780   7.780   7.780    2.148   2.147   2.161    5.632   5.634   5.619
2026-05-31 12:24:02.764 DATA REST   7.906   7.906   7.906    2.264   2.262   2.276    5.642   5.644   5.630
2026-05-31 12:24:02.774 DATA REST   7.655   7.655   7.655    2.371   2.370   2.384    5.283   5.285   5.271
2026-05-31 12:24:02.784 DATA REST   6.965   6.965   6.965    2.463   2.462   2.475    4.501   4.503   4.489
2026-05-31 12:24:02.794 DATA REST   4.706   4.706   4.706    2.508   2.507   2.520    2.198   2.199   2.186
2026-05-31 12:24:02.804 DATA REST   3.012   3.012   3.012    2.518   2.517   2.530    0.494   0.495   0.482
2026-05-31 12:24:02.814 DATA REST   1.945   1.945   1.945    2.507   2.505   2.518   -0.562  -0.560  -0.573
2026-05-31 12:24:02.824 DATA REST   1.694   1.694   1.694    2.490   2.489   2.502   -0.796  -0.795  -0.807
2026-05-31 12:24:02.834 DATA REST   1.506   1.506   1.506    2.471   2.469   2.482   -0.965  -0.963  -0.976
2026-05-31 12:24:02.844 DATA REST   1.569   1.569   1.569    2.453   2.451   2.463   -0.884  -0.883  -0.895
2026-05-31 12:24:02.854 DATA REST   2.573   2.573   2.573    2.455   2.454   2.466    0.117   0.119   0.107
2026-05-31 12:24:02.864 DATA REST   2.573   2.573   2.573    2.457   2.456   2.468    0.115   0.116   0.105
2026-05-31 12:24:02.874 DATA REST   3.074   3.074   3.074    2.470   2.469   2.480    0.605   0.606   0.595
2026-05-31 12:24:02.884 DATA REST   4.957   4.957   4.957    2.520   2.518   2.529    2.437   2.439   2.427
2026-05-31 12:24:02.894 DATA REST   6.400   6.400   6.400    2.597   2.596   2.607    3.803   3.804   3.793
2026-05-31 12:24:02.904 DATA REST   7.780   7.780   7.780    2.701   2.700   2.710    5.079   5.081   5.070
2026-05-31 12:24:02.914 DATA REST  -7.655  -7.655  -7.655    2.494   2.492   2.503  -10.149 -10.148 -10.158
2026-05-31 12:24:02.924 DATA REST   7.404   7.404   7.404    2.592   2.591   2.601    4.812   4.813   4.803
2026-05-31 12:24:02.934 DATA REST   5.584   5.584   5.584    2.652   2.651   2.661    2.932   2.934   2.924
2026-05-31 12:24:02.944 DATA REST   5.710   5.710   5.710    2.713   2.712   2.722    2.997   2.998   2.988
2026-05-31 12:24:02.979 DATA REST   3.388   3.388   3.388    2.726   2.725   2.735    0.662   0.663   0.653
2026-05-31 12:24:02.989 DATA REST   5.082   5.082   5.082    2.774   2.772   2.782    2.309   2.310   2.300
2026-05-31 12:24:02.999 DATA REST  -7.404  -7.404  -7.404    2.570   2.569   2.578   -9.974  -9.973  -9.982
2026-05-31 12:24:03.009 DATA REST  -5.773  -5.773  -5.773    2.403   2.402   2.411   -8.176  -8.175  -8.184
2026-05-31 12:24:03.019 DATA REST  -4.832  -4.832  -4.832    2.258   2.257   2.266   -7.090  -7.089  -7.098
2026-05-31 12:24:03.029 DATA REST  -4.769  -4.769  -4.769    2.118   2.117   2.126   -6.887  -6.886  -6.894
2026-05-31 12:24:03.039 DATA REST  -7.084  -7.090  -7.090    1.934   1.933   1.941   -9.018  -9.023  -9.032
2026-05-31 12:24:03.049 DATA REST   7.467   7.467   7.467    2.045   2.043   2.052    5.422   5.423   5.415
2026-05-31 12:24:03.059 DATA REST   6.651   6.651   6.651    2.137   2.136   2.144    4.514   4.515   4.507
2026-05-31 12:24:03.069 DATA REST   5.396   5.396   5.396    2.202   2.201   2.209    3.194   3.195   3.187
2026-05-31 12:24:03.079 DATA REST   5.145   5.145   5.145    2.261   2.260   2.268    2.884   2.885   2.877
2026-05-31 12:24:03.089 DATA REST   5.835   5.835   5.835    2.332   2.331   2.339    3.503   3.504   3.496
2026-05-31 12:24:03.099 DATA REST   6.839   6.839   6.839    2.422   2.421   2.429    4.417   4.418   4.410
2026-05-31 12:24:03.109 DATA REST   7.027   7.027   7.027    2.514   2.513   2.521    4.513   4.514   4.506
2026-05-31 12:24:03.119 DATA REST   6.839   6.839   6.839    2.601   2.600   2.607    4.238   4.239   4.232
2026-05-31 12:24:03.129 DATA REST  -6.463  -6.463  -6.463    2.420   2.419   2.426   -8.883  -8.882  -8.889
2026-05-31 12:24:03.139 DATA REST  -4.581  -4.581  -4.581    2.280   2.279   2.286   -6.860  -6.859  -6.866
2026-05-31 12:24:03.149 DATA REST  -3.577  -3.577  -3.577    2.163   2.162   2.168   -5.739  -5.738  -5.745
2026-05-31 12:24:03.159 DATA REST  -3.012  -3.012  -3.012    2.059   2.058   2.065   -5.071  -5.070  -5.077
2026-05-31 12:24:03.169 DATA REST  -3.639  -3.639  -3.639    1.945   1.944   1.951   -5.584  -5.584  -5.590
2026-05-31 12:24:03.179 DATA REST  -6.463  -6.463  -6.463    1.777   1.776   1.782   -8.240  -8.239  -8.245
2026-05-31 12:24:03.189 DATA REST  -7.530  -7.530  -7.530    1.591   1.590   1.596   -9.120  -9.119  -9.126
2026-05-31 12:24:03.199 DATA REST  -7.969  -7.969  -7.969    1.400   1.399   1.405   -9.368  -9.368  -9.374
2026-05-31 12:24:03.209 DATA REST   6.588   6.588   6.588    1.503   1.503   1.509    5.085   5.086   5.080
2026-05-31 12:24:03.219 DATA REST   2.886   2.886   2.886    1.531   1.530   1.536    1.355   1.356   1.350
2026-05-31 12:24:03.229 DATA REST   0.251   0.251   0.251    1.505   1.505   1.510   -1.254  -1.254  -1.259
2026-05-31 12:24:03.239 DATA REST  -1.192  -1.192  -1.192    1.451   1.451   1.456   -2.644  -2.643  -2.649
2026-05-31 12:24:03.249 DATA REST  -1.820  -1.820  -1.820    1.386   1.385   1.391   -3.206  -3.205  -3.211
2026-05-31 12:24:03.259 DATA REST  -1.945  -1.945  -1.945    1.319   1.319   1.324   -3.265  -3.264  -3.269
2026-05-31 12:24:03.269 DATA REST  -0.251  -0.251  -0.251    1.288   1.287   1.293   -1.539  -1.539  -1.544
2026-05-31 12:24:03.279 DATA REST   0.816   0.816   0.816    1.279   1.278   1.283   -0.463  -0.462  -0.467
2026-05-31 12:24:03.289 DATA REST   2.573   2.573   2.573    1.304   1.304   1.309    1.268   1.269   1.264
2026-05-31 12:24:03.299 DATA REST   3.890   3.890   3.890    1.356   1.355   1.361    2.534   2.535   2.530
2026-05-31 12:24:03.309 DATA REST   6.651   6.651   6.651    1.462   1.461   1.466    5.189   5.190   5.185
2026-05-31 12:24:03.319 DATA REST  -7.341  -7.341  -7.341    1.286   1.285   1.290   -8.627  -8.627  -8.631
2026-05-31 12:24:03.329 DATA REST  -6.463  -6.463  -6.463    1.131   1.130   1.135   -7.594  -7.593  -7.598
2026-05-31 12:24:03.339 DATA REST  -5.961  -5.961  -5.961    0.989   0.989   0.993   -6.950  -6.949  -6.954
2026-05-31 12:24:03.349 DATA REST  -5.145  -5.145  -5.145    0.866   0.866   0.870   -6.012  -6.011  -6.016
2026-05-31 12:24:03.359 DATA REST  -5.584  -5.584  -5.584    0.737   0.737   0.741   -6.322  -6.321  -6.326
2026-05-31 12:24:03.369 DATA REST  -6.149  -6.149  -6.149    0.600   0.599   0.604   -6.749  -6.748  -6.753
2026-05-31 12:24:03.379 DATA REST  -6.714  -6.714  -6.714    0.453   0.453   0.457   -7.167  -7.167  -7.171
2026-05-31 12:24:03.389 DATA REST   6.965   6.965   6.965    0.584   0.583   0.587    6.381   6.381   6.377
2026-05-31 12:24:03.399 DATA REST   3.074   3.074   3.074    0.633   0.633   0.637    2.441   2.442   2.437
2026-05-31 12:24:03.409 DATA REST   2.133   2.133   2.133    0.663   0.663   0.667    1.470   1.470   1.466
2026-05-31 12:24:03.419 DATA REST   1.443   1.443   1.443    0.679   0.679   0.683    0.764   0.765   0.761
2026-05-31 12:24:03.429 DATA REST   1.694   1.694   1.694    0.699   0.699   0.703    0.995   0.995   0.991
2026-05-31 12:24:03.439 DATA REST   2.635   2.635   2.635    0.738   0.738   0.741    1.897   1.898   1.894
2026-05-31 12:24:03.449 DATA REST   4.078   4.078   4.078    0.805   0.804   0.808    3.273   3.274   3.270
2026-05-31 12:24:03.484 DATA REST   3.451   3.451   3.451    0.858   0.857   0.861    2.593   2.594   2.590
2026-05-31 12:24:03.494 DATA REST   2.008   2.008   2.008    0.881   0.880   0.884    1.127   1.127   1.124
2026-05-31 12:24:03.504 DATA REST   1.129   1.129   1.129    0.886   0.885   0.889    0.244   0.244   0.241
2026-05-31 12:24:03.514 DATA REST  -0.000  -0.000  -0.000    0.868   0.868   0.871   -0.868  -0.868  -0.871
2026-05-31 12:24:03.524 DATA REST  -1.192  -1.192  -1.192    0.827   0.826   0.830   -2.019  -2.019  -2.022
2026-05-31 12:24:03.534 DATA REST  -0.063  -0.063  -0.063    0.809   0.809   0.812   -0.872  -0.872  -0.875
2026-05-31 12:24:03.544 DATA REST   3.953   3.953   3.953    0.872   0.872   0.875    3.081   3.081   3.078
2026-05-31 12:24:03.554 DATA REST   7.341   7.278   7.278    1.001   1.000   1.003    6.340   6.279   6.276
2026-05-31 12:24:03.564 DATA REST   5.584   5.584   5.584    1.093   1.091   1.094    4.491   4.493   4.490
2026-05-31 12:24:03.574 DATA REST   2.949   2.949   2.949    1.130   1.128   1.132    1.819   1.820   1.817
2026-05-31 12:24:03.584 DATA REST   0.376   0.376   0.376    1.115   1.113   1.116   -0.739  -0.737  -0.740
2026-05-31 12:24:03.594 DATA REST  -1.255  -1.255  -1.255    1.068   1.066   1.069   -2.323  -2.321  -2.324
2026-05-31 12:24:03.604 DATA REST  -0.377  -0.377  -0.377    1.039   1.037   1.040   -1.415  -1.414  -1.417
2026-05-31 12:24:03.614 DATA REST   1.192   1.192   1.192    1.042   1.040   1.043    0.150   0.152   0.149
2026-05-31 12:24:03.624 DATA REST   3.074   3.074   3.074    1.082   1.081   1.084    1.992   1.993   1.991
2026-05-31 12:24:03.634 DATA REST   5.145   5.145   5.145    1.164   1.162   1.165    3.981   3.983   3.980
2026-05-31 12:24:03.644 DATA REST  -7.784  -7.781  -7.781    0.985   0.983   0.986   -8.769  -8.764  -8.767
2026-05-31 12:24:03.654 DATA REST   7.843   7.843   7.843    1.122   1.121   1.123    6.721   6.722   6.720
2026-05-31 12:24:03.664 DATA REST   6.274   6.274   6.274    1.225   1.224   1.226    5.049   5.051   5.048
2026-05-31 12:24:03.674 DATA REST   4.392   4.392   4.392    1.288   1.287   1.290    3.104   3.105   3.103
2026-05-31 12:24:03.684 DATA REST   2.384   2.384   2.384    1.310   1.309   1.311    1.074   1.075   1.073
2026-05-31 12:24:03.694 DATA REST  -0.439  -0.439  -0.439    1.275   1.274   1.276   -1.715  -1.713  -1.716
2026-05-31 12:24:03.704 DATA REST  -0.753  -0.753  -0.753    1.235   1.233   1.236   -1.988  -1.987  -1.989
2026-05-31 12:24:03.714 DATA REST  -0.126  -0.126  -0.126    1.207   1.206   1.209   -1.333  -1.332  -1.334
2026-05-31 12:24:03.724 DATA REST   1.882   1.882   1.882    1.221   1.220   1.222    0.661   0.662   0.660
2026-05-31 12:24:03.734 DATA REST   5.271   5.271   5.271    1.302   1.301   1.303    3.969   3.970   3.967
2026-05-31 12:24:03.744 DATA REST   5.584   5.584   5.584    1.388   1.387   1.389    4.197   4.198   4.196
2026-05-31 12:24:03.754 DATA REST   5.647   5.647   5.647    1.473   1.472   1.474    4.174   4.175   4.173
2026-05-31 12:24:03.764 DATA REST   6.149   6.149   6.149    1.566   1.565   1.567    4.583   4.584   4.582
2026-05-31 12:24:03.774 DATA REST   7.090   7.090   7.090    1.677   1.676   1.678    5.413   5.414   5.412
2026-05-31 12:24:03.784 DATA REST   7.780   7.780   7.780    1.799   1.798   1.800    5.981   5.982   5.980
2026-05-31 12:24:03.794 DATA REST   5.396   5.396   5.396    1.871   1.870   1.872    3.525   3.526   3.524
2026-05-31 12:24:03.804 DATA REST   4.267   4.267   4.267    1.919   1.918   1.920    2.348   2.349   2.347
2026-05-31 12:24:03.814 DATA REST   6.776   6.776   6.776    2.016   2.015   2.017    4.761   4.761   4.760
2026-05-31 12:24:03.824 DATA REST   6.463   6.463   6.463    2.105   2.104   2.106    4.358   4.359   4.357
2026-05-31 12:24:03.834 DATA REST   6.149   6.149   6.149    2.186   2.185   2.187    3.963   3.964   3.962
2026-05-31 12:24:03.844 DATA REST   5.835   5.835   5.835    2.259   2.258   2.260    3.577   3.577   3.576
2026-05-31 12:24:03.854 DATA REST   5.521   5.521   5.521    2.324   2.323   2.325    3.198   3.198   3.197
2026-05-31 12:24:03.864 DATA REST   5.710   5.710   5.710    2.392   2.391   2.392    3.318   3.319   3.317
2026-05-31 12:24:03.874 DATA REST   6.274   6.274   6.274    2.469   2.468   2.470    3.805   3.806   3.804
2026-05-31 12:24:03.884 DATA REST   5.459   5.459   5.459    2.529   2.528   2.530    2.930   2.930   2.929
2026-05-31 12:24:03.894 DATA REST   3.953   3.953   3.953    2.558   2.557   2.558    1.395   1.396   1.395
2026-05-31 12:24:03.904 DATA REST   1.882   1.882   1.882    2.544   2.543   2.545   -0.662  -0.661  -0.663
2026-05-31 12:24:03.914 DATA REST   2.510   2.510   2.510    2.543   2.543   2.544   -0.034  -0.033  -0.034
2026-05-31 12:24:03.924 DATA REST   4.016   4.016   4.016    2.573   2.572   2.574    1.443   1.444   1.442
2026-05-31 12:24:03.934 DATA REST   4.894   4.894   4.894    2.619   2.619   2.620    2.275   2.276   2.274
2026-05-31 12:24:03.944 DATA REST   4.831   4.831   4.831    2.663   2.663   2.664    2.168   2.169   2.167
2026-05-31 12:24:03.954 DATA REST   4.769   4.769   4.769    2.706   2.705   2.706    2.063   2.064   2.062
2026-05-31 12:24:03.989 DATA REST   1.506   1.506   1.506    2.682   2.681   2.682   -1.176  -1.175  -1.176
2026-05-31 12:24:03.999 DATA REST   2.949   2.949   2.949    2.687   2.686   2.688    0.262   0.263   0.261
2026-05-31 12:24:04.009 DATA REST   4.518   4.518   4.518    2.724   2.723   2.724    1.794   1.795   1.793
2026-05-31 12:24:04.019 DATA REST   5.710   5.710   5.710    2.783   2.783   2.784    2.926   2.927   2.926
2026-05-31 12:24:04.029 DATA REST   4.329   4.329   4.329    2.814   2.814   2.815    1.515   1.516   1.515
2026-05-31 12:24:04.039 DATA REST   2.510   2.510   2.510    2.808   2.807   2.809   -0.298  -0.298  -0.299
2026-05-31 12:24:04.049 DATA REST   0.690   0.690   0.690    2.766   2.765   2.766   -2.076  -2.075  -2.076
2026-05-31 12:24:04.059 DATA REST  -0.314  -0.314  -0.314    2.704   2.704   2.705   -3.018  -3.018  -3.019
2026-05-31 12:24:04.069 DATA REST  -0.879  -0.753  -0.753    2.632   2.634   2.636   -3.511  -3.388  -3.389
2026-05-31 12:24:04.079 DATA REST   0.125   0.125   0.125    2.582   2.584   2.585   -2.457  -2.459  -2.460
2026-05-31 12:24:04.089 DATA REST   2.196   2.196   2.196    2.575   2.576   2.578   -0.379  -0.380  -0.382
2026-05-31 12:24:04.099 DATA REST   3.827   3.827   3.827    2.600   2.601   2.603    1.228   1.226   1.225
2026-05-31 12:24:04.109 DATA REST   5.208   5.208   5.208    2.652   2.654   2.655    2.556   2.554   2.553
2026-05-31 12:24:04.119 DATA REST   6.086   6.086   6.086    2.721   2.722   2.723    3.366   3.364   3.363
2026-05-31 12:24:04.129 DATA REST   5.772   5.772   5.772    2.782   2.783   2.784    2.991   2.989   2.988
2026-05-31 12:24:04.139 DATA REST   5.082   5.082   5.082    2.828   2.829   2.830    2.255   2.253   2.252
2026-05-31 12:24:04.149 DATA REST   4.267   4.267   4.267    2.856   2.858   2.859    1.410   1.409   1.408
2026-05-31 12:24:04.159 DATA REST   4.515   4.518   4.518    2.890   2.891   2.892    1.625   1.626   1.625
2026-05-31 12:24:04.169 DATA REST   6.086   6.086   6.086    2.953   2.955   2.956    3.133   3.131   3.130
2026-05-31 12:24:04.179 DATA REST   7.529   7.529   7.529    3.045   3.047   3.048    4.484   4.483   4.482
2026-05-31 12:24:04.189 DATA REST  -7.718  -7.718  -7.718    2.830   2.831   2.832  -10.548 -10.549 -10.550
2026-05-31 12:24:04.199 DATA REST  -7.467  -7.467  -7.467    2.624   2.625   2.626  -10.091 -10.092 -10.093
2026-05-31 12:24:04.209 DATA REST   6.651   6.651   6.651    2.704   2.706   2.707    3.947   3.945   3.944
2026-05-31 12:24:04.219 DATA REST   5.898   5.898   5.898    2.768   2.770   2.771    3.130   3.128   3.127
2026-05-31 12:24:04.229 DATA REST   5.020   5.020   5.020    2.813   2.815   2.816    2.206   2.205   2.204
2026-05-31 12:24:04.239 DATA REST   4.078   4.078   4.078    2.839   2.840   2.841    1.240   1.238   1.238
2026-05-31 12:24:04.249 DATA REST   2.823   2.823   2.823    2.838   2.840   2.840   -0.015  -0.016  -0.017
2026-05-31 12:24:04.259 DATA REST   2.259   2.259   2.259    2.827   2.828   2.829   -0.568  -0.569  -0.570
2026-05-31 12:24:04.269 DATA REST   2.510   2.510   2.510    2.820   2.822   2.822   -0.311  -0.312  -0.313
2026-05-31 12:24:04.279 DATA REST   2.823   2.823   2.823    2.820   2.822   2.822    0.003   0.002   0.001
2026-05-31 12:24:04.289 DATA REST   3.953   3.953   3.953    2.843   2.844   2.845    1.110   1.109   1.108
2026-05-31 12:24:04.299 DATA REST   6.525   6.525   6.525    2.917   2.918   2.919    3.609   3.607   3.607
2026-05-31 12:24:04.309 DATA REST   7.278   7.278   7.278    3.004   3.005   3.006    4.274   4.273   4.272
2026-05-31 12:24:04.319 DATA REST   6.776   6.776   6.776    3.079   3.081   3.081    3.697   3.696   3.695
2026-05-31 12:24:04.329 DATA REST   5.459   5.459   5.459    3.127   3.128   3.129    2.332   2.331   2.330
2026-05-31 12:24:04.339 DATA REST   2.259   2.259   2.259    3.110   3.111   3.111   -0.851  -0.852  -0.853
2026-05-31 12:24:04.349 DATA REST   2.635   2.635   2.635    3.100   3.101   3.102   -0.465  -0.466  -0.467
2026-05-31 12:24:04.359 DATA REST   4.204   4.204   4.204    3.122   3.123   3.124    1.082   1.081   1.080
2026-05-31 12:24:04.369 DATA REST   5.271   5.271   5.271    3.165   3.166   3.167    2.105   2.104   2.104
2026-05-31 12:24:04.379 DATA REST   6.400   6.400   6.400    3.230   3.231   3.232    3.170   3.169   3.168
2026-05-31 12:24:04.389 DATA REST   7.655   7.655   7.655    3.318   3.319   3.320    4.336   4.335   4.335
2026-05-31 12:24:04.399 DATA REST  -7.843  -7.843  -7.843    3.095   3.096   3.097  -10.938 -10.939 -10.940
2026-05-31 12:24:04.409 DATA REST   7.278   7.278   7.278    3.179   3.180   3.180    4.100   4.099   4.098
2026-05-31 12:24:04.419 DATA REST   5.835   5.835   5.835    3.232   3.233   3.233    2.603   2.602   2.602
2026-05-31 12:24:04.429 DATA REST   2.384   2.384   2.384    3.215   3.216   3.216   -0.831  -0.832  -0.832
2026-05-31 12:24:04.439 DATA REST   1.380   1.380   1.380    3.178   3.179   3.180   -1.798  -1.799  -1.799
2026-05-31 12:24:04.449 DATA REST   1.067   1.067   1.067    3.136   3.137   3.137   -2.069  -2.070  -2.071
2026-05-31 12:24:04.459 DATA REST   2.133   2.133   2.133    3.116   3.117   3.117   -0.983  -0.984  -0.984
2026-05-31 12:24:04.494 DATA REST   4.078   3.203   3.200    3.135   3.119   3.119    0.943   0.085   0.081
2026-05-31 12:24:04.504 DATA REST   2.510   2.510   2.510    3.123   3.106   3.107   -0.613  -0.597  -0.597
2026-05-31 12:24:04.514 DATA REST   1.882   1.882   1.882    3.098   3.082   3.082   -1.216  -1.200  -1.200
2026-05-31 12:24:04.524 DATA REST   1.820   1.820   1.820    3.072   3.057   3.057   -1.253  -1.237  -1.238
2026-05-31 12:24:04.534 DATA REST   2.573   2.573   2.573    3.062   3.047   3.047   -0.490  -0.474  -0.475
2026-05-31 12:24:04.544 DATA REST   3.012   3.012   3.012    3.061   3.046   3.047   -0.050  -0.035  -0.035
2026-05-31 12:24:04.554 DATA REST   3.576   3.576   3.576    3.072   3.057   3.057    0.505   0.520   0.519
2026-05-31 12:24:04.564 DATA REST   4.455   4.455   4.455    3.099   3.085   3.085    1.356   1.370   1.370
2026-05-31 12:24:04.574 DATA REST   5.647   5.647   5.647    3.150   3.136   3.136    2.497   2.511   2.510
2026-05-31 12:24:04.584 DATA REST   7.090   7.216   7.216    3.229   3.218   3.218    3.861   3.998   3.998
2026-05-31 12:24:04.594 DATA REST   6.651   6.651   6.651    3.297   3.286   3.287    3.353   3.365   3.364
2026-05-31 12:24:04.604 DATA REST   5.333   5.333   5.333    3.338   3.327   3.328    1.995   2.006   2.006
2026-05-31 12:24:04.614 DATA REST   4.016   4.016   4.016    3.352   3.341   3.341    0.664   0.675   0.674
2026-05-31 12:24:04.624 DATA REST   3.702   3.702   3.702    3.359   3.348   3.349    0.343   0.354   0.353
2026-05-31 12:24:04.634 DATA REST   4.392   4.392   4.392    3.379   3.369   3.369    1.013   1.023   1.023
2026-05-31 12:24:04.644 DATA REST   5.333   5.333   5.333    3.418   3.408   3.409    1.915   1.925   1.924
2026-05-31 12:24:04.654 DATA REST   5.835   5.835   5.835    3.467   3.457   3.457    2.368   2.378   2.378
2026-05-31 12:24:04.664 DATA REST   5.961   5.961   5.961    3.517   3.507   3.507    2.444   2.454   2.453
2026-05-31 12:24:04.674 DATA REST   5.585   5.584   5.584    3.558   3.549   3.549    2.027   2.036   2.035
2026-05-31 12:24:04.684 DATA REST   5.396   5.396   5.396    3.595   3.586   3.586    1.801   1.810   1.810
2026-05-31 12:24:04.694 DATA REST   5.208   5.208   5.208    3.627   3.618   3.618    1.581   1.590   1.589
2026-05-31 12:24:04.704 DATA REST   5.521   5.521   5.521    3.665   3.656   3.656    1.857   1.865   1.865
2026-05-31 12:24:04.714 DATA REST   5.835   5.835   5.835    3.708   3.700   3.700    2.127   2.136   2.135
2026-05-31 12:24:04.724 DATA REST   6.149   6.149   6.149    3.757   3.749   3.749    2.392   2.400   2.400
2026-05-31 12:24:04.734 DATA REST   6.714   6.714   6.714    3.816   3.808   3.808    2.897   2.906   2.905
2026-05-31 12:24:04.744 DATA REST   6.337   6.337   6.337    3.867   3.859   3.859    2.470   2.479   2.478
2026-05-31 12:24:04.754 DATA REST   5.835   5.835   5.835    3.906   3.898   3.898    1.929   1.937   1.937
2026-05-31 12:24:04.764 DATA REST   3.576   3.576   3.576    3.900   3.892   3.892   -0.323  -0.315  -0.315
2026-05-31 12:24:04.774 DATA REST   2.510   2.510   2.510    3.872   3.864   3.864   -1.362  -1.354  -1.354
2026-05-31 12:24:04.784 DATA REST   1.820   1.820   1.820    3.831   3.823   3.823   -2.011  -2.004  -2.004
2026-05-31 12:24:04.794 DATA REST   1.882   1.882   1.882    3.792   3.784   3.785   -1.909  -1.902  -1.902
2026-05-31 12:24:04.804 DATA REST   1.820   1.820   1.820    3.752   3.745   3.745   -1.933  -1.925  -1.926
2026-05-31 12:24:04.814 DATA REST   2.133   2.133   2.133    3.720   3.713   3.713   -1.587  -1.579  -1.580
2026-05-31 12:24:04.824 DATA REST   2.635   2.635   2.635    3.698   3.691   3.691   -1.063  -1.056  -1.056
2026-05-31 12:24:04.834 DATA REST   3.451   3.451   3.451    3.693   3.686   3.687   -0.242  -0.235  -0.236
2026-05-31 12:24:04.844 DATA REST   4.392   4.392   4.392    3.707   3.700   3.701    0.685   0.692   0.691
2026-05-31 12:24:04.854 DATA REST   4.141   4.141   4.141    3.716   3.709   3.710    0.425   0.432   0.432
2026-05-31 12:24:04.864 DATA REST   4.078   4.078   4.078    3.723   3.717   3.717    0.355   0.362   0.361
2026-05-31 12:24:04.874 DATA REST   5.020   5.020   5.020    3.749   3.743   3.743    1.270   1.277   1.277
2026-05-31 12:24:04.884 DATA REST   6.651   6.651   6.651    3.807   3.801   3.801    2.844   2.850   2.850
2026-05-31 12:24:04.894 DATA REST  -7.969  -7.969  -7.969    3.572   3.566   3.566  -11.540 -11.534 -11.534
2026-05-31 12:24:04.904 DATA REST  -7.906  -7.906  -7.906    3.342   3.336   3.336  -11.248 -11.242 -11.242
2026-05-31 12:24:04.914 DATA REST   7.780   7.780   7.780    3.431   3.425   3.425    4.349   4.355   4.355
2026-05-31 12:24:04.924 DATA REST   7.655   7.655   7.655    3.515   3.510   3.510    4.139   4.145   4.145
2026-05-31 12:24:04.934 DATA REST   7.341   7.341   7.341    3.592   3.586   3.586    3.749   3.755   3.755
2026-05-31 12:24:04.944 DATA REST   5.459   5.459   5.459    3.629   3.624   3.624    1.830   1.835   1.835
2026-05-31 12:24:04.954 DATA REST   4.580   4.580   4.580    3.648   3.643   3.643    0.932   0.938   0.937
2026-05-31 12:24:04.964 DATA REST   3.890   3.890   3.890    3.653   3.648   3.648    0.237   0.242   0.242
2026-05-31 12:24:04.998 DATA REST   4.016   4.016   4.016    3.660   3.655   3.655    0.355   0.361   0.360
2026-05-31 12:24:05.008 DATA REST   3.388   3.388   3.388    3.655   3.650   3.650   -0.267  -0.262  -0.262
2026-05-31 12:24:05.018 DATA REST   3.137   3.137   3.137    3.644   3.639   3.640   -0.507  -0.502  -0.502
2026-05-31 12:24:05.028 DATA REST   2.635   2.635   2.635    3.624   3.619   3.620   -0.989  -0.984  -0.984
2026-05-31 12:24:05.038 DATA REST   3.325   3.325   3.325    3.618   3.614   3.614   -0.293  -0.288  -0.288
2026-05-31 12:24:05.048 DATA REST   4.016   4.016   4.016    3.626   3.622   3.622    0.389   0.394   0.394
2026-05-31 12:24:05.058 DATA REST   4.706   5.081   5.082    3.648   3.651   3.651    1.058   1.430   1.431
2026-05-31 12:24:05.068 DATA REST   5.772   5.772   5.772    3.690   3.693   3.693    2.082   2.079   2.079
2026-05-31 12:24:05.078 DATA REST   6.086   6.086   6.086    3.738   3.741   3.741    2.348   2.345   2.345
2026-05-31 12:24:05.088 DATA REST   5.772   5.772   5.772    3.779   3.782   3.782    1.994   1.991   1.991
2026-05-31 12:24:05.098 DATA REST   5.145   5.145   5.145    3.806   3.809   3.809    1.339   1.336   1.336
2026-05-31 12:24:05.108 DATA REST   3.827   3.827   3.827    3.807   3.809   3.809    0.021   0.018   0.018
2026-05-31 12:24:05.118 DATA REST   3.827   3.827   3.827    3.807   3.810   3.810    0.020   0.018   0.018
2026-05-31 12:24:05.128 DATA REST   4.769   4.769   4.769    3.826   3.829   3.829    0.942   0.940   0.940
2026-05-31 12:24:05.138 DATA REST   6.463   6.463   6.463    3.879   3.882   3.882    2.584   2.581   2.581
2026-05-31 12:24:05.148 DATA REST   7.278   7.592   7.592    3.947   3.956   3.956    3.331   3.636   3.636
2026-05-31 12:24:05.158 DATA REST   6.400   6.400   6.400    3.996   4.005   4.005    2.404   2.395   2.395
2026-05-31 12:24:05.168 DATA REST   5.584   5.584   5.584    4.028   4.036   4.036    1.556   1.548   1.548
2026-05-31 12:24:05.178 DATA REST   4.455   4.455   4.455    4.036   4.045   4.045    0.418   0.410   0.410
2026-05-31 12:24:05.188 DATA REST   2.949   2.949   2.949    4.015   4.023   4.023   -1.066  -1.074  -1.074
2026-05-31 12:24:05.198 DATA REST   2.573   2.573   2.573    3.986   3.994   3.994   -1.413  -1.421  -1.421
2026-05-31 12:24:05.208 DATA REST   3.576   3.576   3.576    3.978   3.985   3.985   -0.401  -0.409  -0.409
2026-05-31 12:24:05.218 DATA REST   4.769   4.769   4.769    3.993   4.001   4.001    0.775   0.768   0.767
2026-05-31 12:24:05.228 DATA REST   5.208   5.208   5.208    4.018   4.025   4.025    1.190   1.183   1.183
2026-05-31 12:24:05.238 DATA REST   5.521   5.521   5.521    4.048   4.055   4.055    1.473   1.466   1.466
2026-05-31 12:24:05.248 DATA REST   5.396   5.396   5.396    4.075   4.082   4.082    1.321   1.314   1.314
2026-05-31 12:24:05.258 DATA REST   4.957   4.957   4.957    4.092   4.099   4.099    0.864   0.857   0.857
2026-05-31 12:24:05.268 DATA REST   4.706   4.706   4.706    4.105   4.112   4.112    0.601   0.594   0.594
2026-05-31 12:24:05.278 DATA REST   4.643   4.643   4.643    4.115   4.122   4.122    0.528   0.521   0.521
2026-05-31 12:24:05.288 DATA REST   5.710   5.710   5.710    4.147   4.154   4.154    1.562   1.556   1.556
2026-05-31 12:24:05.298 DATA REST   5.333   5.333   5.333    4.171   4.177   4.178    1.162   1.156   1.156
2026-05-31 12:24:05.308 DATA REST   5.333   5.333   5.333    4.194   4.201   4.201    1.139   1.133   1.133
2026-05-31 12:24:05.318 DATA REST   5.521   5.521   5.521    4.221   4.227   4.227    1.301   1.294   1.294
2026-05-31 12:24:05.328 DATA REST   5.898   5.898   5.898    4.254   4.260   4.261    1.644   1.638   1.637
2026-05-31 12:24:05.338 DATA REST   5.271   5.271   5.271    4.275   4.281   4.281    0.996   0.990   0.990
2026-05-31 12:24:05.348 DATA REST   4.141   4.141   4.141    4.272   4.278   4.278   -0.131  -0.137  -0.137
2026-05-31 12:24:05.358 DATA REST   3.576   3.576   3.576    4.258   4.264   4.264   -0.682  -0.687  -0.687
2026-05-31 12:24:05.368 DATA REST   3.702   3.702   3.702    4.247   4.253   4.253   -0.545  -0.551  -0.551
2026-05-31 12:24:05.378 DATA REST   3.765   3.765   3.765    4.237   4.243   4.243   -0.473  -0.478  -0.478
2026-05-31 12:24:05.388 DATA REST   3.702   3.702   3.702    4.227   4.232   4.232   -0.525  -0.530  -0.530
2026-05-31 12:24:05.398 DATA REST   3.890   3.890   3.890    4.220   4.225   4.225   -0.330  -0.335  -0.335
2026-05-31 12:24:05.408 DATA REST   4.204   4.204   4.204    4.220   4.225   4.225   -0.016  -0.021  -0.021
2026-05-31 12:24:05.418 DATA REST   5.082   5.082   5.082    4.237   4.242   4.242    0.845   0.840   0.840
2026-05-31 12:24:05.428 DATA REST   5.961   5.961   5.961    4.271   4.276   4.276    1.689   1.684   1.684
2026-05-31 12:24:05.438 DATA REST   6.212   6.212   6.212    4.310   4.315   4.315    1.902   1.897   1.897
2026-05-31 12:24:05.448 DATA REST   5.898   5.898   5.898    4.342   4.347   4.347    1.556   1.551   1.551
2026-05-31 12:24:05.458 DATA REST   5.584   5.584   5.584    4.367   4.371   4.371    1.218   1.213   1.213
2026-05-31 12:24:05.468 DATA REST   4.455   4.455   4.455    4.368   4.373   4.373    0.086   0.082   0.082
2026-05-31 12:24:05.503 DATA REST   5.020   5.020   5.020    4.381   4.386   4.386    0.638   0.634   0.633
2026-05-31 12:24:05.513 DATA REST   5.082   5.082   5.082    4.396   4.400   4.400    0.687   0.682   0.682
2026-05-31 12:24:05.523 DATA REST   5.333   5.333   5.333    4.414   4.419   4.419    0.919   0.915   0.915
2026-05-31 12:24:05.533 DATA REST   5.710   5.710   5.710    4.440   4.444   4.444    1.270   1.265   1.265
2026-05-31 12:24:05.543 DATA REST   5.772   5.772   5.772    4.467   4.471   4.471    1.306   1.302   1.301
2026-05-31 12:24:05.553 DATA REST   5.647   5.647   5.647    4.490   4.494   4.495    1.157   1.152   1.152
2026-05-31 12:24:05.563 DATA REST   5.584   5.584   5.584    4.512   4.516   4.516    1.072   1.068   1.068
2026-05-31 12:24:05.573 DATA REST   6.212   6.337   6.337    4.546   4.553   4.553    1.665   1.784   1.784
2026-05-31 12:24:05.583 DATA REST   6.525   6.525   6.525    4.586   4.592   4.592    1.940   1.933   1.933
2026-05-31 12:24:05.593 DATA REST   6.212   6.212   6.212    4.618   4.625   4.625    1.593   1.587   1.587
2026-05-31 12:24:05.603 DATA REST   5.459   5.459   5.459    4.635   4.641   4.641    0.824   0.818   0.817
2026-05-31 12:24:05.613 DATA REST   5.145   5.145   5.145    4.645   4.651   4.651    0.500   0.494   0.494
2026-05-31 12:24:05.623 DATA REST   3.953   3.953   3.953    4.632   4.637   4.637   -0.679  -0.684  -0.685
2026-05-31 12:24:05.633 DATA REST   4.141   4.141   4.141    4.622   4.627   4.627   -0.481  -0.486  -0.486
2026-05-31 12:24:05.643 DATA REST   4.957   4.957   4.957    4.628   4.634   4.634    0.328   0.323   0.323
2026-05-31 12:24:05.653 DATA REST   5.208   5.208   5.208    4.640   4.645   4.646    0.568   0.562   0.562
2026-05-31 12:24:05.663 DATA REST   4.894   4.204   4.204    4.645   4.637   4.637    0.249  -0.433  -0.433
2026-05-31 12:24:05.673 DATA REST   3.200   3.200   3.200    4.616   4.608   4.608   -1.416  -1.408  -1.408
2026-05-31 12:24:05.683 DATA REST   3.200   3.200   3.200    4.588   4.580   4.580   -1.388  -1.380  -1.380
2026-05-31 12:24:05.693 DATA REST   3.765   3.765   3.765    4.571   4.563   4.563   -0.807  -0.799  -0.799
2026-05-31 12:24:05.703 DATA REST   4.141   4.141   4.141    4.563   4.555   4.555   -0.422  -0.414  -0.414
2026-05-31 12:24:05.713 DATA REST   4.455   4.455   4.455    4.561   4.553   4.553   -0.106  -0.098  -0.098
2026-05-31 12:24:05.723 DATA REST   4.518   4.518   4.518    4.560   4.552   4.552   -0.042  -0.035  -0.035
2026-05-31 12:24:05.733 DATA REST   4.831   4.831   4.831    4.565   4.558   4.558    0.266   0.273   0.273
2026-05-31 12:24:05.743 DATA REST   4.831   4.831   4.831    4.571   4.563   4.563    0.261   0.268   0.268
2026-05-31 12:24:05.753 DATA REST   3.830   3.827   3.827    4.556   4.549   4.549   -0.726  -0.721  -0.721
2026-05-31 12:24:05.763 DATA REST   3.325   3.325   3.325    4.531   4.524   4.524   -1.206  -1.199  -1.199
2026-05-31 12:24:05.773 DATA REST   2.949   2.949   2.949    4.499   4.493   4.493   -1.550  -1.544  -1.544
2026-05-31 12:24:05.783 DATA REST   2.823   2.823   2.823    4.466   4.459   4.459   -1.642  -1.636  -1.636
2026-05-31 12:24:05.793 DATA REST   3.890   3.890   3.890    4.454   4.448   4.448   -0.564  -0.558  -0.558
2026-05-31 12:24:05.803 DATA REST   4.392   4.392   4.392    4.453   4.447   4.447   -0.061  -0.055  -0.055
2026-05-31 12:24:05.813 DATA REST   4.706   4.706   4.706    4.458   4.452   4.452    0.248   0.254   0.254
2026-05-31 12:24:05.823 DATA REST   4.894   4.894   4.894    4.467   4.461   4.461    0.427   0.433   0.433
2026-05-31 12:24:05.833 DATA REST   5.145   5.145   5.145    4.481   4.474   4.475    0.665   0.671   0.671
2026-05-31 12:24:05.843 DATA REST   7.843   7.843   7.843    4.548   4.542   4.542    3.295   3.301   3.301
2026-05-31 12:24:05.853 DATA REST  -7.028  -7.028  -7.028    4.316   4.310   4.310  -11.344 -11.338 -11.338
2026-05-31 12:24:05.863 DATA REST  -6.463  -6.463  -6.463    4.101   4.095   4.095  -10.564 -10.558 -10.558
2026-05-31 12:24:05.873 DATA REST  -6.275  -6.275  -6.275    3.893   3.888   3.888  -10.168 -10.162 -10.162
2026-05-31 12:24:05.883 DATA REST  -6.651  -6.651  -6.651    3.682   3.677   3.677  -10.333 -10.328 -10.328
2026-05-31 12:24:05.893 DATA REST   6.965   6.965   6.965    3.748   3.743   3.743    3.217   3.222   3.222
2026-05-31 12:24:05.903 DATA REST   5.020   5.020   5.020    3.773   3.768   3.768    1.246   1.251   1.251
2026-05-31 12:24:05.913 DATA REST   1.694   1.694   1.694    3.732   3.727   3.727   -2.038  -2.033  -2.033
2026-05-31 12:24:05.923 DATA REST  -0.251  -0.251  -0.251    3.652   3.647   3.647   -3.903  -3.898  -3.898
2026-05-31 12:24:05.933 DATA REST   2.761   2.761   2.761    3.634   3.629   3.629   -0.874  -0.869  -0.869
2026-05-31 12:24:05.943 DATA REST   4.078   4.078   4.078    3.643   3.638   3.638    0.435   0.440   0.440
2026-05-31 12:24:05.953 DATA REST   5.772   5.772   5.772    3.686   3.681   3.681    2.087   2.091   2.091
2026-05-31 12:24:05.963 DATA REST   6.149   6.149   6.149    3.735   3.730   3.730    2.414   2.419   2.419
2026-05-31 12:24:05.973 DATA REST   5.333   5.333   5.333    3.767   3.762   3.762    1.566   1.571   1.571
2026-05-31 12:24:06.008 DATA REST  -5.333  -5.333  -5.333    3.585   3.581   3.581   -8.918  -8.914  -8.914
2026-05-31 12:24:06.018 DATA REST  -3.514  -3.514  -3.514    3.443   3.439   3.439   -6.957  -6.953  -6.953
2026-05-31 12:24:06.028 DATA REST  -3.388  -3.388  -3.388    3.306   3.302   3.302   -6.695  -6.691  -6.691
2026-05-31 12:24:06.038 DATA REST  -4.267  -4.267  -4.267    3.155   3.151   3.151   -7.422  -7.418  -7.418
2026-05-31 12:24:06.048 DATA REST   6.839   6.839   6.839    3.229   3.224   3.224    3.611   3.615   3.615
2026-05-31 12:24:06.058 DATA REST   3.765   3.765   3.765    3.239   3.235   3.235    0.525   0.529   0.529
2026-05-31 12:24:06.068 DATA REST   1.757   1.757   1.757    3.210   3.206   3.206   -1.453  -1.449  -1.449
2026-05-31 12:24:06.078 DATA REST   1.443   1.443   1.443    3.174   3.170   3.170   -1.731  -1.727  -1.727
2026-05-31 12:24:06.088 DATA REST   3.321   3.325   3.325    3.177   3.174   3.174    0.143   0.152   0.152
2026-05-31 12:24:06.098 DATA REST   4.392   4.392   4.392    3.202   3.198   3.198    1.191   1.194   1.194
2026-05-31 12:24:06.108 DATA REST   4.769   4.769   4.769    3.233   3.229   3.229    1.536   1.539   1.539
2026-05-31 12:24:06.118 DATA REST   4.769   4.769   4.769    3.264   3.260   3.260    1.505   1.508   1.508
2026-05-31 12:24:06.128 DATA REST   4.204   4.204   4.204    3.282   3.279   3.279    0.921   0.925   0.925
2026-05-31 12:24:06.138 DATA REST   0.565   0.565   0.565    3.228   3.225   3.225   -2.663  -2.660  -2.660
2026-05-31 12:24:06.148 DATA REST  -0.565  -0.565  -0.565    3.152   3.149   3.149   -3.717  -3.714  -3.714
2026-05-31 12:24:06.158 DATA REST  -1.067  -1.067  -1.067    3.068   3.065   3.065   -4.135  -4.131  -4.132
2026-05-31 12:24:06.168 DATA REST  -1.192  -1.192  -1.192    2.983   2.979   2.979   -4.175  -4.172  -4.172
2026-05-31 12:24:06.178 DATA REST  -0.565  -0.565  -0.565    2.912   2.909   2.909   -3.477  -3.474  -3.474
2026-05-31 12:24:06.188 DATA REST  -0.690  -0.690  -0.690    2.840   2.837   2.837   -3.530  -3.527  -3.527
2026-05-31 12:24:06.198 DATA REST  -0.816  -0.816  -0.816    2.767   2.764   2.764   -3.582  -3.579  -3.579
2026-05-31 12:24:06.208 DATA REST  -1.381  -1.381  -1.381    2.684   2.681   2.681   -4.064  -4.061  -4.061
2026-05-31 12:24:06.218 DATA REST  -0.879  -0.879  -0.879    2.612   2.609   2.609   -3.491  -3.488  -3.488
2026-05-31 12:24:06.228 DATA REST   0.627   0.627   0.627    2.573   2.570   2.570   -1.945  -1.942  -1.942
2026-05-31 12:24:06.238 DATA REST   1.945   1.945   1.945    2.560   2.557   2.557   -0.615  -0.612  -0.612
2026-05-31 12:24:06.248 DATA REST   3.074   3.074   3.074    2.570   2.568   2.568    0.504   0.507   0.507
2026-05-31 12:24:06.258 DATA REST   4.078   4.078   4.078    2.601   2.598   2.598    1.478   1.480   1.480
2026-05-31 12:24:06.268 DATA REST   4.329   4.329   4.329    2.635   2.633   2.633    1.694   1.697   1.697
2026-05-31 12:24:06.278 DATA REST   4.580   4.580   4.580    2.674   2.671   2.671    1.906   1.909   1.909
2026-05-31 12:24:06.288 DATA REST   5.333   5.333   5.333    2.727   2.725   2.725    2.606   2.609   2.609
2026-05-31 12:24:06.298 DATA REST   5.459   5.459   5.459    2.782   2.779   2.779    2.677   2.679   2.679
2026-05-31 12:24:06.308 DATA REST   5.521   5.521   5.521    2.837   2.834   2.834    2.685   2.687   2.687
2026-05-31 12:24:06.318 DATA REST   5.772   5.772   5.772    2.895   2.893   2.893    2.877   2.879   2.879
2026-05-31 12:24:06.328 DATA REST   5.584   5.584   5.584    2.949   2.947   2.947    2.635   2.637   2.637
2026-05-31 12:24:06.338 DATA REST   5.710   5.710   5.710    3.004   3.002   3.002    2.705   2.708   2.708
2026-05-31 12:24:06.348 DATA REST   5.772   5.772   5.772    3.060   3.057   3.058    2.713   2.715   2.715
2026-05-31 12:24:06.358 DATA REST   5.208   5.208   5.208    3.103   3.100   3.101    2.105   2.107   2.107
2026-05-31 12:24:06.368 DATA REST   3.702   3.702   3.702    3.115   3.113   3.113    0.587   0.589   0.589
2026-05-31 12:24:06.378 DATA REST   2.384   2.384   2.384    3.100   3.098   3.098   -0.716  -0.714  -0.714
2026-05-31 12:24:06.388 DATA REST   2.322   2.322   2.322    3.084   3.082   3.082   -0.763  -0.761  -0.761
2026-05-31 12:24:06.398 DATA REST   3.325   3.325   3.325    3.089   3.087   3.087    0.236   0.238   0.238
2026-05-31 12:24:06.408 DATA REST   5.396   5.396   5.396    3.135   3.133   3.133    2.261   2.263   2.263
2026-05-31 12:24:06.418 DATA REST   5.710   5.710   5.710    3.187   3.185   3.185    2.523   2.525   2.525
2026-05-31 12:24:06.428 DATA REST   5.772   5.772   5.772    3.239   3.237   3.237    2.534   2.536   2.536
2026-05-31 12:24:06.438 DATA REST   5.333   5.333   5.333    3.280   3.279   3.279    2.053   2.055   2.055
2026-05-31 12:24:06.439 PROMPT shake_start cycle=5
2026-05-31 12:24:06.473 DATA SHAKE   3.890   3.890   3.890    3.293   3.291   3.291    0.597   0.599   0.599
2026-05-31 12:24:06.483 DATA SHAKE   3.451   3.451   3.451    3.296   3.294   3.294    0.155   0.157   0.157
2026-05-31 12:24:06.493 DATA SHAKE   3.200   3.200   3.200    3.294   3.292   3.292   -0.094  -0.092  -0.092
2026-05-31 12:24:06.503 DATA SHAKE   3.514   3.514   3.514    3.298   3.297   3.297    0.215   0.217   0.217
2026-05-31 12:24:06.513 DATA SHAKE   5.020   5.020   5.020    3.333   3.331   3.331    1.687   1.688   1.688
2026-05-31 12:24:06.523 DATA SHAKE   5.898   5.898   5.898    3.384   3.382   3.382    2.514   2.516   2.515
2026-05-31 12:24:06.533 DATA SHAKE   6.212   6.212   6.212    3.441   3.439   3.439    2.771   2.773   2.773
2026-05-31 12:24:06.543 DATA SHAKE   6.149   6.149   6.149    3.495   3.493   3.493    2.654   2.656   2.656
2026-05-31 12:24:06.553 DATA SHAKE   5.082   5.082   5.082    3.527   3.525   3.525    1.556   1.557   1.557
2026-05-31 12:24:06.563 DATA SHAKE   3.639   3.639   3.639    3.529   3.527   3.527    0.110   0.112   0.112
2026-05-31 12:24:06.573 DATA SHAKE   3.514   3.514   3.514    3.528   3.527   3.527   -0.015  -0.013  -0.013
2026-05-31 12:24:06.583 DATA SHAKE   4.706   4.706   4.706    3.552   3.551   3.551    1.154   1.155   1.155
2026-05-31 12:24:06.593 DATA SHAKE   5.898   5.898   5.898    3.599   3.598   3.598    2.299   2.300   2.300
2026-05-31 12:24:06.603 DATA SHAKE   6.337   6.337   6.337    3.654   3.652   3.652    2.683   2.685   2.685
2026-05-31 12:24:06.613 DATA SHAKE   6.274   6.274   6.274    3.706   3.705   3.705    2.568   2.570   2.570
2026-05-31 12:24:06.623 DATA SHAKE   6.902   6.902   6.902    3.770   3.769   3.769    3.132   3.133   3.133
2026-05-31 12:24:06.633 DATA SHAKE   6.212   6.212   6.212    3.819   3.818   3.818    2.393   2.394   2.394
2026-05-31 12:24:06.643 DATA SHAKE   5.082   5.082   5.082    3.844   3.843   3.843    1.238   1.239   1.239
2026-05-31 12:24:06.653 DATA SHAKE   3.639   3.639   3.639    3.840   3.839   3.839   -0.201  -0.200  -0.200
2026-05-31 12:24:06.663 DATA SHAKE   2.761   2.761   2.761    3.818   3.817   3.817   -1.058  -1.056  -1.056
2026-05-31 12:24:06.673 DATA SHAKE   2.322   2.322   2.322    3.789   3.787   3.787   -1.467  -1.466  -1.466
2026-05-31 12:24:06.683 DATA SHAKE   2.447   2.447   2.447    3.762   3.761   3.761   -1.315  -1.313  -1.313
2026-05-31 12:24:06.693 DATA SHAKE   3.325   3.325   3.325    3.753   3.752   3.752   -0.428  -0.426  -0.426
2026-05-31 12:24:06.703 DATA SHAKE   3.639   3.639   3.639    3.751   3.750   3.750   -0.112  -0.110  -0.110
2026-05-31 12:24:06.713 DATA SHAKE   3.012   3.012   3.012    3.736   3.735   3.735   -0.724  -0.723  -0.723
2026-05-31 12:24:06.723 DATA SHAKE   2.259   2.259   2.259    3.706   3.705   3.705   -1.448  -1.446  -1.446
2026-05-31 12:24:06.733 DATA SHAKE   1.820   1.820   1.820    3.669   3.668   3.668   -1.849  -1.848  -1.848
2026-05-31 12:24:06.743 DATA SHAKE   2.008   2.008   2.008    3.635   3.634   3.634   -1.628  -1.627  -1.627
2026-05-31 12:24:06.753 DATA SHAKE   1.820   1.820   1.820    3.599   3.598   3.598   -1.780  -1.778  -1.779
2026-05-31 12:24:06.763 DATA SHAKE   1.380   1.380   1.380    3.555   3.554   3.554   -2.174  -2.173  -2.173
2026-05-31 12:24:06.773 DATA SHAKE   0.565   0.565   0.565    3.495   3.494   3.494   -2.930  -2.929  -2.929
2026-05-31 12:24:06.783 DATA SHAKE   0.125   0.125   0.125    3.428   3.427   3.427   -3.302  -3.301  -3.301
2026-05-31 12:24:06.793 DATA SHAKE  -3.263  -3.263  -3.263    3.294   3.293   3.293   -6.557  -6.556  -6.556
2026-05-31 12:24:06.803 DATA SHAKE  -6.777  -6.777  -6.777    3.092   3.091   3.091   -9.869  -9.868  -9.868
2026-05-31 12:24:06.813 DATA SHAKE  -6.651  -6.651  -6.651    2.897   2.897   2.897   -9.549  -9.548  -9.548
2026-05-31 12:24:06.823 DATA SHAKE  -4.769  -4.769  -3.206    2.744   2.743   2.774   -7.513  -7.512  -5.981
2026-05-31 12:24:06.833 DATA SHAKE  -2.447  -2.447  -2.447    2.640   2.639   2.670   -5.088  -5.087  -5.117
2026-05-31 12:24:06.843 DATA SHAKE  -4.141  -4.141  -4.141    2.505   2.504   2.534   -6.646  -6.645  -6.675
2026-05-31 12:24:06.853 DATA SHAKE   7.090   7.090   7.090    2.596   2.596   2.625    4.494   4.495   4.465
2026-05-31 12:24:06.863 DATA SHAKE  -4.706  -4.706  -4.706    2.450   2.450   2.478   -7.156  -7.156  -7.184
2026-05-31 12:24:06.873 DATA SHAKE   6.902   6.902   6.902    2.539   2.539   2.567    4.363   4.363   4.335
2026-05-31 12:24:06.883 DATA SHAKE  -4.957  -4.957  -4.957    2.389   2.389   2.416   -7.346  -7.346  -7.373
2026-05-31 12:24:06.893 DATA SHAKE   7.843   7.843   7.843    2.498   2.498   2.525    5.345   5.345   5.318
2026-05-31 12:24:06.903 DATA SHAKE  -0.565  -0.565  -0.565    2.437   2.436   2.463   -3.002  -3.001  -3.028
2026-05-31 12:24:06.913 DATA SHAKE  -5.522  -5.522   4.706    2.278   2.277   2.508   -7.800  -7.799   2.198
2026-05-31 12:24:06.923 DATA SHAKE   5.020   5.020   5.020    2.333   2.332   2.558    2.687   2.687   2.461
2026-05-31 12:24:06.933 DATA SHAKE  -5.647  -5.647  -5.647    2.173   2.173   2.394   -7.820  -7.820  -8.041
2026-05-31 12:24:06.943 DATA SHAKE  -0.126  -0.126  -0.126    2.127   2.127   2.344   -2.253  -2.252  -2.469
2026-05-31 12:24:06.978 DATA SHAKE   0.314   0.314   0.314    2.091   2.090   2.303   -1.777  -1.777  -1.989
2026-05-31 12:24:06.988 DATA SHAKE   7.969   7.969   7.969    2.209   2.208   2.416    5.760   5.761   5.552
2026-05-31 12:24:06.998 DATA SHAKE   4.580   4.580   4.580    2.256   2.255   2.460    2.324   2.325   2.121
2026-05-31 12:24:07.008 DATA SHAKE  -2.886  -2.886  -2.886    2.153   2.153   2.353   -5.040  -5.039  -5.239
2026-05-31 12:24:07.018 DATA SHAKE  -0.063  -0.063  -0.063    2.109   2.108   2.304   -2.172  -2.171  -2.367
2026-05-31 12:24:07.028 DATA SHAKE   6.965   6.965   6.965    2.206   2.205   2.398    4.759   4.759   4.567
2026-05-31 12:24:07.038 DATA SHAKE   2.259   2.259   2.259    2.207   2.206   2.395    0.052   0.052  -0.136
2026-05-31 12:24:07.048 DATA SHAKE  -2.886  -2.886  -2.886    2.105   2.105   2.289   -4.992  -4.991  -5.176
2026-05-31 12:24:07.058 DATA SHAKE  -3.326  -3.326  -3.326    1.997   1.996   2.177   -5.322  -5.322  -5.503
2026-05-31 12:24:07.068 DATA SHAKE   7.655   7.655   7.655    2.110   2.109   2.286    5.545   5.546   5.368
2026-05-31 12:24:07.078 DATA SHAKE  -0.816  -0.816  -0.816    2.051   2.051   2.224   -2.867  -2.867  -3.040
2026-05-31 12:24:07.088 DATA SHAKE  -2.008  -2.008  -2.008    1.970   1.969   2.140   -3.978  -3.978  -4.148
2026-05-31 12:24:07.098 DATA SHAKE   7.780   7.780   7.780    2.086   2.086   2.253    5.694   5.695   5.528
2026-05-31 12:24:07.108 DATA SHAKE  -5.083  -5.083  -5.083    1.943   1.942   2.106   -7.025  -7.025  -7.188
2026-05-31 12:24:07.118 DATA SHAKE  -6.212  -6.212  -6.212    1.780   1.779   1.940   -7.992  -7.991  -8.151
2026-05-31 12:24:07.128 DATA SHAKE   5.521   5.521   5.521    1.855   1.854   2.011    3.667   3.667   3.510
2026-05-31 12:24:07.138 DATA SHAKE   2.823   2.823   2.823    1.874   1.873   2.027    0.950   0.950   0.796
2026-05-31 12:24:07.148 DATA SHAKE   1.067   1.067   1.067    1.858   1.857   2.008   -0.791  -0.791  -0.942
2026-05-31 12:24:07.158 DATA SHAKE  -1.632  -1.632   7.118    1.788   1.788   2.110   -3.420  -3.419   5.008
2026-05-31 12:24:07.168 DATA SHAKE   4.392   4.392   4.392    1.840   1.840   2.156    2.552   2.552   2.236
2026-05-31 12:24:07.178 DATA SHAKE  -4.581  -4.581  -4.581    1.712   1.711   2.021   -6.292  -6.292  -6.602
2026-05-31 12:24:07.188 DATA SHAKE  -3.702  -3.702  -3.702    1.603   1.603   1.907   -5.306  -5.305  -5.609
2026-05-31 12:24:07.198 DATA SHAKE  -3.702  -3.702  -3.702    1.497   1.497   1.795   -5.199  -5.199  -5.497
2026-05-31 12:24:07.208 DATA SHAKE  -3.765  -3.765  -3.765    1.392   1.392   1.683   -5.157  -5.157  -5.448
2026-05-31 12:24:07.218 DATA SHAKE  -5.898  -5.898  -5.898    1.246   1.246   1.532   -7.144  -7.144  -7.430
2026-05-31 12:24:07.228 DATA SHAKE  -6.400  -6.400  -6.400    1.093   1.093   1.373   -7.493  -7.493  -7.773
2026-05-31 12:24:07.238 DATA SHAKE  -6.902  -6.902  -6.902    0.933   0.933   1.208   -7.836  -7.835  -8.110
2026-05-31 12:24:07.248 DATA SHAKE  -6.526  -6.526   5.271    0.784   0.784   1.289   -7.310  -7.309   3.982
2026-05-31 12:24:07.258 DATA SHAKE   6.902   6.902   6.902    0.907   0.906   1.401    5.995   5.996   5.501
2026-05-31 12:24:07.268 DATA SHAKE   1.067   1.067   1.067    0.910   0.909   1.395    0.157   0.157  -0.328
2026-05-31 12:24:07.278 DATA SHAKE  -7.655  -7.655  -7.655    0.738   0.738   1.214   -8.394  -8.393  -8.869
2026-05-31 12:24:07.288 DATA SHAKE   7.467   7.467   7.467    0.873   0.873   1.339    6.594   6.594   6.128
2026-05-31 12:24:07.298 DATA SHAKE  -2.761  -2.761  -2.761    0.800   0.800   1.257   -3.561  -3.561  -4.018
2026-05-31 12:24:07.308 DATA SHAKE   1.631   1.631   1.631    0.817   0.817   1.264    0.814   0.815   0.367
2026-05-31 12:24:07.318 DATA SHAKE   7.529   7.529   7.529    0.951   0.951   1.389    6.578   6.578   6.140
2026-05-31 12:24:07.328 DATA SHAKE   0.690   0.690   0.690    0.946   0.946   1.375   -0.256  -0.255  -0.685
2026-05-31 12:24:07.338 DATA SHAKE  -6.400   5.225   5.208    0.799   1.031   1.452   -7.199   4.194   3.756
2026-05-31 12:24:07.348 DATA SHAKE   3.953   3.953   3.953    0.862   1.090   1.502    3.091   2.863   2.451
2026-05-31 12:24:07.358 DATA SHAKE  -2.259  -2.259  -2.259    0.800   1.023   1.427   -3.059  -3.282  -3.686
2026-05-31 12:24:07.368 DATA SHAKE   6.463   6.463   6.463    0.913   1.132   1.528    5.550   5.331   4.935
2026-05-31 12:24:07.378 DATA SHAKE   3.514   3.514   3.514    0.965   1.179   1.567    2.549   2.335   1.946
2026-05-31 12:24:07.388 DATA SHAKE   2.384   2.384   2.384    0.993   1.203   1.584    1.391   1.181   0.801
2026-05-31 12:24:07.398 DATA SHAKE  -1.192  -1.192  -1.192    0.950   1.155   1.528   -2.142  -2.348  -2.720
2026-05-31 12:24:07.408 DATA SHAKE   4.769   4.769   4.769    1.026   1.228   1.593    3.742   3.541   3.176
2026-05-31 12:24:07.418 DATA SHAKE   2.259   2.259   2.259    1.051   1.248   1.606    1.208   1.011   0.653
2026-05-31 12:24:07.428 DATA SHAKE   7.529   1.882   1.882    1.180   1.261   1.612    6.349   0.621   0.271
2026-05-31 12:24:07.438 DATA SHAKE   4.455   4.455   4.455    1.246   1.325   1.669    3.209   3.130   2.786
2026-05-31 12:24:07.448 DATA SHAKE   2.886   2.886   2.886    1.279   1.356   1.693    1.608   1.530   1.193
2026-05-31 12:24:07.483 DATA SHAKE   6.337   6.337   6.337    1.380   1.456   1.786    4.957   4.882   4.551
2026-05-31 12:24:07.493 DATA SHAKE  -5.584  -5.584  -5.584    1.240   1.315   1.638   -6.825  -6.899  -7.223
2026-05-31 12:24:07.503 DATA SHAKE  -0.377  -0.377  -0.377    1.208   1.281   1.598   -1.585  -1.658  -1.975
2026-05-31 12:24:07.513 DATA SHAKE  -2.573  -2.573  -2.573    1.133   1.204   1.515   -3.705  -3.777  -4.087
2026-05-31 12:24:07.523 DATA SHAKE   7.529   7.529   7.529    1.260   1.330   1.635    6.269   6.199   5.894
2026-05-31 12:24:07.533 DATA SHAKE  -7.028  -7.028  -7.028    1.095   1.163   1.462   -8.122  -8.191  -8.489
2026-05-31 12:24:07.543 DATA SHAKE  -1.067  -1.067  -1.067    1.051   1.119   1.411   -2.118  -2.186  -2.478
2026-05-31 12:24:07.553 DATA SHAKE   0.565   0.565   0.565    1.042   1.108   1.394   -0.477  -0.543  -0.830
2026-05-31 12:24:07.563 DATA SHAKE  -4.141  -4.141  -4.141    0.938   1.003   1.284   -5.079  -5.144  -5.425
2026-05-31 12:24:07.573 DATA SHAKE  -7.530  -7.530  -7.530    0.769   0.832   1.107   -8.298  -8.362  -8.637
2026-05-31 12:24:07.583 DATA SHAKE  -4.330  -4.330   1.545    0.667   0.729   1.116   -4.996  -5.058   0.429
2026-05-31 12:24:07.593 DATA SHAKE   2.949   2.949   2.949    0.712   0.773   1.153    2.237   2.176   1.796
2026-05-31 12:24:07.603 DATA SHAKE  -2.635  -2.635  -2.635    0.645   0.705   1.077   -3.281  -3.340  -3.712
2026-05-31 12:24:07.613 DATA SHAKE  -4.079  -4.079  -4.079    0.551   0.609   0.974   -4.630  -4.688  -5.052
2026-05-31 12:24:07.623 DATA SHAKE   7.341   7.341   7.341    0.687   0.744   1.101    6.654   6.597   6.240
2026-05-31 12:24:07.633 DATA SHAKE   2.761   2.761   2.761    0.728   0.784   1.134    2.033   1.976   1.626
2026-05-31 12:24:07.643 DATA SHAKE   4.329   4.329   4.329    0.800   0.855   1.198    3.529   3.474   3.131
2026-05-31 12:24:07.653 DATA SHAKE   0.125   0.125   0.125    0.787   0.841   1.177   -0.661  -0.715  -1.051
2026-05-31 12:24:07.663 DATA SHAKE  -0.690  -0.690  -0.690    0.757   0.810   1.139   -1.448  -1.500  -1.830
2026-05-31 12:24:07.673 DATA SHAKE  -1.569  -0.881  -0.879    0.711   0.776   1.099   -2.280  -1.657  -1.978
2026-05-31 12:24:07.683 DATA SHAKE   7.655   7.655   7.655    0.850   0.914   1.230    6.805   6.741   6.425
2026-05-31 12:24:07.693 DATA SHAKE  -0.251  -0.251  -0.251    0.828   0.890   1.201   -1.079  -1.142  -1.452
2026-05-31 12:24:07.703 DATA SHAKE   3.765   3.765   3.765    0.886   0.948   1.252    2.878   2.817   2.513
2026-05-31 12:24:07.713 DATA SHAKE  -0.565  -0.565  -0.565    0.857   0.918   1.216   -1.422  -1.483  -1.780
2026-05-31 12:24:07.723 DATA SHAKE  -0.377  -0.377  -0.377    0.833   0.892   1.184   -1.209  -1.268  -1.560
2026-05-31 12:24:07.733 DATA SHAKE  -2.385  -2.385  -2.385    0.768   0.826   1.112   -3.153  -3.211  -3.497
2026-05-31 12:24:07.743 DATA SHAKE   2.259   2.259   2.259    0.798   0.855   1.135    1.461   1.404   1.124
2026-05-31 12:24:07.753 DATA SHAKE  -4.455  -4.455  -4.455    0.693   0.749   1.023   -5.148  -5.204  -5.479
2026-05-31 12:24:07.763 DATA SHAKE  -7.528  -7.530  -7.530    0.529   0.583   0.852   -8.057  -8.113  -8.382
2026-05-31 12:24:07.773 DATA SHAKE  -6.400  -6.400  -6.400    0.390   0.443   0.707   -6.790  -6.844  -7.107
2026-05-31 12:24:07.783 DATA SHAKE  -6.275  -6.275  -6.275    0.257   0.309   0.568   -6.531  -6.584  -6.842
2026-05-31 12:24:07.793 DATA SHAKE   7.467   7.467   7.467    0.401   0.452   0.706    7.066   7.014   6.761
2026-05-31 12:24:07.803 DATA SHAKE  -6.212  -6.212  -6.212    0.269   0.319   0.567   -6.481  -6.531  -6.779
2026-05-31 12:24:07.813 DATA SHAKE  -1.757  -1.757  -1.757    0.228   0.277   0.521   -1.985  -2.035  -2.278
2026-05-31 12:24:07.823 DATA SHAKE  -2.761  -2.761  -2.761    0.168   0.217   0.455   -2.929  -2.978  -3.216
2026-05-31 12:24:07.833 DATA SHAKE   4.455   4.455   4.455    0.254   0.301   0.535    4.201   4.153   3.920
2026-05-31 12:24:07.843 DATA SHAKE   1.255   1.255   1.255    0.274   0.320   0.550    0.981   0.934   0.705
2026-05-31 12:24:07.853 DATA SHAKE   5.584   5.584   5.584    0.380   0.426   0.650    5.204   5.158   4.934
2026-05-31 12:24:07.863 DATA SHAKE  -5.584  -5.584  -5.584    0.261   0.306   0.526   -5.845  -5.890  -6.110
2026-05-31 12:24:07.873 DATA SHAKE   7.341   7.341   7.341    0.403   0.446   0.662    6.938   6.895   6.679
2026-05-31 12:24:07.883 DATA SHAKE   1.631   1.631   1.631    0.427   0.470   0.681    1.204   1.161   0.950
2026-05-31 12:24:07.893 DATA SHAKE  -1.945  -1.945  -1.945    0.380   0.422   0.629   -2.325  -2.367  -2.574
2026-05-31 12:24:07.903 DATA SHAKE   0.314   0.314   0.314    0.378   0.420   0.622   -0.065  -0.106  -0.309
2026-05-31 12:24:07.913 DATA SHAKE   2.196   2.196   2.196    0.415   0.455   0.654    1.781   1.741   1.542
2026-05-31 12:24:07.923 DATA SHAKE   0.125   0.125   0.125    0.409   0.448   0.643   -0.283  -0.323  -0.518
2026-05-31 12:24:07.933 DATA SHAKE  -4.957  -4.957  -4.957    0.302   0.340   0.531   -5.259  -5.297  -5.488
2026-05-31 12:24:07.943 DATA SHAKE  -5.208  -5.208  -5.208    0.191   0.229   0.417   -5.399  -5.437  -5.625
2026-05-31 12:24:07.953 DATA SHAKE   7.843   7.843   7.843    0.344   0.382   0.565    7.499   7.461   7.278
2026-05-31 12:24:07.988 DATA SHAKE   5.710   5.710   5.710    0.452   0.488   0.668    5.258   5.222   5.042
2026-05-31 12:24:07.998 DATA SHAKE   2.259   2.259   2.259    0.488   0.524   0.700    1.771   1.735   1.559
2026-05-31 12:24:08.008 DATA SHAKE  -7.718  -1.343  -1.318    0.324   0.486   0.659   -8.042  -1.829  -1.977
2026-05-31 12:24:08.018 DATA SHAKE  -4.894  -4.894  -4.894    0.219   0.379   0.548   -5.114  -5.273  -5.443
2026-05-31 12:24:08.028 DATA SHAKE   5.647   5.647   5.647    0.328   0.484   0.650    5.319   5.163   4.997
2026-05-31 12:24:08.038 DATA SHAKE   7.027   7.027   7.027    0.462   0.615   0.778    6.565   6.412   6.249
2026-05-31 12:24:08.048 DATA SHAKE  -4.518  -4.518  -4.518    0.362   0.512   0.672   -4.880  -5.030  -5.190
2026-05-31 12:24:08.058 DATA SHAKE   4.894   4.894   4.894    0.453   0.600   0.756    4.441   4.294   4.138
2026-05-31 12:24:08.068 DATA SHAKE   5.082   5.082   5.082    0.546   0.690   0.843    4.537   4.393   4.239
2026-05-31 12:24:08.078 DATA SHAKE  -4.581  -4.581  -4.581    0.443   0.584   0.734   -5.024  -5.165  -5.315
2026-05-31 12:24:08.088 DATA SHAKE  -0.690  -0.690  -0.690    0.420   0.559   0.706   -1.111  -1.249  -1.396
2026-05-31 12:24:08.098 DATA SHAKE   7.748   7.718   7.718    0.567   0.702   0.846    7.181   7.016   6.871
2026-05-31 12:24:08.108 DATA SHAKE   3.639   3.639   3.639    0.628   0.761   0.902    3.011   2.879   2.737
2026-05-31 12:24:08.118 DATA SHAKE  -3.075  -3.075  -3.075    0.554   0.684   0.823   -3.629  -3.759  -3.897
2026-05-31 12:24:08.128 DATA SHAKE   5.020   5.020   5.020    0.644   0.771   0.906    4.376   4.249   4.113
2026-05-31 12:24:08.138 DATA SHAKE  -0.439  -0.439  -0.439    0.622   0.746   0.880   -1.061  -1.186  -1.319
2026-05-31 12:24:08.148 DATA SHAKE  -7.404  -7.404  -7.404    0.461   0.583   0.714   -7.866  -7.987  -8.118
2026-05-31 12:24:08.158 DATA SHAKE  -1.506  -1.506  -1.506    0.422   0.542   0.669   -1.928  -2.048  -2.176
2026-05-31 12:24:08.168 DATA SHAKE   5.772   5.772   5.772    0.529   0.646   0.772    5.243   5.126   5.001
2026-05-31 12:24:08.178 DATA SHAKE   0.376   0.376   0.376    0.526   0.641   0.764   -0.150  -0.264  -0.387
2026-05-31 12:24:08.188 DATA SHAKE   5.082   5.082   5.082    0.617   0.730   0.850    4.465   4.353   4.232
2026-05-31 12:24:08.198 DATA SHAKE  -0.188  -0.188  -0.188    0.601   0.711   0.829   -0.790  -0.900  -1.018
2026-05-31 12:24:08.208 DATA SHAKE   0.753   0.753   0.753    0.604   0.712   0.828    0.149   0.041  -0.075
2026-05-31 12:24:08.218 DATA SHAKE   7.278   7.278   7.278    0.738   0.843   0.957    6.541   6.435   6.322
2026-05-31 12:24:08.228 DATA SHAKE  -3.012  -3.012  -3.012    0.663   0.766   0.877   -3.675  -3.778  -3.889
2026-05-31 12:24:08.238 DATA SHAKE  -0.753  -0.753  -0.753    0.634   0.736   0.845   -1.387  -1.489  -1.598
2026-05-31 12:24:08.248 DATA SHAKE   6.274   6.274   6.274    0.747   0.847   0.953    5.527   5.428   5.321
2026-05-31 12:24:08.258 DATA SHAKE  -4.267  -4.267  -4.267    0.647   0.744   0.849   -4.914  -5.011  -5.116
2026-05-31 12:24:08.268 DATA SHAKE   0.251   0.251   0.251    0.639   0.735   0.837   -0.388  -0.484  -0.586
2026-05-31 12:24:08.278 DATA SHAKE  -2.322  -2.322  -2.322    0.580   0.673   0.774   -2.901  -2.995  -3.096
2026-05-31 12:24:08.288 DATA SHAKE  -1.694  -1.694  -1.694    0.534   0.626   0.724   -2.229  -2.320  -2.419
2026-05-31 12:24:08.298 DATA SHAKE  -0.502  -0.502  -0.502    0.513   0.604   0.700   -1.016  -1.106  -1.202
2026-05-31 12:24:08.308 DATA SHAKE  -6.024  -6.024  -6.024    0.383   0.471   0.565   -6.406  -6.495  -6.589
2026-05-31 12:24:08.318 DATA SHAKE  -2.134  -2.134  -2.134    0.332   0.419   0.511   -2.466  -2.552  -2.645
2026-05-31 12:24:08.328 DATA SHAKE   6.400   6.400   6.400    0.454   0.539   0.629    5.946   5.861   5.771
2026-05-31 12:24:08.338 DATA SHAKE   5.208   5.208   5.208    0.549   0.632   0.721    4.659   4.576   4.487
2026-05-31 12:24:08.348 DATA SHAKE  -0.063  -0.063  -0.063    0.537   0.618   0.705   -0.600  -0.681  -0.768
2026-05-31 12:24:08.358 DATA SHAKE   0.690   0.690   0.690    0.540   0.619   0.705    0.151   0.071  -0.015
2026-05-31 12:24:08.368 DATA SHAKE  -7.279  -7.279  -7.279    0.383   0.461   0.545   -7.662  -7.740  -7.824
2026-05-31 12:24:08.378 DATA SHAKE   1.380   1.380   1.380    0.403   0.480   0.562    0.977   0.901   0.819
2026-05-31 12:24:08.388 DATA SHAKE  -2.134  -2.134  -2.134    0.353   0.428   0.508   -2.486  -2.561  -2.641
2026-05-31 12:24:08.398 DATA SHAKE  -2.886  -2.886  -2.886    0.288   0.361   0.440   -3.174  -3.248  -3.327
2026-05-31 12:24:08.408 DATA SHAKE  -5.584  -5.584  -5.584    0.170   0.242   0.320   -5.755  -5.827  -5.904
2026-05-31 12:24:08.418 DATA SHAKE   4.141   4.141   4.141    0.250   0.320   0.396    3.891   3.821   3.745
2026-05-31 12:24:08.428 DATA SHAKE  -4.769  -4.769  -4.769    0.149   0.219   0.293   -4.918  -4.987  -5.061
2026-05-31 12:24:08.438 DATA SHAKE  -3.890  -3.890  -3.890    0.069   0.136   0.209   -3.959  -4.027  -4.099
2026-05-31 12:24:08.448 DATA SHAKE   4.643   4.643   4.643    0.160   0.227   0.298    4.483   4.417   4.345
2026-05-31 12:24:08.449 PROMPT rest_start cycle=5
2026-05-31 12:24:08.483 DATA REST   5.584   5.584   5.584    0.269   0.334   0.403    5.316   5.251   5.181
2026-05-31 12:24:08.493 DATA REST  -3.765  -3.765  -3.765    0.188   0.252   0.320   -3.953  -4.017  -4.085
2026-05-31 12:24:08.503 DATA REST   4.016   4.016   4.016    0.264   0.327   0.394    3.751   3.689   3.622
2026-05-31 12:24:08.513 DATA REST  -4.204  -4.204  -4.204    0.175   0.236   0.302   -4.379  -4.440  -4.506
2026-05-31 12:24:08.523 DATA REST  -4.769  -4.769  -4.769    0.076   0.136   0.201   -4.845  -4.905  -4.969
2026-05-31 12:24:08.533 DATA REST   0.125   0.125   0.125    0.077   0.136   0.199    0.048  -0.011  -0.074
2026-05-31 12:24:08.543 DATA REST  -6.400  -6.400  -6.400   -0.052   0.005   0.067   -6.348  -6.405  -6.467
2026-05-31 12:24:08.553 DATA REST   4.769   4.769   4.769    0.044   0.101   0.161    4.725   4.668   4.607
2026-05-31 12:24:08.563 DATA REST   7.906   7.906   7.906    0.201   0.257   0.316    7.705   7.649   7.590
2026-05-31 12:24:08.573 DATA REST   5.772   5.772   5.772    0.313   0.367   0.425    5.460   5.405   5.347
2026-05-31 12:24:08.583 DATA REST  -0.565  -0.565  -0.565    0.295   0.348   0.405   -0.860  -0.913  -0.970
2026-05-31 12:24:08.593 DATA REST   3.074   3.074   3.074    0.351   0.403   0.459    2.724   2.672   2.616
2026-05-31 12:24:08.603 DATA REST   3.953   3.953   3.953    0.423   0.474   0.529    3.530   3.479   3.424
2026-05-31 12:24:08.613 DATA REST  -0.628  -0.628  -0.628    0.402   0.452   0.506   -1.029  -1.080  -1.133
2026-05-31 12:24:08.623 DATA REST  -4.957  -4.957  -4.957    0.295   0.344   0.396   -5.252  -5.301  -5.353
2026-05-31 12:24:08.633 DATA REST   1.945   1.945   1.945    0.328   0.376   0.427    1.617   1.569   1.518
2026-05-31 12:24:08.643 DATA REST   5.772   5.772   5.772    0.436   0.484   0.534    5.336   5.289   5.238
2026-05-31 12:24:08.653 DATA REST  -7.718  -7.718  -7.718    0.273   0.320   0.369   -7.991  -8.037  -8.087
2026-05-31 12:24:08.663 DATA REST  -5.208  -5.208  -5.208    0.164   0.209   0.258   -5.372  -5.417  -5.466
2026-05-31 12:24:08.673 DATA REST  -0.251  -0.251  -0.251    0.155   0.200   0.247   -0.407  -0.451  -0.499
2026-05-31 12:24:08.683 DATA REST   7.216   7.216   7.216    0.297   0.340   0.387    6.919   6.875   6.829
2026-05-31 12:24:08.693 DATA REST  -3.388  -3.388  -3.388    0.223   0.266   0.311   -3.611  -3.654  -3.700
2026-05-31 12:24:08.703 DATA REST  -4.204  -4.204  -4.204    0.134   0.176   0.221   -4.339  -4.380  -4.425
2026-05-31 12:24:08.713 DATA REST  -5.835  -5.835  -5.835    0.015   0.056   0.100   -5.850  -5.891  -5.935
2026-05-31 12:24:08.723 DATA REST   7.341   7.341   7.341    0.162   0.202   0.245    7.180   7.139   7.096
2026-05-31 12:24:08.733 DATA REST   2.573   2.573   2.573    0.210   0.249   0.291    2.363   2.323   2.281
2026-05-31 12:24:08.743 DATA REST  -2.385  -2.385  -2.385    0.158   0.196   0.238   -2.542  -2.581  -2.622
2026-05-31 12:24:08.753 DATA REST   3.765   3.765   3.765    0.230   0.268   0.308    3.535   3.497   3.456
2026-05-31 12:24:08.763 DATA REST   4.894   4.894   4.894    0.323   0.360   0.400    4.571   4.534   4.494
2026-05-31 12:24:08.773 DATA REST   5.396   5.396   5.396    0.425   0.461   0.500    4.971   4.935   4.896
2026-05-31 12:24:08.783 DATA REST  -6.777  -6.777  -6.777    0.281   0.316   0.354   -7.057  -7.093  -7.131
2026-05-31 12:24:08.793 DATA REST  -3.953  -3.953  -3.953    0.196   0.231   0.268   -4.149  -4.184  -4.221
2026-05-31 12:24:08.803 DATA REST  -0.000  -0.000  -0.000    0.192   0.226   0.263   -0.192  -0.227  -0.263
2026-05-31 12:24:08.813 DATA REST  -7.843  -7.843  -7.843    0.031   0.065   0.101   -7.875  -7.908  -7.944
2026-05-31 12:24:08.823 DATA REST  -4.455  -4.455  -4.455   -0.058  -0.026   0.010   -4.397  -4.430  -4.465
2026-05-31 12:24:08.833 DATA REST   0.878   0.878   7.341   -0.040  -0.007   0.156    0.918   0.886   7.185
2026-05-31 12:24:08.843 DATA REST  -2.510  -2.510  -2.510   -0.089  -0.058   0.103   -2.421  -2.453  -2.613
2026-05-31 12:24:08.853 DATA REST   7.404   7.404   7.404    0.061   0.092   0.249    7.343   7.312   7.155
2026-05-31 12:24:08.863 DATA REST   4.643   4.643   4.643    0.153   0.183   0.337    4.491   4.460   4.306
2026-05-31 12:24:08.873 DATA REST   3.890   3.890   3.890    0.227   0.257   0.408    3.663   3.633   3.482
2026-05-31 12:24:08.883 DATA REST  -1.130  -1.130  -1.130    0.200   0.229   0.377   -1.330  -1.359  -1.507
2026-05-31 12:24:08.893 DATA REST   3.514   3.514   3.514    0.266   0.295   0.440    3.247   3.219   3.074
2026-05-31 12:24:08.903 DATA REST  -1.004  -1.004  -1.004    0.241   0.269   0.411   -1.245  -1.273  -1.415
2026-05-31 12:24:08.913 DATA REST  -6.902  -6.902  -6.902    0.098   0.125   0.265   -7.000  -7.028  -7.167
2026-05-31 12:24:08.923 DATA REST  -6.839  -6.777  -6.777   -0.041  -0.013   0.124   -6.799  -6.764  -6.900
2026-05-31 12:24:08.933 DATA REST  -7.028  -7.028  -7.028   -0.180  -0.153  -0.019   -6.847  -6.875  -7.008
2026-05-31 12:24:08.943 DATA REST  -6.463  -6.463  -6.463   -0.306  -0.279  -0.148   -6.157  -6.184  -6.315
2026-05-31 12:24:08.953 DATA REST  -1.318  -1.318  -1.318   -0.326  -0.300  -0.171   -0.992  -1.018  -1.146
2026-05-31 12:24:08.988 DATA REST   0.125   0.125   0.125   -0.317  -0.291  -0.166    0.443   0.417   0.291
2026-05-31 12:24:08.998 DATA REST   7.027   7.027   7.027   -0.170  -0.145  -0.022    7.198   7.172   7.049
2026-05-31 12:24:09.008 DATA REST  -6.714  -6.714  -6.714   -0.301  -0.276  -0.155   -6.413  -6.438  -6.558
2026-05-31 12:24:09.018 DATA REST  -4.392  -4.392  -4.392   -0.383  -0.359  -0.240   -4.009  -4.034  -4.152
2026-05-31 12:24:09.028 DATA REST  -1.255  -1.255  -1.255   -0.400  -0.377  -0.261   -0.855  -0.879  -0.995
2026-05-31 12:24:09.038 DATA REST  -6.086  -6.086  -6.086   -0.514  -0.491  -0.377   -5.572  -5.596  -5.709
2026-05-31 12:24:09.048 DATA REST   1.192   1.192   1.192   -0.480  -0.457  -0.346    1.672   1.649   1.538
2026-05-31 12:24:09.058 DATA REST   0.439   0.439   0.439   -0.462  -0.439  -0.330    0.901   0.878   0.769
2026-05-31 12:24:09.068 DATA REST  -0.753  -0.753  -0.753   -0.467  -0.445  -0.338   -0.286  -0.308  -0.415
2026-05-31 12:24:09.078 DATA REST   6.149   6.149   4.086   -0.335  -0.314  -0.250    6.484   6.463   4.336
2026-05-31 12:24:09.088 DATA REST  -7.090  -7.090  -7.090   -0.470  -0.449  -0.387   -6.620  -6.641  -6.704
2026-05-31 12:24:09.098 DATA REST  -4.643  -4.643  -4.643   -0.554  -0.533  -0.472   -4.090  -4.110  -4.171
2026-05-31 12:24:09.108 DATA REST   0.000   0.000   0.000   -0.543  -0.522  -0.462    0.543   0.522   0.462
2026-05-31 12:24:09.118 DATA REST  -4.392  -4.392  -4.392   -0.620  -0.600  -0.541   -3.773  -3.793  -3.851
2026-05-31 12:24:09.128 DATA REST   6.651   6.651   6.651   -0.474  -0.455  -0.397    7.125   7.106   7.048
2026-05-31 12:24:09.138 DATA REST  -4.016  -4.016  -4.016   -0.545  -0.526  -0.470   -3.471  -3.490  -3.546
2026-05-31 12:24:09.148 DATA REST  -1.067  -1.067  -1.067   -0.556  -0.537  -0.482   -0.511  -0.530  -0.585
2026-05-31 12:24:09.158 DATA REST   1.694   1.694   1.694   -0.511  -0.492  -0.438    2.205   2.186   2.132
2026-05-31 12:24:09.168 DATA REST   7.592  -1.158  -1.130   -0.348  -0.505  -0.452    7.941  -0.652  -0.678
2026-05-31 12:24:09.178 DATA REST  -5.208  -5.208  -5.208   -0.446  -0.600  -0.547   -4.762  -4.608  -4.661
2026-05-31 12:24:09.188 DATA REST   1.443   1.443   1.443   -0.408  -0.559  -0.507    1.851   2.002   1.950
2026-05-31 12:24:09.198 DATA REST  -2.134  -2.134  -2.134   -0.442  -0.590  -0.540   -1.691  -1.543  -1.594
2026-05-31 12:24:09.208 DATA REST   6.212   6.212   6.212   -0.309  -0.454  -0.405    6.521   6.666   6.616
2026-05-31 12:24:09.218 DATA REST   0.941   0.941   0.941   -0.284  -0.426  -0.378    1.225   1.367   1.319
2026-05-31 12:24:09.228 DATA REST   3.325   3.325   3.325   -0.212  -0.351  -0.304    3.538   3.677   3.629
2026-05-31 12:24:09.238 DATA REST  -5.584  -5.584  -5.584   -0.320  -0.456  -0.409   -5.265  -5.129  -5.175
2026-05-31 12:24:09.248 DATA REST   5.271   5.271   5.271   -0.208  -0.341  -0.296    5.478   5.612   5.566
2026-05-31 12:24:09.258 DATA REST   6.651  -5.396  -5.396   -0.071  -0.442  -0.398    6.721  -4.954  -4.999
2026-05-31 12:24:09.268 DATA REST  -5.208  -5.208  -5.208   -0.173  -0.538  -0.494   -5.035  -4.670  -4.714
2026-05-31 12:24:09.278 DATA REST  -6.400  -6.400  -6.400   -0.298  -0.655  -0.612   -6.102  -5.745  -5.788
2026-05-31 12:24:09.288 DATA REST   7.278   7.278   7.278   -0.146  -0.496  -0.454    7.425   7.775   7.733
2026-05-31 12:24:09.298 DATA REST   0.439   0.439   0.439   -0.135  -0.478  -0.436    0.574   0.917   0.876
2026-05-31 12:24:09.308 DATA REST   6.212   6.212   6.212   -0.008  -0.344  -0.303    6.219   6.556   6.515
2026-05-31 12:24:09.318 DATA REST   5.898   5.898   5.898    0.110  -0.219  -0.179    5.788   6.117   6.077
2026-05-31 12:24:09.328 DATA REST   7.906   7.906   7.906    0.266  -0.057  -0.018    7.639   7.962   7.923
2026-05-31 12:24:09.338 DATA REST  -4.769  -4.769  -4.769    0.166  -0.151  -0.113   -4.934  -4.618  -4.656
2026-05-31 12:24:09.348 DATA REST  -2.859  -2.824  -2.824    0.105  -0.204  -0.167   -2.964  -2.620  -2.657
2026-05-31 12:24:09.358 DATA REST   1.631   1.631   1.631    0.136  -0.168  -0.131    1.496   1.799   1.762
2026-05-31 12:24:09.368 DATA REST   2.635   2.635   2.635    0.186  -0.111  -0.076    2.450   2.747   2.711
2026-05-31 12:24:09.378 DATA REST   1.882   1.882   1.882    0.220  -0.072  -0.036    1.663   1.954   1.919
2026-05-31 12:24:09.388 DATA REST   5.898   5.898   5.898    0.333   0.048   0.082    5.565   5.850   5.816
2026-05-31 12:24:09.398 DATA REST   6.212   6.212   6.212    0.451   0.171   0.205    5.761   6.041   6.007
2026-05-31 12:24:09.408 DATA REST  -3.702  -3.702  -3.702    0.368   0.094   0.127   -4.070  -3.796  -3.829
2026-05-31 12:24:09.418 DATA REST   0.690   0.690   0.690    0.374   0.106   0.138    0.316   0.585   0.552
2026-05-31 12:24:09.428 DATA REST  -3.137  -3.137  -3.137    0.304   0.041   0.072   -3.441  -3.178  -3.210
2026-05-31 12:24:09.438 DATA REST   7.153   7.153   7.153    0.441   0.183   0.214    6.712   6.970   6.939
2026-05-31 12:24:09.448 DATA REST  -3.577  -3.577  -3.577    0.360   0.108   0.138   -3.937  -3.684  -3.715
2026-05-31 12:24:09.458 DATA REST  -1.694  -1.694  -1.694    0.319   0.072   0.102   -2.014  -1.766  -1.796
2026-05-31 12:24:09.493 DATA REST  -2.322  -2.322  -2.322    0.267   0.024   0.053   -2.588  -2.346  -2.375
2026-05-31 12:24:09.503 DATA REST   2.886   1.324   1.318    0.319   0.050   0.078    2.567   1.274   1.239
2026-05-31 12:24:09.513 DATA REST  -7.279  -7.279  -7.279    0.167  -0.097  -0.069   -7.446  -7.182  -7.210
2026-05-31 12:24:09.523 DATA REST  -0.251  -0.251  -0.251    0.159  -0.100  -0.072   -0.410  -0.151  -0.179
2026-05-31 12:24:09.533 DATA REST  -2.635  -2.635  -2.635    0.103  -0.151  -0.124   -2.738  -2.485  -2.512
2026-05-31 12:24:09.543 DATA REST  -1.569  -1.569  -1.569    0.069  -0.179  -0.153   -1.638  -1.390  -1.416
2026-05-31 12:24:09.553 DATA REST  -6.337  -6.337  -6.337   -0.059  -0.302  -0.276   -6.279  -6.035  -6.061
2026-05-31 12:24:09.563 DATA REST  -7.028  -7.028  -7.028   -0.198  -0.437  -0.411   -6.829  -6.591  -6.616
2026-05-31 12:24:09.573 DATA REST  -0.879  -0.879  -0.879   -0.212  -0.445  -0.421   -0.667  -0.433  -0.458
2026-05-31 12:24:09.583 DATA REST   1.318   1.318   1.318   -0.181  -0.410  -0.386    1.499   1.728   1.703
2026-05-31 12:24:09.593 DATA REST   5.835   2.071   2.071   -0.061  -0.361  -0.337    5.896   2.431   2.407
2026-05-31 12:24:09.603 DATA REST   4.016   4.016   4.016    0.021  -0.273  -0.250    3.995   4.289   4.265
2026-05-31 12:24:09.613 DATA REST  -4.455  -4.455  -4.455   -0.069  -0.357  -0.334   -4.386  -4.098  -4.121
2026-05-31 12:24:09.623 DATA REST   7.906   7.906   7.906    0.091  -0.191  -0.169    7.815   8.097   8.075
2026-05-31 12:24:09.633 DATA REST   5.145   5.145   5.145    0.192  -0.085  -0.063    4.953   5.230   5.208
2026-05-31 12:24:09.643 DATA REST  -2.635  -2.635  -2.635    0.135  -0.136  -0.114   -2.771  -2.500  -2.521
2026-05-31 12:24:09.653 DATA REST  -1.632  -1.632  -1.632    0.100  -0.166  -0.145   -1.731  -1.466  -1.487
2026-05-31 12:24:09.663 DATA REST   1.192   1.192   1.192    0.122  -0.138  -0.118    1.070   1.331   1.310
2026-05-31 12:24:09.673 DATA REST   4.329   4.329   4.329    0.206  -0.049  -0.029    4.123   4.378   4.358
2026-05-31 12:24:09.683 DATA REST   0.770   0.753   0.753    0.217  -0.033  -0.013    0.552   0.786   0.766
2026-05-31 12:24:09.693 DATA REST  -6.086  -6.086  -6.086    0.091  -0.154  -0.135   -6.177  -5.932  -5.952
2026-05-31 12:24:09.703 DATA REST   5.208   5.208   5.208    0.193  -0.047  -0.028    5.014   5.255   5.236
2026-05-31 12:24:09.713 DATA REST  -0.251  -0.251  -0.251    0.184  -0.051  -0.032   -0.436  -0.200  -0.219
2026-05-31 12:24:09.723 DATA REST  -4.643  -4.643  -4.643    0.088  -0.143  -0.125   -4.731  -4.500  -4.519
2026-05-31 12:24:09.733 DATA REST   6.463   6.463   6.463    0.215  -0.011   0.007    6.247   6.473   6.455
2026-05-31 12:24:09.743 DATA REST  -7.781  -7.781  -7.781    0.056  -0.166  -0.149   -7.836  -7.614  -7.632
2026-05-31 12:24:09.753 DATA REST  -6.651  -6.651  -6.651   -0.079  -0.296  -0.279   -6.573  -6.355  -6.373
2026-05-31 12:24:09.763 DATA REST  -0.377  -0.377  -0.377   -0.085  -0.297  -0.281   -0.292  -0.079  -0.096
2026-05-31 12:24:09.773 DATA REST  -4.706  -4.706  -4.706   -0.177  -0.386  -0.369   -4.529  -4.320  -4.337
2026-05-31 12:24:09.783 DATA REST   1.318   1.318   1.318   -0.147  -0.352  -0.335    1.465   1.669   1.653
2026-05-31 12:24:09.793 DATA REST   2.510   2.510   2.510   -0.094  -0.294  -0.278    2.604   2.804   2.788
2026-05-31 12:24:09.803 DATA REST   1.694   1.694   1.694   -0.058  -0.255  -0.239    1.752   1.949   1.933
2026-05-31 12:24:09.813 DATA REST  -4.204  -4.204  -4.204   -0.141  -0.334  -0.318   -4.063  -3.871  -3.886
2026-05-31 12:24:09.823 DATA REST  -6.526  -6.526  -6.526   -0.269  -0.457  -0.442   -6.257  -6.068  -6.083
2026-05-31 12:24:09.833 DATA REST  -0.816  -0.816  -0.816   -0.280  -0.465  -0.450   -0.536  -0.351  -0.366
2026-05-31 12:24:09.843 DATA REST  -7.028  -7.028  -7.028   -0.415  -0.596  -0.581   -6.613  -6.432  -6.446
2026-05-31 12:24:09.853 DATA REST  -7.279  -7.279  -7.279   -0.552  -0.729  -0.715   -6.727  -6.549  -6.563
2026-05-31 12:24:09.863 DATA REST  -1.569  -1.569  -1.569   -0.572  -0.746  -0.732   -0.997  -0.823  -0.836
2026-05-31 12:24:09.873 DATA REST   6.086   6.086   6.086   -0.439  -0.610  -0.596    6.525   6.696   6.682
2026-05-31 12:24:09.883 DATA REST  -5.271  -5.271  -5.271   -0.536  -0.703  -0.690   -4.735  -4.568  -4.581
2026-05-31 12:24:09.893 DATA REST  -2.824  -2.824  -2.824   -0.582  -0.745  -0.732   -2.242  -2.078  -2.091
2026-05-31 12:24:09.903 DATA REST  -3.828  -3.828  -3.828   -0.646  -0.807  -0.794   -3.181  -3.021  -3.033
2026-05-31 12:24:09.913 DATA REST  -4.957  -4.957  -4.957   -0.733  -0.890  -0.877   -4.224  -4.067  -4.080
2026-05-31 12:24:09.923 DATA REST  -6.526  -6.526  -6.526   -0.849  -1.003  -0.990   -5.677  -5.523  -5.535
2026-05-31 12:24:09.933 DATA REST   7.467   7.467   7.467   -0.682  -0.833  -0.821    8.149   8.300   8.288
2026-05-31 12:24:09.943 DATA REST   5.584   5.584   5.584   -0.557  -0.705  -0.693    6.141   6.289   6.277
2026-05-31 12:24:09.953 DATA REST  -7.718  -7.718  -7.718   -0.700  -0.845  -0.834   -7.018  -6.873  -6.884
2026-05-31 12:24:09.963 DATA REST   6.274   6.274   6.274   -0.561  -0.703  -0.691    6.835   6.977   6.966
2026-05-31 12:24:09.998 DATA REST   6.839   6.839   6.839   -0.413  -0.552  -0.541    7.252   7.391   7.380
2026-05-31 12:24:10.008 DATA REST  -7.530  -7.530  -7.530   -0.555  -0.691  -0.681   -6.975  -6.838  -6.849
2026-05-31 12:24:10.018 DATA REST  -7.404  -7.404  -7.404   -0.692  -0.826  -0.815   -6.712  -6.578  -6.589
2026-05-31 12:24:10.028 DATA REST  -2.949  -2.949  -2.949   -0.737  -0.868  -0.858   -2.212  -2.081  -2.091
2026-05-31 12:24:10.038 DATA REST  -2.322  -2.322  -2.322   -0.769  -0.897  -0.887   -1.553  -1.425  -1.435
2026-05-31 12:24:10.048 DATA REST  -4.016  -4.016  -4.016   -0.834  -0.960  -0.950   -3.182  -3.056  -3.066
2026-05-31 12:24:10.058 DATA REST  -5.208  -5.208  -5.208   -0.921  -1.045  -1.035   -4.287  -4.163  -4.173
2026-05-31 12:24:10.068 DATA REST   7.341   7.341   7.341   -0.756  -0.877  -0.867    8.097   8.218   8.208
2026-05-31 12:24:10.078 DATA REST   4.329   4.329   4.329   -0.654  -0.773  -0.763    4.984   5.102   5.093
2026-05-31 12:24:10.088 DATA REST   1.443   1.443   1.443   -0.612  -0.728  -0.719    2.055   2.172   2.162
2026-05-31 12:24:10.098 DATA REST  -0.816  -0.816  -0.816   -0.616  -0.730  -0.721   -0.200  -0.086  -0.095
2026-05-31 12:24:10.108 DATA REST  -3.326  -3.326  -3.326   -0.671  -0.782  -0.773   -2.655  -2.544  -2.552
2026-05-31 12:24:10.118 DATA REST  -1.694  -1.694  -1.694   -0.691  -0.800  -0.792   -1.003  -0.894  -0.903
2026-05-31 12:24:10.128 DATA REST   2.949   2.949   2.949   -0.618  -0.725  -0.717    3.567   3.674   3.666
2026-05-31 12:24:10.138 DATA REST  -5.584  -5.584  -5.584   -0.718  -0.823  -0.814   -4.867  -4.762  -4.770
2026-05-31 12:24:10.148 DATA REST  -1.506  -1.506  -1.506   -0.733  -0.836  -0.828   -0.773  -0.670  -0.678
2026-05-31 12:24:10.158 DATA REST   2.196   2.196   2.196   -0.675  -0.776  -0.768    2.871   2.972   2.964
2026-05-31 12:24:10.168 DATA REST   5.333   5.333   5.333   -0.555  -0.653  -0.646    5.888   5.987   5.979
2026-05-31 12:24:10.178 DATA REST   5.271   5.271   5.271   -0.438  -0.535  -0.527    5.709   5.805   5.798
2026-05-31 12:24:10.188 DATA REST   2.447   2.447   2.447   -0.380  -0.475  -0.468    2.827   2.922   2.915
2026-05-31 12:24:10.198 DATA REST  -6.212  -6.212  -6.212   -0.497  -0.590  -0.583   -5.715  -5.622  -5.629
2026-05-31 12:24:10.208 DATA REST   4.329   4.329   4.329   -0.401  -0.492  -0.484    4.730   4.821   4.814
2026-05-31 12:24:10.218 DATA REST  -1.255  -1.255  -1.255   -0.418  -0.507  -0.500   -0.838  -0.748  -0.755
2026-05-31 12:24:10.228 DATA REST  -6.526  -6.526  -6.526   -0.540  -0.627  -0.620   -5.986  -5.898  -5.905
2026-05-31 12:24:10.238 DATA REST   6.023   6.023   6.023   -0.408  -0.494  -0.487    6.432   6.518   6.511
2026-05-31 12:24:10.248 DATA REST  -5.835  -5.835  -5.835   -0.517  -0.601  -0.594   -5.318  -5.234  -5.241
2026-05-31 12:24:10.258 DATA REST  -2.196  -2.196  -2.196   -0.551  -0.633  -0.626   -1.646  -1.563  -1.570
2026-05-31 12:24:10.268 DATA REST   2.133   2.133   2.133   -0.497  -0.578  -0.571    2.630   2.711   2.705
2026-05-31 12:24:10.278 DATA REST  -7.906  -7.906  -7.906   -0.645  -0.724  -0.718   -7.261  -7.182  -7.188
2026-05-31 12:24:10.288 DATA REST  -3.451  -3.451  -3.451   -0.701  -0.779  -0.773   -2.750  -2.672  -2.679
2026-05-31 12:24:10.298 DATA REST  -2.008  -2.008  -2.008   -0.727  -0.803  -0.797   -1.281  -1.205  -1.211
2026-05-31 12:24:10.308 DATA REST  -0.941  -0.941  -0.941   -0.732  -0.806  -0.800   -0.210  -0.135  -0.141
2026-05-31 12:24:10.318 DATA REST  -1.506  -1.506  -1.506   -0.747  -0.820  -0.814   -0.759  -0.686  -0.692
2026-05-31 12:24:10.328 DATA REST  -3.451  -3.451  -3.451   -0.801  -0.873  -0.867   -2.650  -2.578  -2.584
2026-05-31 12:24:10.338 DATA REST  -6.651  -6.651  -6.651   -0.918  -0.988  -0.983   -5.733  -5.663  -5.668
2026-05-31 12:24:10.348 DATA REST  -7.781  -7.781  -7.781   -1.055  -1.124  -1.119   -6.725  -6.656  -6.662
2026-05-31 12:24:10.358 DATA REST   6.525   6.525   6.525   -0.904  -0.971  -0.966    7.429   7.497   7.491
2026-05-31 12:24:10.368 DATA REST   7.718   7.718   7.718   -0.731  -0.797  -0.792    8.449   8.515   8.510
2026-05-31 12:24:10.378 DATA REST  -3.388  -3.388  -3.388   -0.785  -0.849  -0.844   -2.604  -2.539  -2.544
2026-05-31 12:24:10.388 DATA REST  -2.761  -2.761  -2.761   -0.824  -0.887  -0.882   -1.937  -1.874  -1.879
2026-05-31 12:24:10.398 DATA REST  -3.702  -3.702  -3.702   -0.882  -0.944  -0.939   -2.820  -2.758  -2.763
2026-05-31 12:24:10.408 DATA REST  -3.702  -3.702  -3.702   -0.938  -0.999  -0.994   -2.764  -2.703  -2.708
2026-05-31 12:24:10.418 DATA REST  -3.451  -3.451  -4.016   -0.988  -1.048  -1.055   -2.463  -2.403  -2.961
2026-05-31 12:24:10.428 DATA REST  -6.086  -6.086  -6.086   -1.090  -1.149  -1.155   -4.996  -4.938  -4.931
2026-05-31 12:24:10.438 DATA REST  -6.400  -6.400  -6.400   -1.196  -1.254  -1.260   -5.204  -5.146  -5.140
2026-05-31 12:24:10.448 DATA REST  -5.710  -5.710  -5.710   -1.287  -1.343  -1.349   -4.423  -4.367  -4.361
2026-05-31 12:24:10.458 DATA REST  -5.773  -5.773  -5.773   -1.376  -1.431  -1.438   -4.396  -4.341  -4.335
2026-05-31 12:24:10.468 DATA REST  -7.530  -7.530  -7.530   -1.500  -1.553  -1.559   -6.030  -5.976  -5.970
2026-05-31 12:24:10.503 DATA REST   5.961   5.961   5.961   -1.350  -1.403  -1.409    7.311   7.364   7.370
2026-05-31 12:24:10.513 DATA REST   6.337   6.337   6.337   -1.197  -1.248  -1.254    7.534   7.585   7.591
2026-05-31 12:24:10.523 DATA REST   7.153   7.153   7.153   -1.030  -1.080  -1.086    8.182   8.233   8.239
2026-05-31 12:24:10.533 DATA REST  -4.832  -4.832  -4.832   -1.106  -1.155  -1.161   -3.726  -3.676  -3.671
2026-05-31 12:24:10.543 DATA REST  -3.263  -3.263  -3.263   -1.149  -1.197  -1.203   -2.114  -2.065  -2.060
2026-05-31 12:24:10.553 DATA REST  -1.130  -1.130  -1.130   -1.148  -1.196  -1.201    0.019   0.066   0.072
2026-05-31 12:24:10.563 DATA REST   1.067   1.067   1.067   -1.104  -1.151  -1.156    2.171   2.218   2.223
2026-05-31 12:24:10.573 DATA REST  -0.690  -0.690  -0.690   -1.096  -1.142  -1.147    0.405   0.451   0.456
2026-05-31 12:24:10.583 DATA REST  -7.341  -7.341  -7.341   -1.221  -1.266  -1.271   -6.121  -6.076  -6.071
2026-05-31 12:24:10.593 DATA REST  -7.969  -7.969  -7.969   -1.356  -1.400  -1.405   -6.613  -6.569  -6.564
2026-05-31 12:24:10.603 DATA REST  -7.781  -7.781  -7.781   -1.484  -1.527  -1.532   -6.296  -6.253  -6.248
2026-05-31 12:24:10.613 DATA REST   6.776   6.776   6.776   -1.319  -1.361  -1.366    8.095   8.138   8.142
2026-05-31 12:24:10.623 DATA REST   4.706   4.706   4.706   -1.198  -1.240  -1.244    5.904   5.946   5.950
2026-05-31 12:24:10.633 DATA REST   6.337   6.337   6.337   -1.048  -1.088  -1.093    7.385   7.426   7.430
2026-05-31 12:24:10.643 DATA REST  -5.647  -5.647  -5.647   -1.140  -1.180  -1.184   -4.507  -4.468  -4.463
2026-05-31 12:24:10.653 DATA REST   4.455   4.455   4.455   -1.028  -1.067  -1.071    5.483   5.522   5.526
2026-05-31 12:24:10.663 DATA REST   1.318   1.318   1.318   -0.981  -1.019  -1.023    2.299   2.337   2.341
2026-05-31 12:24:10.673 DATA REST   7.843   7.843   7.843   -0.804  -0.842  -0.846    8.647   8.685   8.689
2026-05-31 12:24:10.683 DATA REST   4.518   4.518   4.518   -0.698  -0.735  -0.739    5.216   5.252   5.256
2026-05-31 12:24:10.693 DATA REST   0.565   0.565   0.565   -0.673  -0.709  -0.713    1.237   1.273   1.277
2026-05-31 12:24:10.703 DATA REST  -4.392  -4.392  -4.392   -0.747  -0.782  -0.786   -3.645  -3.610  -3.606
2026-05-31 12:24:10.713 DATA REST  -7.718  -7.718  -7.718   -0.887  -0.921  -0.925   -6.831  -6.797  -6.793
2026-05-31 12:24:10.723 DATA REST  -1.757  -1.757  -1.757   -0.904  -0.938  -0.942   -0.853  -0.819  -0.815
2026-05-31 12:24:10.733 DATA REST  -6.526  -6.526  -6.526   -1.016  -1.050  -1.053   -5.509  -5.476  -5.472
2026-05-31 12:24:10.743 DATA REST  -4.204  -4.204  -4.204   -1.080  -1.113  -1.116   -3.124  -3.091  -3.088
2026-05-31 12:24:10.753 DATA REST   4.706   4.706   0.081   -0.964  -0.996  -1.092    5.670   5.702   1.173
2026-05-31 12:24:10.763 DATA REST   7.592   7.592   7.592   -0.793  -0.825  -0.919    8.385   8.417   8.511
2026-05-31 12:24:10.773 DATA REST  -4.894  -4.894  -4.894   -0.875  -0.906  -0.998   -4.019  -3.988  -3.896
2026-05-31 12:24:10.783 DATA REST  -6.212  -6.212  -6.212   -0.982  -1.012  -1.102   -5.230  -5.200  -5.109
2026-05-31 12:24:10.793 DATA REST   7.090   7.090   7.090   -0.821  -0.850  -0.939    7.911   7.940   8.029
2026-05-31 12:24:10.803 DATA REST   2.510   2.510   2.510   -0.754  -0.783  -0.870    3.264   3.293   3.379
2026-05-31 12:24:10.813 DATA REST   1.004   1.004   1.004   -0.719  -0.747  -0.832    1.723   1.751   1.836
2026-05-31 12:24:10.823 DATA REST   0.000   0.000   0.000   -0.704  -0.732  -0.816    0.704   0.732   0.816
2026-05-31 12:24:10.833 DATA REST   0.251   0.251   0.251   -0.685  -0.712  -0.794    0.936   0.963   1.045
2026-05-31 12:24:10.843 DATA REST   1.380   1.255   1.255   -0.644  -0.673  -0.753    2.024   1.929   2.008
2026-05-31 12:24:10.853 DATA REST  -1.569  -1.569  -1.569   -0.663  -0.691  -0.770   -0.906  -0.878  -0.799
2026-05-31 12:24:10.863 DATA REST  -4.957  -4.957  -4.957   -0.748  -0.776  -0.853   -4.209  -4.181  -4.104
2026-05-31 12:24:10.873 DATA REST  -5.835  -5.835  -5.835   -0.850  -0.878  -0.953   -4.985  -4.958  -4.883
2026-05-31 12:24:10.883 DATA REST  -3.075  -3.075  -3.075   -0.895  -0.921  -0.995   -2.180  -2.153  -2.079
2026-05-31 12:24:10.893 DATA REST   3.012   3.012   3.012   -0.817  -0.843  -0.915    3.828   3.855   3.927
2026-05-31 12:24:10.903 DATA REST   5.584   5.584   5.584   -0.689  -0.714  -0.785    6.273   6.299   6.369
2026-05-31 12:24:10.913 DATA REST   7.529   7.529   7.529   -0.524  -0.549  -0.619    8.053   8.079   8.148
2026-05-31 12:24:10.923 DATA REST  -7.592  -7.592  -7.592   -0.666  -0.690  -0.758   -6.927  -6.902  -6.834
2026-05-31 12:24:10.933 DATA REST   6.588   5.521   5.521   -0.520  -0.566  -0.633    7.109   6.088   6.154
2026-05-31 12:24:10.943 DATA REST   5.082   5.082   5.082   -0.408  -0.453  -0.518    5.491   5.535   5.601
2026-05-31 12:24:10.953 DATA REST   3.639   3.639   3.639   -0.327  -0.371  -0.435    3.967   4.010   4.074
2026-05-31 12:24:10.963 DATA REST  -0.188  -0.188  -0.188   -0.325  -0.368  -0.430    0.136   0.179   0.242
2026-05-31 12:24:10.973 DATA REST   5.835   5.835   5.835   -0.201  -0.244  -0.305    6.037   6.079   6.140
2026-05-31 12:24:11.008 DATA REST   0.502   0.502   0.502   -0.187  -0.229  -0.289    0.689   0.731   0.791
2026-05-31 12:24:11.018 DATA REST  -4.392  -4.392  -4.392   -0.272  -0.312  -0.371   -4.121  -4.080  -4.021
2026-05-31 12:24:11.028 DATA REST   7.467   7.467   7.467   -0.117  -0.156  -0.214    7.583   7.623   7.681
2026-05-31 12:24:11.038 DATA REST   2.510   2.510   2.510   -0.064  -0.103  -0.160    2.574   2.613   2.670
2026-05-31 12:24:11.048 DATA REST   2.133   2.133   2.133   -0.020  -0.058  -0.114    2.154   2.192   2.247
2026-05-31 12:24:11.058 DATA REST  -1.569  -1.569  -1.569   -0.051  -0.088  -0.143   -1.518  -1.480  -1.426
2026-05-31 12:24:11.068 DATA REST   6.149   6.149   6.149    0.073   0.036  -0.017    6.076   6.113   6.166
2026-05-31 12:24:11.078 DATA REST  -6.275  -6.275  -6.275   -0.054  -0.090  -0.142   -6.220  -6.185  -6.132
2026-05-31 12:24:11.088 DATA REST  -3.326  -3.326  -0.201   -0.120  -0.155  -0.143   -3.206  -3.171  -0.057
2026-05-31 12:24:11.098 DATA REST   2.510   2.510   2.510   -0.067  -0.101  -0.090    2.577   2.611   2.600
2026-05-31 12:24:11.108 DATA REST   2.698   2.698   2.698   -0.012  -0.045  -0.035    2.710   2.743   2.733
2026-05-31 12:24:11.118 DATA REST  -0.439  -0.439  -0.439   -0.020  -0.053  -0.043   -0.419  -0.386  -0.397
2026-05-31 12:24:11.128 DATA REST  -3.137  -3.137  -3.137   -0.083  -0.115  -0.105   -3.055  -3.022  -3.033
2026-05-31 12:24:11.138 DATA REST  -5.710  -5.710  -5.710   -0.195  -0.227  -0.217   -5.515  -5.483  -5.493
2026-05-31 12:24:11.148 DATA REST   2.823   2.823   2.823   -0.135  -0.166  -0.156    2.958   2.989   2.979
2026-05-31 12:24:11.158 DATA REST  -7.216  -7.216  -7.216   -0.276  -0.307  -0.297   -6.939  -6.909  -6.919
2026-05-31 12:24:11.168 DATA REST  -1.945  -1.945  -1.945   -0.310  -0.340  -0.330   -1.636  -1.606  -1.615
2026-05-31 12:24:11.178 DATA REST   2.949   2.949  -7.341   -0.245  -0.274  -0.470    3.194   3.223  -6.871
2026-05-31 12:24:11.188 DATA REST  -1.381  -1.381  -1.381   -0.267  -0.296  -0.489   -1.113  -1.085  -0.892
2026-05-31 12:24:11.198 DATA REST  -6.965  -6.965  -6.965   -0.401  -0.429  -0.618   -6.564  -6.535  -6.347
2026-05-31 12:24:11.208 DATA REST  -3.137  -3.137  -3.137   -0.456  -0.484  -0.668   -2.681  -2.654  -2.469
2026-05-31 12:24:11.218 DATA REST   4.831   4.831   4.831   -0.350  -0.377  -0.558    5.182   5.209   5.390
2026-05-31 12:24:11.228 DATA REST   5.396   5.396   5.396   -0.235  -0.262  -0.439    5.631   5.658   5.835
2026-05-31 12:24:11.238 DATA REST   0.188   0.188   0.188   -0.227  -0.253  -0.427    0.415   0.441   0.615
2026-05-31 12:24:11.248 DATA REST  -3.012  -3.012  -3.012   -0.283  -0.308  -0.479   -2.729  -2.704  -2.533
2026-05-31 12:24:11.258 DATA REST  -5.898  -5.898  -5.898   -0.395  -0.420  -0.587   -5.503  -5.478  -5.311
2026-05-31 12:24:11.268 DATA REST   2.008   3.883   3.890   -0.347  -0.334  -0.497    2.355   4.217   4.388
2026-05-31 12:24:11.278 DATA REST   3.639   3.639   3.639   -0.267  -0.254  -0.415    3.906   3.893   4.054
2026-05-31 12:24:11.288 DATA REST   1.004   1.004   1.004   -0.242  -0.229  -0.386    1.246   1.233   1.390
2026-05-31 12:24:11.298 DATA REST  -5.459  -5.459  -5.459   -0.346  -0.334  -0.488   -5.113  -5.125  -4.971
2026-05-31 12:24:11.308 DATA REST   2.133   2.133   2.133   -0.296  -0.284  -0.435    2.430   2.418   2.569
2026-05-31 12:24:11.318 DATA REST  -3.890  -3.890  -3.890   -0.368  -0.356  -0.504   -3.522  -3.534  -3.386
2026-05-31 12:24:11.328 DATA REST   1.882   1.882   1.882   -0.323  -0.312  -0.457    2.206   2.194   2.339
2026-05-31 12:24:11.338 DATA REST  -7.530  -7.530  -7.530   -0.467  -0.456  -0.598   -7.062  -7.074  -6.931
2026-05-31 12:24:11.348 DATA REST  -3.326  -3.326  -3.326   -0.525  -0.513  -0.653   -2.801  -2.812  -2.673
2026-05-31 12:24:11.358 DATA REST  -6.024   2.259   2.259   -0.635  -0.458  -0.594   -5.389   2.717   2.853
2026-05-31 12:24:11.368 DATA REST  -2.573  -2.573  -2.573   -0.673  -0.500  -0.634   -1.899  -2.072  -1.939
2026-05-31 12:24:11.378 DATA REST  -4.392  -4.392  -4.392   -0.748  -0.578  -0.709   -3.645  -3.814  -3.683
2026-05-31 12:24:11.388 DATA REST  -5.459  -5.459  -5.459   -0.842  -0.676  -0.804   -4.617  -4.783  -4.655
2026-05-31 12:24:11.398 DATA REST  -7.781  -7.781  -7.781   -0.981  -0.818  -0.944   -6.800  -6.963  -6.837
2026-05-31 12:24:11.408 DATA REST   4.204   4.204   4.204   -0.877  -0.717  -0.841    5.081   4.921   5.045
2026-05-31 12:24:11.418 DATA REST   6.714   6.714   6.714   -0.725  -0.569  -0.690    7.439   7.282   7.403
2026-05-31 12:24:11.428 DATA REST  -2.698  -2.698  -2.698   -0.765  -0.611  -0.730   -1.934  -2.087  -1.968
2026-05-31 12:24:11.438 DATA REST  -4.079  -4.079  -4.079   -0.831  -0.681  -0.797   -3.248  -3.398  -3.282
2026-05-31 12:24:11.448 DATA REST  -6.909  -6.902  -6.902   -0.953  -0.805  -0.919   -5.957  -6.097  -5.983
2026-05-31 12:24:11.458 DATA REST   5.961   5.961   5.961   -0.814  -0.670  -0.781    6.775   6.631   6.742
2026-05-31 12:24:11.468 DATA REST  -0.251  -0.251  -0.251   -0.803  -0.661  -0.771    0.552   0.410   0.520
2026-05-31 12:24:11.478 DATA REST  -7.906  -7.906  -7.906   -0.945  -0.806  -0.913   -6.961  -7.100  -6.993
2026-05-31 12:24:11.513 DATA REST  -3.326  -3.326  -3.326   -0.993  -0.857  -0.962   -2.333  -2.469  -2.364
2026-05-31 12:24:11.523 DATA REST  -4.643  -4.643  -4.643   -1.066  -0.932  -1.035   -3.578  -3.711  -3.608
2026-05-31 12:24:11.533 DATA REST  -4.832  -4.832  -4.832   -1.141  -1.010  -1.111   -3.691  -3.821  -3.720
2026-05-31 12:24:11.543 DATA REST  -4.832  -4.832  -4.832   -1.215  -1.087  -1.186   -3.617  -3.745  -3.646
2026-05-31 12:24:11.553 DATA REST   4.455   4.455   4.455   -1.101  -0.976  -1.073    5.556   5.431   5.528
2026-05-31 12:24:11.563 DATA REST  -2.259  -2.259  -2.259   -1.125  -1.002  -1.097   -1.134  -1.257  -1.162
2026-05-31 12:24:11.573 DATA REST   2.447   2.447   2.447   -1.053  -0.933  -1.026    3.500   3.380   3.473
2026-05-31 12:24:11.583 DATA REST   7.969   7.969   7.969   -0.873  -0.755  -0.846    8.841   8.723   8.814
2026-05-31 12:24:11.593 DATA REST   0.188   0.188   0.188   -0.851  -0.736  -0.825    1.040   0.924   1.013
2026-05-31 12:24:11.603 DATA REST  -1.443  -1.443  -3.443   -0.863  -0.750  -0.877   -0.580  -0.693  -2.566
2026-05-31 12:24:11.613 DATA REST  -5.020  -5.020  -5.020   -0.946  -0.835  -0.960   -4.073  -4.184  -4.059
2026-05-31 12:24:11.623 DATA REST  -7.028  -7.028  -7.028   -1.068  -0.959  -1.082   -5.960  -6.068  -5.946
2026-05-31 12:24:11.633 DATA REST   6.902   6.902   6.902   -0.909  -0.802  -0.922    7.811   7.704   7.824
2026-05-31 12:24:11.643 DATA REST  -3.326  -3.326  -3.326   -0.957  -0.852  -0.970   -2.369  -2.473  -2.356
2026-05-31 12:24:11.653 DATA REST   3.074   3.074   3.074   -0.876  -0.774  -0.889    3.951   3.848   3.964
2026-05-31 12:24:11.663 DATA REST   2.886   2.886   2.886   -0.801  -0.701  -0.814    3.687   3.587   3.700
2026-05-31 12:24:11.673 DATA REST   3.200   3.200   3.200   -0.721  -0.623  -0.733    3.921   3.823   3.933
2026-05-31 12:24:11.683 DATA REST   5.396   5.396   5.396   -0.599  -0.502  -0.611    5.995   5.898   6.007
2026-05-31 12:24:11.693 DATA REST   7.278   7.278   6.902   -0.441  -0.347  -0.461    7.720   7.625   7.362
2026-05-31 12:24:11.703 DATA REST   5.396   5.396   5.396   -0.324  -0.232  -0.343    5.720   5.628   5.739
2026-05-31 12:24:11.713 DATA REST   6.337   6.337   6.337   -0.191  -0.100  -0.210    6.528   6.438   6.547
2026-05-31 12:24:11.723 DATA REST   5.396   5.396   5.396   -0.080   0.009  -0.098    5.476   5.387   5.494
2026-05-31 12:24:11.733 DATA REST   6.023   6.023   6.023    0.043   0.130   0.025    5.981   5.894   5.999
2026-05-31 12:24:11.743 DATA REST  -1.381  -1.381  -1.381    0.014   0.100  -0.003   -1.395  -1.480  -1.377
2026-05-31 12:24:11.753 DATA REST   5.521   5.521   5.521    0.124   0.208   0.107    5.397   5.314   5.414
2026-05-31 12:24:11.763 DATA REST   5.710   5.710   5.710    0.236   0.318   0.219    5.474   5.392   5.491
2026-05-31 12:24:11.773 DATA REST  -0.188  -0.188  -0.188    0.227   0.308   0.211   -0.416  -0.496  -0.399
2026-05-31 12:24:11.783 DATA REST  -6.400  -0.838  -0.816    0.095   0.285   0.190   -6.495  -1.123  -1.006
2026-05-31 12:24:11.793 DATA REST   0.941   0.941   0.941    0.112   0.298   0.205    0.829   0.643   0.736
2026-05-31 12:24:11.803 DATA REST  -5.961  -5.961  -5.961   -0.010   0.173   0.082   -5.951  -6.134  -6.043
2026-05-31 12:24:11.813 DATA REST   7.153   7.153   7.153    0.134   0.312   0.224    7.019   6.840   6.929
2026-05-31 12:24:11.823 DATA REST  -3.137  -3.137  -3.137    0.068   0.243   0.156   -3.206  -3.381  -3.294
2026-05-31 12:24:11.833 DATA REST   4.957   4.957   4.957    0.166   0.338   0.252    4.791   4.619   4.704
2026-05-31 12:24:11.843 DATA REST  -5.835  -5.835  -5.835    0.046   0.214   0.131   -5.881  -6.050  -5.966
2026-05-31 12:24:11.853 DATA REST   2.949   2.949   2.949    0.104   0.269   0.187    2.845   2.680   2.762
2026-05-31 12:24:11.863 DATA REST   6.525   6.525   6.525    0.232   0.394   0.314    6.293   6.131   6.212
2026-05-31 12:24:11.873 DATA REST   5.710   0.502   0.502    0.342   0.396   0.317    5.368   0.106   0.184
2026-05-31 12:24:11.883 DATA REST  -4.455  -4.455  -4.455    0.246   0.299   0.222   -4.701  -4.754  -4.677
2026-05-31 12:24:11.893 DATA REST   1.569   1.569   1.569    0.272   0.325   0.249    1.296   1.244   1.320
2026-05-31 12:24:11.903 DATA REST  -0.628  -0.628  -0.628    0.254   0.306   0.231   -0.882  -0.933  -0.859
2026-05-31 12:24:11.913 DATA REST  -6.526  -6.526  -6.526    0.119   0.169   0.096   -6.645  -6.695  -6.622
2026-05-31 12:24:11.923 DATA REST   7.216   7.216   7.216    0.261   0.310   0.239    6.955   6.906   6.977
2026-05-31 12:24:11.933 DATA REST  -7.341  -7.341  -7.341    0.109   0.157   0.087   -7.450  -7.498  -7.428
2026-05-31 12:24:11.943 DATA REST  -0.753  -0.753  -0.753    0.092   0.139   0.070   -0.845  -0.892  -0.823
2026-05-31 12:24:11.953 DATA REST  -6.839  -6.839  -6.839   -0.047  -0.001  -0.068   -6.792  -6.838  -6.771
2026-05-31 12:24:11.963 DATA REST   1.251   1.255   1.255   -0.021   0.024  -0.041    1.273   1.231   1.296
2026-05-31 12:24:11.973 DATA REST   1.631   1.631   1.631    0.012   0.056  -0.008    1.619   1.575   1.639
2026-05-31 12:24:11.983 DATA REST   2.573   2.573   2.573    0.063   0.107   0.044    2.509   2.466   2.529
2026-05-31 12:24:12.017 DATA REST  -6.024  -6.024  -6.024   -0.059  -0.016  -0.078   -5.965  -6.008  -5.946
2026-05-31 12:24:12.027 DATA REST  -7.279  -7.279  -7.279   -0.203  -0.161  -0.222   -7.076  -7.117  -7.057
2026-05-31 12:24:12.037 DATA REST   5.772   5.772   5.772   -0.083  -0.043  -0.102    5.856   5.815   5.874
2026-05-31 12:24:12.047 DATA REST  -5.396  -5.396  -5.396   -0.190  -0.150  -0.208   -5.207  -5.247  -5.188
2026-05-31 12:24:12.057 DATA REST   2.949   2.949   2.949   -0.127  -0.088  -0.145    3.076   3.037   3.094
2026-05-31 12:24:12.067 DATA REST   1.882   1.882   1.882   -0.087  -0.048  -0.104    1.969   1.931   1.986
2026-05-31 12:24:12.077 DATA REST   5.145   5.145  -2.730    0.018   0.056  -0.157    5.127   5.089  -2.573
2026-05-31 12:24:12.087 DATA REST  -6.212  -6.212  -6.212   -0.107  -0.070  -0.278   -6.105  -6.142  -5.934
2026-05-31 12:24:12.097 DATA REST  -3.263  -3.263  -3.263   -0.170  -0.134  -0.337   -3.093  -3.129  -2.926
2026-05-31 12:24:12.107 DATA REST  -4.455  -4.455  -4.455   -0.256  -0.220  -0.420   -4.200  -4.235  -4.035
2026-05-31 12:24:12.117 DATA REST   4.016   4.016   4.016   -0.170  -0.135  -0.331    4.186   4.151   4.347
2026-05-31 12:24:12.127 DATA REST  -3.828  -3.828  -3.828   -0.243  -0.209  -0.401   -3.584  -3.619  -3.427
2026-05-31 12:24:12.137 DATA REST  -3.702  -3.702  -3.702   -0.312  -0.279  -0.467   -3.390  -3.423  -3.235
2026-05-31 12:24:12.147 DATA REST   1.067   1.067   1.067   -0.285  -0.252  -0.436    1.352   1.319   1.503
2026-05-31 12:24:12.157 DATA REST   5.208   5.208   5.208   -0.175  -0.143  -0.323    5.383   5.351   5.531
2026-05-31 12:24:12.167 DATA REST   2.133   2.133  -4.929   -0.129  -0.097  -0.416    2.262   2.231  -4.514
2026-05-31 12:24:12.177 DATA REST  -7.655  -7.655  -7.655   -0.279  -0.249  -0.560   -7.376  -7.407  -7.095
2026-05-31 12:24:12.187 DATA REST   2.196   2.196   2.196   -0.230  -0.200  -0.505    2.426   2.396   2.701
2026-05-31 12:24:12.197 DATA REST   1.820   1.820   1.820   -0.189  -0.159  -0.459    2.008   1.979   2.278
2026-05-31 12:24:12.207 DATA REST   6.839   6.839   6.839   -0.048  -0.019  -0.313    6.887   6.858   7.152
2026-05-31 12:24:12.217 DATA REST   1.443   1.443   1.443   -0.019   0.010  -0.278    1.462   1.433   1.721
2026-05-31 12:24:12.227 DATA REST   0.314   0.314   0.314   -0.012   0.016  -0.266    0.326   0.298   0.580
2026-05-31 12:24:12.237 DATA REST   7.153   7.153   7.153    0.131   0.159  -0.117    7.021   6.994   7.270
2026-05-31 12:24:12.247 DATA REST  -3.890  -3.890  -3.890    0.051   0.078  -0.193   -3.941  -3.968  -3.697
2026-05-31 12:24:12.257 DATA REST  -0.565   6.060   6.023    0.039   0.197  -0.069   -0.604   5.863   6.092
2026-05-31 12:24:12.267 DATA REST   0.565   0.565   0.565    0.049   0.205  -0.056    0.515   0.360   0.621
2026-05-31 12:24:12.277 DATA REST   0.439   0.439   0.439    0.057   0.209  -0.046    0.382   0.230   0.485
2026-05-31 12:24:12.287 DATA REST   5.082   5.082   5.082    0.158   0.307   0.057    4.925   4.775   5.026
2026-05-31 12:24:12.297 DATA REST  -5.145  -5.145  -5.145    0.051   0.198  -0.047   -5.197  -5.343  -5.098
2026-05-31 12:24:12.307 DATA REST  -3.388  -3.388  -3.388   -0.017   0.126  -0.114   -3.371  -3.515  -3.274
2026-05-31 12:24:12.317 DATA REST  -3.012  -3.012  -3.012   -0.077   0.063  -0.172   -2.935  -3.075  -2.840
2026-05-31 12:24:12.327 DATA REST  -4.079  -4.079  -4.079   -0.157  -0.019  -0.250   -3.921  -4.059  -3.828
2026-05-31 12:24:12.337 DATA REST  -1.694  -1.694  -1.694   -0.188  -0.053  -0.279   -1.506  -1.641  -1.415
2026-05-31 12:24:12.347 DATA REST   0.125   7.216   7.216   -0.182   0.092  -0.129    0.307   7.123   7.345
2026-05-31 12:24:12.357 DATA REST   3.263   3.263   3.263   -0.113   0.156  -0.062    3.376   3.107   3.324
2026-05-31 12:24:12.367 DATA REST   0.690   0.690   0.690   -0.097   0.167  -0.046    0.787   0.524   0.737
2026-05-31 12:24:12.377 DATA REST  -5.396  -5.396  -5.396   -0.203   0.055  -0.153   -5.193  -5.452  -5.243
2026-05-31 12:24:12.387 DATA REST  -7.906  -7.906  -7.906   -0.357  -0.104  -0.309   -7.549  -7.802  -7.597
2026-05-31 12:24:12.397 DATA REST   0.314   0.314   0.314   -0.343  -0.096  -0.296    0.657   0.409   0.610
2026-05-31 12:24:12.407 DATA REST  -6.086  -6.086  -6.086   -0.458  -0.215  -0.412   -5.628  -5.871  -5.675
2026-05-31 12:24:12.417 DATA REST   3.765   3.765   3.765   -0.374  -0.136  -0.328    4.138   3.900   4.093
2026-05-31 12:24:12.427 DATA REST  -0.251  -0.251  -0.251   -0.371  -0.138  -0.327    0.120  -0.113   0.076
2026-05-31 12:24:12.437 DATA REST   2.365   2.322   2.322   -0.317  -0.089  -0.274    2.681   2.410   2.595
2026-05-31 12:24:12.447 DATA REST  -4.706  -4.706  -4.706   -0.404  -0.181  -0.363   -4.302  -4.525  -4.344
2026-05-31 12:24:12.457 DATA REST   3.514   3.514   3.514   -0.326  -0.107  -0.285    3.840   3.621   3.799
2026-05-31 12:24:12.467 DATA REST  -7.969  -7.969  -7.969   -0.479  -0.265  -0.439   -7.490  -7.704  -7.530
2026-05-31 12:24:12.477 DATA REST   2.322   2.322   2.322   -0.423  -0.213  -0.383    2.744   2.534   2.705
2026-05-31 12:24:12.487 DATA REST   2.008   2.008   2.008   -0.374  -0.168  -0.336    2.382   2.176   2.343
2026-05-31 12:24:12.522 DATA REST  -6.086  -6.086  -6.086   -0.489  -0.287  -0.451   -5.598  -5.800  -5.636
2026-05-31 12:24:12.532 DATA REST   7.467   7.467   7.467   -0.329  -0.132  -0.292    7.796   7.598   7.759
2026-05-31 12:24:12.542 DATA REST  -2.949  -2.949  -2.949   -0.382  -0.188  -0.345   -2.567  -2.761  -2.604
2026-05-31 12:24:12.552 DATA REST  -7.530  -7.530  -7.530   -0.525  -0.335  -0.489   -7.005  -7.195  -7.040
2026-05-31 12:24:12.562 DATA REST   6.023   6.023   6.023   -0.394  -0.208  -0.359    6.417   6.231   6.382
2026-05-31 12:24:12.572 DATA REST  -4.204  -4.204  -4.204   -0.470  -0.288  -0.436   -3.734  -3.916  -3.768
2026-05-31 12:24:12.582 DATA REST  -6.337  -6.337  -6.337   -0.587  -0.409  -0.554   -5.750  -5.929  -5.784
2026-05-31 12:24:12.592 DATA REST  -7.969  -7.969   0.063   -0.735  -0.560  -0.541   -7.234  -7.409   0.604
2026-05-31 12:24:12.602 DATA REST   5.647   5.647   5.647   -0.607  -0.436  -0.418    6.254   6.083   6.065
2026-05-31 12:24:12.612 DATA REST  -4.141  -4.141  -4.141   -0.678  -0.510  -0.492   -3.463  -3.631  -3.649
2026-05-31 12:24:12.622 DATA REST   5.647   5.647   5.647   -0.552  -0.387  -0.369    6.199   6.034   6.016
2026-05-31 12:24:12.632 DATA REST  -6.651  -6.651  -6.651   -0.674  -0.512  -0.495   -5.978  -6.139  -6.156
2026-05-31 12:24:12.642 DATA REST  -2.385  -2.385  -2.385   -0.708  -0.549  -0.533   -1.677  -1.835  -1.852
2026-05-31 12:24:12.652 DATA REST   5.145   5.145   5.145   -0.591  -0.436  -0.419    5.736   5.581   5.564
2026-05-31 12:24:12.662 DATA REST  -4.894  -4.894  -4.894   -0.677  -0.525  -0.509   -4.218  -4.370  -4.386
2026-05-31 12:24:12.672 DATA REST   3.137   3.137   3.137   -0.601  -0.452  -0.436    3.738   3.589   3.573
2026-05-31 12:24:12.682 DATA REST  -7.592  -5.530  -5.522   -0.740  -0.553  -0.538   -6.852  -4.977  -4.984
2026-05-31 12:24:12.692 DATA REST  -1.067  -1.067  -1.067   -0.747  -0.563  -0.548   -0.320  -0.504  -0.519
2026-05-31 12:24:12.702 DATA REST  -3.326  -3.326  -3.326   -0.798  -0.619  -0.604   -2.527  -2.707  -2.722
2026-05-31 12:24:12.712 DATA REST   7.529   7.529   7.529   -0.632  -0.456  -0.441    8.161   7.985   7.970
2026-05-31 12:24:12.722 DATA REST  -6.714  -6.714  -6.714   -0.754  -0.581  -0.566   -5.960  -6.133  -6.147
2026-05-31 12:24:12.732 DATA REST   1.004   1.004   1.004   -0.718  -0.549  -0.535    1.722   1.553   1.539
2026-05-31 12:24:12.742 DATA REST  -1.632  -1.632  -1.632   -0.737  -0.571  -0.557   -0.895  -1.061  -1.075
2026-05-31 12:24:12.752 DATA REST  -6.714  -6.714  -6.714   -0.856  -0.694  -0.680   -5.858  -6.020  -6.034
2026-05-31 12:24:12.762 DATA REST  -4.330  -4.330  -4.330   -0.926  -0.766  -0.753   -3.404  -3.563  -3.576
2026-05-31 12:24:12.772 DATA REST   5.835  -1.067  -1.067   -0.790  -0.772  -0.759    6.626  -0.295  -0.307
2026-05-31 12:24:12.782 DATA REST   6.400   6.400   6.400   -0.647  -0.629  -0.616    7.047   7.029   7.016
2026-05-31 12:24:12.792 DATA REST   4.016   4.016   4.016   -0.553  -0.536  -0.524    4.569   4.552   4.539
2026-05-31 12:24:12.802 DATA REST   5.584   5.584   5.584   -0.431  -0.414  -0.401    6.015   5.998   5.986
2026-05-31 12:24:12.812 DATA REST  -2.322  -2.322  -2.322   -0.468  -0.452  -0.440   -1.853  -1.870  -1.882
2026-05-31 12:24:12.822 DATA REST   1.192   1.192   1.192   -0.435  -0.419  -0.407    1.627   1.611   1.599
2026-05-31 12:24:12.832 DATA REST   4.831   4.831   4.831   -0.330  -0.314  -0.302    5.161   5.145   5.134
2026-05-31 12:24:12.842 DATA REST  -4.016  -4.016  -4.016   -0.404  -0.388  -0.377   -3.612  -3.628  -3.639
2026-05-31 12:24:12.852 DATA REST   1.129   1.129   1.129   -0.373  -0.358  -0.347    1.502   1.487   1.476
2026-05-31 12:24:12.862 DATA REST   4.145   4.141   4.141   -0.283  -0.268  -0.257    4.427   4.409   4.398
2026-05-31 12:24:12.872 DATA REST  -4.455  -4.455  -4.455   -0.366  -0.351  -0.341   -4.089  -4.104  -4.114
2026-05-31 12:24:12.882 DATA REST   0.690   0.690   0.690   -0.345  -0.331  -0.320    1.035   1.021   1.010
2026-05-31 12:24:12.892 DATA REST   6.714   6.714   6.714   -0.204  -0.190  -0.179    6.917   6.903   6.893
2026-05-31 12:24:12.902 DATA REST   6.149   6.149   6.149   -0.077  -0.063  -0.053    6.226   6.212   6.202
2026-05-31 12:24:12.912 DATA REST  -6.149  -6.149  -6.149   -0.198  -0.185  -0.175   -5.951  -5.965  -5.974
2026-05-31 12:24:12.922 DATA REST   0.941   0.941   0.941   -0.175  -0.162  -0.153    1.117   1.103   1.094
2026-05-31 12:24:12.932 DATA REST   1.318   1.318   1.318   -0.146  -0.132  -0.123    1.463   1.450   1.441
2026-05-31 12:24:12.942 DATA REST  -7.781  -7.781  -7.781   -0.298  -0.285  -0.276   -7.482  -7.495  -7.504
2026-05-31 12:24:12.952 DATA REST   5.082   5.082   5.082   -0.191  -0.178  -0.169    5.273   5.260   5.251
2026-05-31 12:24:12.962 DATA REST   7.278   7.278   7.278   -0.041  -0.029  -0.020    7.320   7.307   7.298
2026-05-31 12:24:12.972 DATA REST  -0.314  -0.314  -0.314   -0.047  -0.035  -0.026   -0.267  -0.279  -0.288
2026-05-31 12:24:12.982 DATA REST  -2.510  -2.510  -2.510   -0.096  -0.084  -0.076   -2.414  -2.426  -2.434
2026-05-31 12:24:12.992 DATA REST  -0.063  -0.063  -0.063   -0.095  -0.084  -0.075    0.032   0.021   0.012
2026-05-31 12:24:13.027 DATA REST   6.463   6.463   6.463    0.036   0.047   0.055    6.427   6.415   6.407
2026-05-31 12:24:13.037 DATA REST   1.569   1.569   1.569    0.067   0.078   0.086    1.502   1.491   1.483
2026-05-31 12:24:13.047 DATA REST  -5.522  -5.522  -5.522   -0.045  -0.034  -0.027   -5.476  -5.487  -5.495
2026-05-31 12:24:13.057 DATA REST   0.627   0.627   0.627   -0.032  -0.021  -0.013    0.659   0.649   0.641
2026-05-31 12:24:13.067 DATA REST  -1.130  -1.130  -1.130   -0.054  -0.043  -0.036   -1.076  -1.086  -1.094
2026-05-31 12:24:13.077 DATA REST  -3.953  -3.953  -3.953   -0.132  -0.122  -0.114   -3.821  -3.832  -3.839
2026-05-31 12:24:13.087 DATA REST   6.023   6.023   6.023   -0.009   0.001   0.009    6.032   6.022   6.015
2026-05-31 12:24:13.097 DATA REST  -1.820  -1.820  -1.820   -0.045  -0.035  -0.028   -1.775  -1.785  -1.792
2026-05-31 12:24:13.107 DATA REST   7.404   4.779   4.769    0.104   0.061   0.068    7.300   4.718   4.701
2026-05-31 12:24:13.117 DATA REST   0.188   0.188   0.188    0.106   0.064   0.070    0.082   0.124   0.118
2026-05-31 12:24:13.127 DATA REST   7.780   7.780   7.780    0.259   0.218   0.225    7.521   7.562   7.556
2026-05-31 12:24:13.137 DATA REST   3.514   3.514   3.514    0.324   0.284   0.290    3.189   3.230   3.223
2026-05-31 12:24:13.147 DATA REST  -7.404  -7.404  -7.404    0.170   0.130   0.136   -7.574  -7.534  -7.540
2026-05-31 12:24:13.157 DATA REST   4.141   4.141   4.141    0.249   0.210   0.217    3.892   3.931   3.925
2026-05-31 12:24:13.167 DATA REST   3.137   3.137   3.137    0.307   0.269   0.275    2.830   2.868   2.862
2026-05-31 12:24:13.177 DATA REST   6.902   6.902   6.902    0.439   0.402   0.407    6.463   6.500   6.494
2026-05-31 12:24:13.187 DATA REST   0.439   0.439   0.439    0.439   0.402   0.408    0.000   0.037   0.031
2026-05-31 12:24:13.197 DATA REST  -3.200  -5.396  -5.396    0.366   0.286   0.292   -3.566  -5.683  -5.688
2026-05-31 12:24:13.207 DATA REST   1.631   1.631   1.631    0.391   0.313   0.319    1.240   1.318   1.313
2026-05-31 12:24:13.217 DATA REST   0.063   0.063   0.063    0.385   0.308   0.314   -0.322  -0.246  -0.251
2026-05-31 12:24:13.227 DATA REST  -2.635  -2.635  -2.635    0.324   0.249   0.255   -2.960  -2.885  -2.890
2026-05-31 12:24:13.237 DATA REST  -2.071  -2.071  -2.071    0.277   0.203   0.208   -2.347  -2.274  -2.279
2026-05-31 12:24:13.247 DATA REST   0.063   0.063   0.063    0.272   0.200   0.205   -0.210  -0.137  -0.143
2026-05-31 12:24:13.257 DATA REST  -2.510  -2.510  -2.510    0.217   0.146   0.151   -2.727  -2.656  -2.661
2026-05-31 12:24:13.267 DATA REST  -6.463  -6.463  -6.463    0.083   0.014   0.019   -6.546  -6.477  -6.482
2026-05-31 12:24:13.277 DATA REST   1.067   1.067   1.067    0.103   0.035   0.040    0.964   1.032   1.027
2026-05-31 12:24:13.287 DATA REST   0.356   0.314   0.314    0.108   0.040   0.045    0.248   0.273   0.269
2026-05-31 12:24:13.297 DATA REST  -0.753  -0.753  -0.753    0.091   0.025   0.029   -0.844  -0.778  -0.782
2026-05-31 12:24:13.307 DATA REST  -5.898  -5.898  -5.898   -0.029  -0.094  -0.089   -5.869  -5.804  -5.809
2026-05-31 12:24:13.317 DATA REST   5.082   5.082   5.082    0.073   0.010   0.014    5.009   5.073   5.068
2026-05-31 12:24:13.327 DATA REST   3.702   3.702   3.702    0.146   0.084   0.088    3.556   3.618   3.614
2026-05-31 12:24:13.337 DATA REST   2.635   2.635   2.635    0.195   0.135   0.139    2.440   2.501   2.496
2026-05-31 12:24:13.347 DATA REST   0.000   0.000   0.000    0.191   0.132   0.136   -0.191  -0.132  -0.136
2026-05-31 12:24:13.357 DATA REST  -1.130  -1.130  -1.130    0.165   0.107   0.111   -1.295  -1.236  -1.240
2026-05-31 12:24:13.367 DATA REST  -1.506  -1.506  -1.506    0.132   0.074   0.078   -1.638  -1.580  -1.584
2026-05-31 12:24:13.377 DATA REST   1.255   1.255   1.255    0.154   0.098   0.102    1.101   1.157   1.153
2026-05-31 12:24:13.387 DATA REST   6.086   6.086   6.086    0.273   0.218   0.222    5.813   5.868   5.865
2026-05-31 12:24:13.397 DATA REST   3.827   3.827   3.827    0.344   0.290   0.294    3.484   3.537   3.534
2026-05-31 12:24:13.407 DATA REST  -4.392  -4.392  -4.392    0.249   0.196   0.200   -4.641  -4.589  -4.592
2026-05-31 12:24:13.417 DATA REST   0.439   0.439   0.439    0.253   0.201   0.205    0.186   0.238   0.234
2026-05-31 12:24:13.427 DATA REST   1.380   1.380   1.380    0.275   0.225   0.228    1.105   1.156   1.152
2026-05-31 12:24:13.437 DATA REST  -6.965  -6.965  -6.965    0.131   0.081   0.084   -7.095  -7.046  -7.049
2026-05-31 12:24:13.447 DATA REST   3.325   3.325   3.325    0.195   0.146   0.149    3.131   3.180   3.176
2026-05-31 12:24:13.457 DATA REST  -7.153  -7.153  -7.153    0.048  -0.000   0.003   -7.201  -7.153  -7.156
2026-05-31 12:24:13.458 PROMPT shake_start cycle=6
2026-05-31 12:24:13.492 DATA SHAKE   7.090   7.090   7.090    0.188   0.142   0.145    6.902   6.948   6.945
2026-05-31 12:24:13.502 DATA SHAKE  -0.628  -0.628  -0.628    0.172   0.126   0.129   -0.800  -0.754  -0.757
2026-05-31 12:24:13.512 DATA SHAKE   0.125   0.125   0.125    0.171   0.126   0.129   -0.046  -0.001  -0.004
2026-05-31 12:24:13.522 DATA SHAKE   2.384   2.384   2.384    0.215   0.171   0.174    2.169   2.213   2.210
2026-05-31 12:24:13.532 DATA SHAKE  -1.694   0.993   0.941    0.177   0.188   0.190   -1.872   0.805   0.751
2026-05-31 12:24:13.542 DATA SHAKE   2.635   2.635   2.635    0.226   0.237   0.239    2.409   2.398   2.397
2026-05-31 12:24:13.552 DATA SHAKE  -6.965  -6.965  -6.965    0.083   0.093   0.095   -7.047  -7.058  -7.059
2026-05-31 12:24:13.562 DATA SHAKE   0.063   0.063   0.063    0.082   0.092   0.094   -0.019  -0.029  -0.031
2026-05-31 12:24:13.572 DATA SHAKE   2.510   2.510   2.510    0.131   0.141   0.142    2.379   2.369   2.367
2026-05-31 12:24:13.582 DATA SHAKE  -4.769  -4.769  -4.769    0.033   0.042   0.044   -4.802  -4.811  -4.813
2026-05-31 12:24:13.592 DATA SHAKE  -6.965  -6.965  -6.965   -0.107  -0.098  -0.096   -6.858  -6.867  -6.869
2026-05-31 12:24:13.602 DATA SHAKE  -6.777  -6.777  -6.777   -0.241  -0.231  -0.230   -6.536  -6.545  -6.547
2026-05-31 12:24:13.612 DATA SHAKE  -0.565  -0.565  -0.565   -0.247  -0.238  -0.236   -0.318  -0.327  -0.329
2026-05-31 12:24:13.622 DATA SHAKE   5.961   2.447   2.447   -0.123  -0.184  -0.183    6.084   2.631   2.630
2026-05-31 12:24:13.632 DATA SHAKE  -4.832  -4.832  -4.832   -0.217  -0.277  -0.276   -4.614  -4.554  -4.556
2026-05-31 12:24:13.642 DATA SHAKE  -3.890  -3.890  -3.890   -0.291  -0.350  -0.348   -3.600  -3.541  -3.542
2026-05-31 12:24:13.652 DATA SHAKE  -5.773  -5.773  -5.773   -0.400  -0.458  -0.456   -5.372  -5.315  -5.316
2026-05-31 12:24:13.662 DATA SHAKE  -5.333  -5.333  -5.333   -0.499  -0.556  -0.554   -4.835  -4.778  -4.779
2026-05-31 12:24:13.672 DATA SHAKE  -4.769  -4.769  -4.769   -0.584  -0.640  -0.638   -4.185  -4.129  -4.130
2026-05-31 12:24:13.682 DATA SHAKE  -7.153  -7.153  -7.153   -0.716  -0.770  -0.769   -6.437  -6.383  -6.384
2026-05-31 12:24:13.692 DATA SHAKE   6.651   6.651   6.651   -0.568  -0.622  -0.620    7.219   7.273   7.271
2026-05-31 12:24:13.702 DATA SHAKE   1.882   1.882   1.882   -0.519  -0.572  -0.570    2.402   2.454   2.452
2026-05-31 12:24:13.712 DATA SHAKE  -3.455  -3.451  -3.451   -0.578  -0.629  -0.628   -2.877  -2.822  -2.823
2026-05-31 12:24:13.722 DATA SHAKE  -0.753  -0.753  -0.753   -0.582  -0.632  -0.630   -0.172  -0.122  -0.123
2026-05-31 12:24:13.732 DATA SHAKE   6.525   6.525   6.525   -0.439  -0.488  -0.487    6.965   7.014   7.013
2026-05-31 12:24:13.742 DATA SHAKE  -4.643  -4.643  -4.643   -0.523  -0.572  -0.570   -4.120  -4.072  -4.073
2026-05-31 12:24:13.752 DATA SHAKE   4.078   4.078   4.078   -0.431  -0.479  -0.477    4.510   4.557   4.556
2026-05-31 12:24:13.762 DATA SHAKE  -5.522  -5.522  -5.522   -0.533  -0.579  -0.578   -4.988  -4.942  -4.944
2026-05-31 12:24:13.772 DATA SHAKE   6.274   6.274   6.274   -0.397  -0.442  -0.441    6.671   6.717   6.716
2026-05-31 12:24:13.782 DATA SHAKE  -7.969  -7.969  -7.969   -0.549  -0.593  -0.592   -7.420  -7.376  -7.377
2026-05-31 12:24:13.792 DATA SHAKE   0.000   0.000   0.000   -0.538  -0.581  -0.580    0.538   0.581   0.580
2026-05-31 12:24:13.802 DATA SHAKE  -7.969  -7.969  -7.969   -0.686  -0.729  -0.728   -7.283  -7.240  -7.241
2026-05-31 12:24:13.812 DATA SHAKE  -5.898  -5.898  -5.898   -0.790  -0.832  -0.831   -5.108  -5.066  -5.067
2026-05-31 12:24:13.822 DATA SHAKE   2.698   2.698   2.698   -0.721  -0.762  -0.760    3.419   3.460   3.458
2026-05-31 12:24:13.832 DATA SHAKE   7.655   7.655   7.655   -0.553  -0.593  -0.592    8.208   8.248   8.247
2026-05-31 12:24:13.842 DATA SHAKE  -1.506  -1.506  -1.506   -0.572  -0.612  -0.610   -0.934  -0.895  -0.896
2026-05-31 12:24:13.852 DATA SHAKE   4.392   4.392   4.392   -0.473  -0.511  -0.510    4.865   4.904   4.903
2026-05-31 12:24:13.862 DATA SHAKE  -0.000  -0.000  -0.000   -0.463  -0.501  -0.500    0.463   0.501   0.500
2026-05-31 12:24:13.872 DATA SHAKE  -4.894  -4.894  -4.894   -0.552  -0.589  -0.588   -4.342  -4.305  -4.306
2026-05-31 12:24:13.882 DATA SHAKE  -7.090  -7.090  -7.090   -0.683  -0.719  -0.718   -6.408  -6.371  -6.372
2026-05-31 12:24:13.892 DATA SHAKE  -7.028  -7.028  -7.028   -0.810  -0.845  -0.844   -6.218  -6.182  -6.183
2026-05-31 12:24:13.902 DATA SHAKE  -5.271  -5.271  -5.271   -0.899  -0.934  -0.933   -4.372  -4.337  -4.338
2026-05-31 12:24:13.912 DATA SHAKE   7.592   7.592   7.592   -0.729  -0.763  -0.762    8.321   8.355   8.354
2026-05-31 12:24:13.922 DATA SHAKE  -6.024  -6.024  -6.024   -0.835  -0.868  -0.868   -5.189  -5.155  -5.156
2026-05-31 12:24:13.932 DATA SHAKE   4.894   4.894   4.894   -0.720  -0.753  -0.752    5.614   5.647   5.646
2026-05-31 12:24:13.942 DATA SHAKE  -7.718  -7.718  -7.718   -0.860  -0.893  -0.892   -6.857  -6.825  -6.826
2026-05-31 12:24:13.952 DATA SHAKE   4.392   4.392   4.392   -0.755  -0.787  -0.786    5.147   5.179   5.178
2026-05-31 12:24:13.962 DATA SHAKE  -6.714  -6.714  -6.714   -0.875  -0.905  -0.905   -5.839  -5.809  -5.809
2026-05-31 12:24:13.997 DATA SHAKE   2.573   2.573   2.573   -0.806  -0.836  -0.835    3.378   3.408   3.408
2026-05-31 12:24:14.007 DATA SHAKE   5.459   5.459   5.459   -0.680  -0.710  -0.709    6.139   6.169   6.168
2026-05-31 12:24:14.017 DATA SHAKE   5.271   5.271   5.271   -0.561  -0.590  -0.590    5.832   5.861   5.860
2026-05-31 12:24:14.027 DATA SHAKE  -4.832  -4.832  -4.832   -0.647  -0.675  -0.674   -4.185  -4.156  -4.157
2026-05-31 12:24:14.037 DATA SHAKE  -7.906  -7.906  -7.906   -0.792  -0.820  -0.819   -7.114  -7.086  -7.087
2026-05-31 12:24:14.047 DATA SHAKE   6.839  -7.279  -7.279   -0.639  -0.949  -0.948    7.478  -6.330  -6.330
2026-05-31 12:24:14.057 DATA SHAKE  -2.824  -2.824  -2.824   -0.683  -0.986  -0.986   -2.141  -1.837  -1.838
2026-05-31 12:24:14.067 DATA SHAKE   0.565   0.565   0.565   -0.658  -0.955  -0.955    1.223   1.520   1.519
2026-05-31 12:24:14.077 DATA SHAKE  -5.459  -5.459  -5.459   -0.754  -1.045  -1.045   -4.705  -4.414  -4.414
2026-05-31 12:24:14.087 DATA SHAKE   1.569   1.569   1.569   -0.708  -0.993  -0.993    2.276   2.562   2.561
2026-05-31 12:24:14.097 DATA SHAKE   1.380   1.380   1.380   -0.666  -0.946  -0.945    2.046   2.326   2.325
2026-05-31 12:24:14.107 DATA SHAKE   0.439   0.439   0.439   -0.644  -0.918  -0.917    1.083   1.357   1.357
2026-05-31 12:24:14.117 DATA SHAKE  -5.835  -5.835  -5.835   -0.748  -1.016  -1.016   -5.088  -4.819  -4.820
2026-05-31 12:24:14.127 DATA SHAKE  -2.134  -2.134  -2.134   -0.775  -1.039  -1.038   -1.358  -1.095  -1.095
2026-05-31 12:24:14.137 DATA SHAKE  -7.454  -7.467  -7.467   -0.909  -1.167  -1.167   -6.546  -6.300  -6.300
2026-05-31 12:24:14.147 DATA SHAKE   7.090   7.090   7.090   -0.749  -1.002  -1.002    7.839   8.092   8.092
2026-05-31 12:24:14.157 DATA SHAKE   4.769   4.769   4.769   -0.638  -0.887  -0.886    5.407   5.655   5.655
2026-05-31 12:24:14.167 DATA SHAKE   5.333   5.333   5.333   -0.519  -0.762  -0.762    5.852   6.096   6.095
2026-05-31 12:24:14.177 DATA SHAKE  -6.024  -6.024  -6.024   -0.629  -0.868  -0.867   -5.395  -5.156  -5.157
2026-05-31 12:24:14.187 DATA SHAKE   0.188   0.188   0.188   -0.613  -0.846  -0.846    0.801   1.035   1.034
2026-05-31 12:24:14.197 DATA SHAKE   3.576   3.576   3.576   -0.529  -0.758  -0.757    4.105   4.334   4.334
2026-05-31 12:24:14.207 DATA SHAKE  -1.506  -1.506  -1.506   -0.549  -0.773  -0.772   -0.958  -0.733  -0.734
2026-05-31 12:24:14.217 DATA SHAKE   5.521   5.521   5.521   -0.427  -0.647  -0.647    5.949   6.169   6.168
2026-05-31 12:24:14.227 DATA SHAKE   4.728   4.706   4.706   -0.324  -0.540  -0.539    5.052   5.246   5.245
2026-05-31 12:24:14.237 DATA SHAKE  -2.573  -2.573  -2.573   -0.369  -0.581  -0.580   -2.204  -1.992  -1.993
2026-05-31 12:24:14.247 DATA SHAKE  -6.337  -6.337  -6.337   -0.488  -0.696  -0.695   -5.849  -5.642  -5.642
2026-05-31 12:24:14.257 DATA SHAKE   2.071   2.071   2.071   -0.437  -0.640  -0.640    2.508   2.711   2.711
2026-05-31 12:24:14.267 DATA SHAKE  -4.455  -4.455  -4.455   -0.518  -0.717  -0.716   -3.937  -3.738  -3.739
2026-05-31 12:24:14.277 DATA SHAKE  -3.012  -3.012  -3.012   -0.567  -0.763  -0.762   -2.444  -2.249  -2.250
2026-05-31 12:24:14.287 DATA SHAKE   4.894   4.894   4.894   -0.458  -0.650  -0.649    5.352   5.544   5.543
2026-05-31 12:24:14.297 DATA SHAKE   7.153   7.153   7.153   -0.306  -0.493  -0.493    7.459   7.646   7.646
2026-05-31 12:24:14.307 DATA SHAKE   3.765   3.765   3.765   -0.225  -0.408  -0.408    3.989   4.173   4.173
2026-05-31 12:24:14.317 DATA SHAKE  -5.898  -5.898  -5.898   -0.338  -0.518  -0.518   -5.560  -5.380  -5.381
2026-05-31 12:24:14.327 DATA SHAKE  -1.506  -1.506  -1.506   -0.361  -0.538  -0.537   -1.145  -0.968  -0.969
2026-05-31 12:24:14.337 DATA SHAKE  -2.259  -2.259  -2.259   -0.399  -0.572  -0.572   -1.860  -1.687  -1.687
2026-05-31 12:24:14.347 DATA SHAKE   3.953   3.953   3.953   -0.312  -0.482  -0.481    4.265   4.435   4.434
2026-05-31 12:24:14.357 DATA SHAKE  -5.898  -5.898  -5.898   -0.424  -0.590  -0.590   -5.474  -5.308  -5.308
2026-05-31 12:24:14.367 DATA SHAKE   0.063   0.063   0.063   -0.414  -0.577  -0.577    0.477   0.640   0.639
2026-05-31 12:24:14.377 DATA SHAKE  -3.890  -3.890  -3.890   -0.484  -0.643  -0.643   -3.407  -3.247  -3.247
2026-05-31 12:24:14.387 DATA SHAKE   3.325   3.325   3.325   -0.408  -0.564  -0.564    3.733   3.889   3.889
2026-05-31 12:24:14.397 DATA SHAKE   5.710   5.710   5.710   -0.285  -0.438  -0.438    5.995   6.148   6.148
2026-05-31 12:24:14.407 DATA SHAKE   4.455   4.455   4.455   -0.191  -0.341  -0.340    4.645   4.795   4.795
2026-05-31 12:24:14.417 DATA SHAKE   4.141   4.141   4.141   -0.104  -0.251  -0.251    4.245   4.392   4.392
2026-05-31 12:24:14.427 DATA SHAKE   5.208   5.208   5.208    0.002  -0.142  -0.141    5.205   5.350   5.349
2026-05-31 12:24:14.437 DATA SHAKE   2.698   2.698   2.698    0.056  -0.085  -0.085    2.642   2.783   2.783
2026-05-31 12:24:14.447 DATA SHAKE   5.521   5.521   5.521    0.166   0.027   0.027    5.356   5.494   5.494
2026-05-31 12:24:14.457 DATA SHAKE  -6.965  -6.965  -6.965    0.023  -0.113  -0.112   -6.988  -6.852  -6.852
2026-05-31 12:24:14.467 DATA SHAKE   7.278   7.278   7.278    0.168   0.035   0.035    7.110   7.243   7.243
2026-05-31 12:24:14.502 DATA SHAKE   5.710   5.710   5.710    0.279   0.149   0.149    5.431   5.561   5.561
2026-05-31 12:24:14.512 DATA SHAKE   7.780   7.780   7.780    0.429   0.301   0.302    7.351   7.479   7.479
2026-05-31 12:24:14.522 DATA SHAKE   6.965   6.965   6.965    0.560   0.435   0.435    6.405   6.530   6.530
2026-05-31 12:24:14.532 DATA SHAKE   3.576   3.576   3.576    0.620   0.497   0.498    2.956   3.079   3.079
2026-05-31 12:24:14.542 DATA SHAKE  -5.333  -5.333  -5.333    0.501   0.381   0.381   -5.834  -5.714  -5.715
2026-05-31 12:24:14.552 DATA SHAKE  -4.957  -4.957  -4.957    0.392   0.274   0.274   -5.349  -5.231  -5.231
2026-05-31 12:24:14.562 DATA SHAKE  -4.329  -4.330  -4.330    0.297   0.182   0.182   -4.627  -4.511  -4.512
2026-05-31 12:24:14.572 DATA SHAKE  -7.467  -7.467  -7.467    0.142   0.029   0.029   -7.609  -7.496  -7.496
2026-05-31 12:24:14.582 DATA SHAKE   2.635   2.635   2.635    0.192   0.081   0.081    2.443   2.554   2.554
2026-05-31 12:24:14.592 DATA SHAKE   3.827   3.827   3.827    0.265   0.156   0.156    3.563   3.671   3.671
2026-05-31 12:24:14.602 DATA SHAKE  -4.832  -4.832  -4.832    0.163   0.056   0.056   -4.994  -4.888  -4.888
2026-05-31 12:24:14.612 DATA SHAKE  -7.153  -7.153  -7.153    0.016  -0.088  -0.088   -7.169  -7.065  -7.065
2026-05-31 12:24:14.622 DATA SHAKE   2.071   2.071   2.071    0.057  -0.045  -0.045    2.013   2.115   2.115
2026-05-31 12:24:14.632 DATA SHAKE  -4.392  -4.392  -4.392   -0.032  -0.132  -0.132   -4.361  -4.261  -4.261
2026-05-31 12:24:14.642 DATA SHAKE   0.188   0.188   0.188   -0.027  -0.125  -0.125    0.215   0.314   0.313
2026-05-31 12:24:14.652 DATA SHAKE   5.697   5.710   5.710    0.087  -0.009  -0.008    5.609   5.718   5.718
2026-05-31 12:24:14.662 DATA SHAKE   4.329   4.329   4.329    0.172   0.078   0.078    4.157   4.251   4.251
2026-05-31 12:24:14.672 DATA SHAKE  -7.781  -7.781  -7.781    0.013  -0.079  -0.079   -7.794  -7.701  -7.702
2026-05-31 12:24:14.682 DATA SHAKE   5.459   5.459   5.459    0.122   0.032   0.032    5.337   5.427   5.427
2026-05-31 12:24:14.692 DATA SHAKE  -5.773  -5.773  -5.773    0.004  -0.084  -0.084   -5.777  -5.688  -5.689
2026-05-31 12:24:14.702 DATA SHAKE   1.882   1.882   1.882    0.042  -0.045  -0.045    1.841   1.927   1.927
2026-05-31 12:24:14.712 DATA SHAKE   6.714   6.714   6.714    0.175   0.090   0.090    6.538   6.623   6.623
2026-05-31 12:24:14.722 DATA SHAKE  -3.012  -3.012  -3.012    0.111   0.028   0.028   -3.123  -3.040  -3.040
2026-05-31 12:24:14.732 DATA SHAKE   4.769   4.769   4.769    0.205   0.123   0.123    4.564   4.646   4.645
2026-05-31 12:24:14.742 DATA SHAKE   3.263   3.263   3.263    0.266   0.186   0.186    2.997   3.077   3.077
2026-05-31 12:24:14.752 DATA SHAKE   5.772   5.772   5.772    0.376   0.297   0.298    5.397   5.475   5.475
2026-05-31 12:24:14.762 DATA SHAKE   7.090   7.090   7.090    0.510   0.433   0.433    6.580   6.657   6.657
2026-05-31 12:24:14.772 DATA SHAKE  -3.514  -3.514  -3.514    0.430   0.354   0.355   -3.944  -3.868  -3.868
2026-05-31 12:24:14.782 DATA SHAKE  -7.655  -7.655  -7.655    0.268   0.194   0.194   -7.923  -7.849  -7.849
2026-05-31 12:24:14.792 DATA SHAKE   2.322   2.322   2.322    0.309   0.237   0.237    2.013   2.085   2.085
2026-05-31 12:24:14.802 DATA SHAKE  -3.828  -3.828  -3.828    0.226   0.155   0.156   -4.054  -3.983  -3.983
2026-05-31 12:24:14.812 DATA SHAKE  -0.879  -0.879  -0.879    0.204   0.135   0.135   -1.083  -1.013  -1.014
2026-05-31 12:24:14.822 DATA SHAKE   3.827   3.827   3.827    0.277   0.209   0.209    3.551   3.619   3.619
2026-05-31 12:24:14.832 DATA SHAKE   6.400   6.400   6.400    0.399   0.332   0.333    6.001   6.067   6.067
2026-05-31 12:24:14.842 DATA SHAKE  -3.765  -3.765  -3.765    0.316   0.250   0.251   -4.081  -4.015  -4.016
2026-05-31 12:24:14.852 DATA SHAKE  -6.086  -6.086  -6.086    0.188   0.124   0.124   -6.274  -6.210  -6.210
2026-05-31 12:24:14.862 DATA SHAKE   4.329   4.329   4.329    0.271   0.208   0.208    4.059   4.122   4.121
2026-05-31 12:24:14.872 DATA SHAKE  -5.710  -5.710  -5.710    0.151   0.089   0.090   -5.861  -5.799  -5.800
2026-05-31 12:24:14.882 DATA SHAKE   4.580   4.580   4.580    0.240   0.179   0.179    4.341   4.401   4.401
2026-05-31 12:24:14.892 DATA SHAKE  -5.459  -5.459  -5.459    0.126   0.067   0.067   -5.585  -5.526  -5.526
2026-05-31 12:24:14.902 DATA SHAKE  -5.647  -5.647  -5.647    0.010  -0.048  -0.048   -5.657  -5.599  -5.600
2026-05-31 12:24:14.912 DATA SHAKE  -7.153  -7.153  -7.153   -0.133  -0.190  -0.190   -7.020  -6.963  -6.963
2026-05-31 12:24:14.922 DATA SHAKE   4.141   4.141   4.141   -0.048  -0.103  -0.103    4.189   4.244   4.244
2026-05-31 12:24:14.932 DATA SHAKE   4.580   4.580   4.580    0.045  -0.010  -0.009    4.535   4.590   4.590
2026-05-31 12:24:14.942 DATA SHAKE   4.078   4.078   4.078    0.126   0.072   0.072    3.953   4.006   4.006
2026-05-31 12:24:14.952 DATA SHAKE  -3.514  -3.514  -3.514    0.053   0.000   0.001   -3.567  -3.514  -3.515
2026-05-31 12:24:14.962 DATA SHAKE   0.251   0.251   0.251    0.057   0.005   0.006    0.194   0.245   0.245
2026-05-31 12:24:14.972 DATA SHAKE   6.965   6.965   6.965    0.195   0.145   0.145    6.770   6.820   6.820
2026-05-31 12:24:15.007 DATA SHAKE  -5.020  -5.020  -5.020    0.091   0.041   0.041   -5.110  -5.061  -5.061
2026-05-31 12:24:15.017 DATA SHAKE  -5.584  -5.584  -5.584   -0.023  -0.071  -0.071   -5.562  -5.513  -5.513
2026-05-31 12:24:15.027 DATA SHAKE  -3.137  -3.137  -3.137   -0.085  -0.132  -0.132   -3.052  -3.005  -3.005
2026-05-31 12:24:15.037 DATA SHAKE   5.333   5.333   5.333    0.023  -0.023  -0.023    5.310   5.356   5.356
2026-05-31 12:24:15.047 DATA SHAKE   3.388   3.388   3.388    0.091   0.045   0.045    3.298   3.343   3.343
2026-05-31 12:24:15.057 DATA SHAKE  -4.392  -4.392  -4.392    0.001  -0.044  -0.044   -4.393  -4.349  -4.349
2026-05-31 12:24:15.067 DATA SHAKE  -7.655  -7.655  -7.655   -0.152  -0.196  -0.196   -7.503  -7.459  -7.459
2026-05-31 12:24:15.077 DATA SHAKE  -5.898  -4.957  -4.957   -0.267  -0.291  -0.291   -5.631  -4.666  -4.666
2026-05-31 12:24:15.087 DATA SHAKE  -0.690  -0.690  -0.690   -0.276  -0.299  -0.299   -0.415  -0.391  -0.391
2026-05-31 12:24:15.097 DATA SHAKE  -3.639  -3.639  -3.639   -0.343  -0.366  -0.366   -3.296  -3.273  -3.274
2026-05-31 12:24:15.107 DATA SHAKE   1.757   1.757   1.757   -0.301  -0.323  -0.323    2.058   2.080   2.080
2026-05-31 12:24:15.117 DATA SHAKE   7.655   7.655   7.655   -0.142  -0.164  -0.164    7.797   7.819   7.819
2026-05-31 12:24:15.127 DATA SHAKE  -0.314  -0.314  -0.314   -0.145  -0.167  -0.167   -0.169  -0.147  -0.147
2026-05-31 12:24:15.137 DATA SHAKE   2.949   2.949   2.949   -0.083  -0.105  -0.104    3.032   3.054   3.053
2026-05-31 12:24:15.147 DATA SHAKE   0.627   0.627   0.627   -0.069  -0.090  -0.090    0.697   0.717   0.717
2026-05-31 12:24:15.157 DATA SHAKE   6.400   6.400   6.400    0.060   0.040   0.040    6.340   6.360   6.360
2026-05-31 12:24:15.167 DATA SHAKE  -6.902  -6.902  -6.902   -0.079  -0.099  -0.099   -6.823  -6.803  -6.803
2026-05-31 12:24:15.177 DATA SHAKE  -7.404  -7.404  -7.404   -0.226  -0.245  -0.245   -7.179  -7.159  -7.159
2026-05-31 12:24:15.187 DATA SHAKE   2.949   2.949   2.949   -0.162  -0.181  -0.181    3.111   3.130   3.130
2026-05-31 12:24:15.197 DATA SHAKE  -7.090  -7.090  -7.090   -0.301  -0.319  -0.319   -6.790  -6.771  -6.771
2026-05-31 12:24:15.207 DATA SHAKE  -3.263  -3.263  -3.263   -0.360  -0.378  -0.378   -2.903  -2.885  -2.885
2026-05-31 12:24:15.217 DATA SHAKE  -3.828  -3.828  -3.828   -0.429  -0.447  -0.447   -3.398  -3.380  -3.380
2026-05-31 12:24:15.227 DATA SHAKE   5.145   5.145   5.145   -0.318  -0.335  -0.335    5.463   5.480   5.480
2026-05-31 12:24:15.237 DATA SHAKE  -1.192  -1.192  -1.192   -0.335  -0.353  -0.352   -0.857  -0.840  -0.840
2026-05-31 12:24:15.247 DATA SHAKE   1.569   1.569   1.569   -0.297  -0.314  -0.314    1.866   1.883   1.883
2026-05-31 12:24:15.257 DATA SHAKE  -5.333  -5.333  -5.333   -0.398  -0.415  -0.414   -4.936  -4.919  -4.919
2026-05-31 12:24:15.267 DATA SHAKE  -1.255  -1.255  -1.255   -0.415  -0.431  -0.431   -0.840  -0.824  -0.824
2026-05-31 12:24:15.277 DATA SHAKE  -0.000  -0.000  -0.000   -0.407  -0.423  -0.423    0.406   0.422   0.422
2026-05-31 12:24:15.287 DATA SHAKE  -4.894  -4.894  -4.894   -0.496  -0.512  -0.512   -4.398  -4.382  -4.382
2026-05-31 12:24:15.297 DATA SHAKE   7.216   7.216   7.216   -0.342  -0.358  -0.358    7.558   7.573   7.573
2026-05-31 12:24:15.307 DATA SHAKE  -0.565  -0.565  -0.565   -0.347  -0.362  -0.362   -0.218  -0.203  -0.203
2026-05-31 12:24:15.317 DATA SHAKE   0.753   0.753   0.753   -0.325  -0.339  -0.339    1.078   1.092   1.092
2026-05-31 12:24:15.327 DATA SHAKE  -0.879  -0.879  -0.879   -0.336  -0.350  -0.350   -0.543  -0.528  -0.529
2026-05-31 12:24:15.337 DATA SHAKE  -6.651  -6.651  -6.651   -0.462  -0.476  -0.476   -6.189  -6.175  -6.175
2026-05-31 12:24:15.347 DATA SHAKE   2.949   2.949   2.949   -0.394  -0.408  -0.408    3.343   3.357   3.357
2026-05-31 12:24:15.357 DATA SHAKE  -6.149  -6.149  -6.149   -0.509  -0.523  -0.522   -5.640  -5.627  -5.627
2026-05-31 12:24:15.367 DATA SHAKE  -5.459  -5.459  -5.459   -0.608  -0.621  -0.621   -4.851  -4.838  -4.838
2026-05-31 12:24:15.377 DATA SHAKE  -5.773  -5.773  -5.773   -0.711  -0.724  -0.724   -5.061  -5.048  -5.048
2026-05-31 12:24:15.387 DATA SHAKE   5.396   5.396   5.396   -0.589  -0.602  -0.602    5.985   5.998   5.998
2026-05-31 12:24:15.397 DATA SHAKE  -2.824  -2.824  -2.824   -0.634  -0.646  -0.646   -2.190  -2.177  -2.177
2026-05-31 12:24:15.407 DATA SHAKE   1.631   1.631   1.631   -0.588  -0.601  -0.601    2.220   2.232   2.232
2026-05-31 12:24:15.417 DATA SHAKE   6.965   6.965   6.965   -0.437  -0.449  -0.449    7.402   7.414   7.414
2026-05-31 12:24:15.427 DATA SHAKE   2.384   2.384   2.384   -0.381  -0.393  -0.393    2.765   2.777   2.777
2026-05-31 12:24:15.437 DATA SHAKE   2.510   2.510   2.510   -0.323  -0.335  -0.335    2.833   2.845   2.844
2026-05-31 12:24:15.447 DATA SHAKE   3.702   3.702   3.702   -0.243  -0.254  -0.254    3.945   3.956   3.956
2026-05-31 12:24:15.457 DATA SHAKE   6.776   6.776   6.776   -0.102  -0.113  -0.113    6.879   6.890   6.890
2026-05-31 12:24:15.467 DATA SHAKE  -0.377  -0.377  -0.377   -0.108  -0.119  -0.119   -0.269  -0.258  -0.258
2026-05-31 12:24:15.468 PROMPT rest_start cycle=6
2026-05-31 12:24:15.502 DATA REST   0.631   0.627   0.627   -0.093  -0.104  -0.104    0.724   0.731   0.731
2026-05-31 12:24:15.512 DATA REST   3.451   3.451   3.451   -0.022  -0.033  -0.033    3.473   3.484   3.484
2026-05-31 12:24:15.522 DATA REST  -6.086  -6.086  -6.086   -0.143  -0.154  -0.154   -5.943  -5.933  -5.933
2026-05-31 12:24:15.532 DATA REST   3.388   3.388   3.388   -0.073  -0.083  -0.083    3.461   3.471   3.471
2026-05-31 12:24:15.542 DATA REST   1.318   1.318   1.318   -0.045  -0.055  -0.055    1.363   1.373   1.372
2026-05-31 12:24:15.552 DATA REST   3.765   3.765   3.765    0.031   0.022   0.022    3.733   3.743   3.743
2026-05-31 12:24:15.562 DATA REST  -0.565  -0.565  -0.565    0.019   0.010   0.010   -0.584  -0.575  -0.575
2026-05-31 12:24:15.572 DATA REST   4.643   4.643   4.643    0.112   0.102   0.102    4.531   4.541   4.541
2026-05-31 12:24:15.582 DATA REST  -1.694  -1.694  -1.694    0.076   0.067   0.067   -1.770  -1.761  -1.761
2026-05-31 12:24:15.592 DATA REST   4.580   4.580   4.580    0.166   0.157   0.157    4.415   4.424   4.424
2026-05-31 12:24:15.602 DATA REST   7.216   7.216   7.216    0.307   0.298   0.298    6.909   6.918   6.918
2026-05-31 12:24:15.612 DATA REST   5.772   5.772   5.772    0.416   0.407   0.407    5.356   5.365   5.365
2026-05-31 12:24:15.622 DATA REST   5.647   5.647   5.647    0.521   0.512   0.512    5.126   5.135   5.135
2026-05-31 12:24:15.632 DATA REST  -1.255  -1.255  -1.255    0.485   0.477   0.477   -1.740  -1.732  -1.732
2026-05-31 12:24:15.642 DATA REST   0.753   0.753   0.753    0.491   0.482   0.482    0.262   0.271   0.270
2026-05-31 12:24:15.652 DATA REST  -3.451  -3.451  -3.451    0.412   0.404   0.404   -3.863  -3.855  -3.855
2026-05-31 12:24:15.662 DATA REST  -4.141  -4.141  -4.141    0.321   0.313   0.313   -4.462  -4.454  -4.454
2026-05-31 12:24:15.672 DATA REST  -5.898  -5.898  -5.898    0.196   0.189   0.189   -6.094  -6.087  -6.087
2026-05-31 12:24:15.682 DATA REST  -3.075  -3.075  -3.075    0.131   0.123   0.123   -3.206  -3.198  -3.198
2026-05-31 12:24:15.692 DATA REST  -5.961  -5.961  -5.961    0.009   0.002   0.002   -5.970  -5.963  -5.963
2026-05-31 12:24:15.702 DATA REST   5.835   5.835   5.835    0.126   0.118   0.118    5.710   5.717   5.717
2026-05-31 12:24:15.712 DATA REST  -1.820  -1.820  -1.820    0.087   0.080   0.080   -1.906  -1.899  -1.899
2026-05-31 12:24:15.722 DATA REST   4.957   4.957   4.957    0.184   0.177   0.177    4.773   4.780   4.780
2026-05-31 12:24:15.732 DATA REST  -2.949  -2.949  -2.949    0.121   0.115   0.115   -3.071  -3.064  -3.064
2026-05-31 12:24:15.742 DATA REST  -3.890  -3.890  -3.890    0.041   0.034   0.035   -3.931  -3.925  -3.925
2026-05-31 12:24:15.752 DATA REST  -5.961  -5.961  -5.961   -0.079  -0.085  -0.085   -5.882  -5.876  -5.876
2026-05-31 12:24:15.762 DATA REST   7.718   7.718   7.718    0.077   0.071   0.071    7.641   7.647   7.647
2026-05-31 12:24:15.772 DATA REST  -1.318  -1.318  -1.318    0.049   0.043   0.043   -1.367  -1.361  -1.361
2026-05-31 12:24:15.782 DATA REST  -2.134  -2.134  -2.134    0.005  -0.001  -0.001   -2.139  -2.133  -2.133
2026-05-31 12:24:15.792 DATA REST  -5.083  -5.083  -5.083   -0.096  -0.102  -0.102   -4.986  -4.980  -4.980
2026-05-31 12:24:15.802 DATA REST   3.200   3.200   3.200   -0.030  -0.036  -0.036    3.230   3.236   3.236
2026-05-31 12:24:15.812 DATA REST  -1.192  -1.192  -1.192   -0.054  -0.059  -0.059   -1.139  -1.133  -1.133
2026-05-31 12:24:15.822 DATA REST  -2.698  -2.698  -2.698   -0.107  -0.112  -0.112   -2.592  -2.586  -2.586
2026-05-31 12:24:15.832 DATA REST   7.341   7.341   7.341    0.042   0.037   0.037    7.299   7.304   7.304
2026-05-31 12:24:15.842 DATA REST  -3.577  -3.577  -3.577   -0.030  -0.035  -0.035   -3.547  -3.541  -3.541
2026-05-31 12:24:15.852 DATA REST   5.772   5.772   5.772    0.086   0.081   0.081    5.686   5.692   5.692
2026-05-31 12:24:15.862 DATA REST  -5.083  -5.083  -5.083   -0.017  -0.022  -0.022   -5.065  -5.060  -5.060
2026-05-31 12:24:15.872 DATA REST   4.329   4.329   4.329    0.070   0.065   0.065    4.260   4.265   4.265
2026-05-31 12:24:15.882 DATA REST  -1.945  -1.945  -1.945    0.029   0.024   0.024   -1.975  -1.970  -1.970
2026-05-31 12:24:15.892 DATA REST   7.404   7.404   7.404    0.177   0.172   0.172    7.227   7.232   7.232
2026-05-31 12:24:15.902 DATA REST  -2.573  -2.573  -2.573    0.122   0.117   0.117   -2.695  -2.690  -2.690
2026-05-31 12:24:15.912 DATA REST  -0.502  -0.502  -0.502    0.109   0.105   0.105   -0.612  -0.607  -0.607
2026-05-31 12:24:15.922 DATA REST  -0.377  -0.377  -0.377    0.100   0.095   0.095   -0.476  -0.472  -0.472
2026-05-31 12:24:15.932 DATA REST   1.443   1.443   1.443    0.127   0.122   0.122    1.317   1.321   1.321
2026-05-31 12:24:15.942 DATA REST  -1.130  -1.130  -1.130    0.101   0.097   0.097   -1.231  -1.227  -1.227
2026-05-31 12:24:15.952 DATA REST   5.396   5.396   5.396    0.207   0.203   0.203    5.189   5.193   5.193
2026-05-31 12:24:15.962 DATA REST   5.145   5.145   5.145    0.306   0.302   0.302    4.839   4.843   4.843
2026-05-31 12:24:15.972 DATA REST   7.153   7.153   7.153    0.443   0.439   0.439    6.710   6.714   6.714
2026-05-31 12:24:16.007 DATA REST  -6.777  -6.777  -6.777    0.299   0.295   0.295   -7.075  -7.071  -7.071
2026-05-31 12:24:16.017 DATA REST  -0.188  -0.188  -0.188    0.289   0.285   0.285   -0.477  -0.473  -0.473
2026-05-31 12:24:16.027 DATA REST   5.020   5.020   5.020    0.383   0.380   0.380    4.636   4.640   4.640
2026-05-31 12:24:16.037 DATA REST   0.439   0.439   0.439    0.385   0.381   0.381    0.055   0.058   0.058
2026-05-31 12:24:16.047 DATA REST  -5.584  -5.584  -5.584    0.265   0.261   0.261   -5.850  -5.846  -5.846
2026-05-31 12:24:16.057 DATA REST   7.655   7.655   7.655    0.413   0.409   0.409    7.242   7.245   7.245
2026-05-31 12:24:16.067 DATA REST   6.337   6.337   6.337    0.531   0.528   0.528    5.806   5.809   5.809
2026-05-31 12:24:16.077 DATA REST   4.518   4.518   4.518    0.611   0.608   0.608    3.906   3.910   3.910
2026-05-31 12:24:16.087 DATA REST  -6.526  -6.526  -6.526    0.468   0.465   0.465   -6.994  -6.991  -6.991
2026-05-31 12:24:16.097 DATA REST  -3.577  -3.577  -3.577    0.388   0.384   0.384   -3.964  -3.961  -3.961
2026-05-31 12:24:16.107 DATA REST  -7.341  -7.341  -7.341    0.233   0.230   0.230   -7.574  -7.571  -7.571
2026-05-31 12:24:16.117 DATA REST   5.145   5.145   5.145    0.331   0.328   0.328    4.814   4.817   4.817
2026-05-31 12:24:16.127 DATA REST   2.949   2.949   2.949    0.384   0.380   0.380    2.565   2.569   2.569
2026-05-31 12:24:16.137 DATA REST  -0.690  -0.690  -0.690    0.362   0.359   0.359   -1.053  -1.049  -1.049
2026-05-31 12:24:16.147 DATA REST  -0.565  -0.565  -0.565    0.344   0.340   0.340   -0.908  -0.905  -0.905
2026-05-31 12:24:16.157 DATA REST   0.188   0.188   0.188    0.340   0.337   0.337   -0.152  -0.149  -0.149
2026-05-31 12:24:16.167 DATA REST  -7.404  -7.404  -7.404    0.186   0.183   0.183   -7.590  -7.587  -7.587
2026-05-31 12:24:16.177 DATA REST  -1.192  -1.192  -1.192    0.158   0.155   0.155   -1.350  -1.347  -1.348
2026-05-31 12:24:16.187 DATA REST   0.690   0.690   0.690    0.169   0.166   0.166    0.522   0.524   0.524
2026-05-31 12:24:16.197 DATA REST   4.078   4.078   4.078    0.247   0.244   0.244    3.832   3.834   3.834
2026-05-31 12:24:16.207 DATA REST  -5.835  -5.835  -5.835    0.125   0.122   0.122   -5.961  -5.958  -5.958
2026-05-31 12:24:16.217 DATA REST   3.953   3.953   3.953    0.202   0.199   0.199    3.751   3.754   3.754
2026-05-31 12:24:16.227 DATA REST   0.565   0.565   0.565    0.209   0.206   0.206    0.356   0.358   0.358
2026-05-31 12:24:16.237 DATA REST   2.698   2.698   2.698    0.259   0.256   0.256    2.439   2.442   2.442
2026-05-31 12:24:16.247 DATA REST  -3.577  -3.577  -3.577    0.182   0.180   0.180   -3.759  -3.756  -3.756
2026-05-31 12:24:16.257 DATA REST  -2.196  -2.196  -2.196    0.135   0.132   0.132   -2.331  -2.328  -2.328
2026-05-31 12:24:16.267 DATA REST  -2.008  -2.008  -2.008    0.092   0.089   0.089   -2.100  -2.097  -2.097
2026-05-31 12:24:16.277 DATA REST   7.216   7.216   7.216    0.234   0.232   0.232    6.981   6.984   6.984
2026-05-31 12:24:16.287 DATA REST   2.823   2.823   2.823    0.286   0.284   0.284    2.538   2.540   2.540
2026-05-31 12:24:16.297 DATA REST  -4.330  -4.330  -4.330    0.194   0.191   0.191   -4.523  -4.521  -4.521
2026-05-31 12:24:16.307 DATA REST  -7.655  -7.655  -7.655    0.037   0.034   0.034   -7.692  -7.689  -7.689
2026-05-31 12:24:16.317 DATA REST   2.573   2.573   2.573    0.087   0.085   0.085    2.485   2.487   2.487
2026-05-31 12:24:16.327 DATA REST  -0.502  -0.502  -0.502    0.076   0.073   0.073   -0.578  -0.576  -0.576
2026-05-31 12:24:16.337 DATA REST   2.008   2.008   2.008    0.114   0.112   0.112    1.894   1.896   1.896
2026-05-31 12:24:16.347 DATA REST  -2.698  -2.698  -2.698    0.058   0.056   0.056   -2.756  -2.754  -2.754
2026-05-31 12:24:16.357 DATA REST   4.706   4.706   4.706    0.151   0.149   0.149    4.555   4.557   4.557
2026-05-31 12:24:16.367 DATA REST  -4.643  -4.643  -4.643    0.055   0.053   0.053   -4.698  -4.696  -4.696
2026-05-31 12:24:16.377 DATA REST   4.078   4.078   4.078    0.136   0.134   0.134    3.943   3.945   3.945
2026-05-31 12:24:16.387 DATA REST   7.906   7.906   7.906    0.291   0.289   0.289    7.615   7.617   7.617
2026-05-31 12:24:16.397 DATA REST   1.443   1.443   1.443    0.314   0.312   0.312    1.129   1.131   1.131
2026-05-31 12:24:16.407 DATA REST   1.004   1.004   1.004    0.328   0.326   0.326    0.676   0.678   0.678
2026-05-31 12:24:16.417 DATA REST   5.271   5.271   5.271    0.427   0.425   0.425    4.844   4.846   4.846
2026-05-31 12:24:16.427 DATA REST   0.125   0.125   0.125    0.421   0.419   0.419   -0.295  -0.293  -0.293
2026-05-31 12:24:16.437 DATA REST  -3.953  -3.953  -3.953    0.333   0.331   0.331   -4.286  -4.285  -4.285
2026-05-31 12:24:16.447 DATA REST  -1.883  -1.883  -1.883    0.289   0.287   0.287   -2.171  -2.170  -2.170
2026-05-31 12:24:16.457 DATA REST  -6.024  -6.024  -6.024    0.163   0.161   0.161   -6.186  -6.185  -6.185
2026-05-31 12:24:16.467 DATA REST  -1.945  -1.945  -1.945    0.120   0.119   0.119   -2.066  -2.064  -2.064
2026-05-31 12:24:16.477 DATA REST  -0.941  -0.941  -0.941    0.099   0.098   0.098   -1.041  -1.039  -1.039
2026-05-31 12:24:16.511 DATA REST   1.506   1.506   1.506    0.127   0.126   0.126    1.379   1.380   1.380
2026-05-31 12:24:16.521 DATA REST   6.463   6.463   6.463    0.254   0.252   0.252    6.209   6.210   6.210
2026-05-31 12:24:16.531 DATA REST   1.882   1.882   1.882    0.287   0.285   0.285    1.596   1.597   1.597
2026-05-31 12:24:16.541 DATA REST  -5.333  -5.333  -5.333    0.174   0.173   0.173   -5.508  -5.506  -5.506
2026-05-31 12:24:16.551 DATA REST   6.902   6.902   6.902    0.309   0.307   0.307    6.593   6.595   6.595
2026-05-31 12:24:16.561 DATA REST  -5.898  -5.898  -5.898    0.185   0.183   0.183   -6.083  -6.081  -6.081
2026-05-31 12:24:16.571 DATA REST   1.067   1.067   1.067    0.202   0.201   0.201    0.864   0.866   0.866
2026-05-31 12:24:16.581 DATA REST  -0.000  -0.000  -0.000    0.198   0.197   0.197   -0.198  -0.197  -0.197
2026-05-31 12:24:16.591 DATA REST  -4.581  -4.581  -4.581    0.103   0.101   0.101   -4.683  -4.682  -4.682
2026-05-31 12:24:16.601 DATA REST  -7.906  -7.906  -7.906   -0.058  -0.059  -0.059   -7.848  -7.847  -7.847
2026-05-31 12:24:16.611 DATA REST   3.451   3.451   3.451    0.013   0.011   0.011    3.438   3.440   3.440
2026-05-31 12:24:16.621 DATA REST   1.129   1.129   1.129    0.035   0.034   0.034    1.094   1.096   1.096
2026-05-31 12:24:16.631 DATA REST   6.086   6.086   6.086    0.156   0.155   0.155    5.930   5.931   5.931
2026-05-31 12:24:16.641 DATA REST   0.627   0.627   0.627    0.165   0.164   0.164    0.462   0.463   0.463
2026-05-31 12:24:16.651 DATA REST  -6.212  -6.212  -6.212    0.038   0.037   0.037   -6.250  -6.249  -6.249
2026-05-31 12:24:16.661 DATA REST   7.467   7.467   7.467    0.186   0.185   0.185    7.280   7.281   7.281
2026-05-31 12:24:16.671 DATA REST  -0.628  -0.628  -0.628    0.170   0.169   0.169   -0.798  -0.797  -0.797
2026-05-31 12:24:16.681 DATA REST  -4.267  -4.267  -4.267    0.081   0.080   0.080   -4.348  -4.347  -4.347
2026-05-31 12:24:16.691 DATA REST   7.780   7.780   7.780    0.235   0.234   0.234    7.545   7.546   7.546
2026-05-31 12:24:16.701 DATA REST   6.588   6.588   6.588    0.362   0.361   0.361    6.226   6.227   6.227
2026-05-31 12:24:16.711 DATA REST  -6.400  -6.400  -6.400    0.227   0.226   0.226   -6.627  -6.626  -6.626
2026-05-31 12:24:16.721 DATA REST   1.945   1.945   1.945    0.262   0.261   0.261    1.684   1.685   1.685
2026-05-31 12:24:16.731 DATA REST   3.451   3.451   3.451    0.325   0.324   0.324    3.126   3.127   3.127
2026-05-31 12:24:16.741 DATA REST   2.886   2.886   2.886    0.377   0.376   0.376    2.510   2.511   2.511
2026-05-31 12:24:16.751 DATA REST  -5.773  -5.773  -5.773    0.254   0.253   0.253   -6.026  -6.025  -6.025
2026-05-31 12:24:16.761 DATA REST   3.137   3.137   3.137    0.311   0.310   0.310    2.826   2.827   2.827
2026-05-31 12:24:16.771 DATA REST  -5.647  -5.647  -5.647    0.192   0.191   0.191   -5.839  -5.838  -5.838
2026-05-31 12:24:16.781 DATA REST   3.012   3.012   3.012    0.248   0.248   0.248    2.763   2.764   2.764
2026-05-31 12:24:16.791 DATA REST   2.133   2.133   2.133    0.286   0.285   0.285    1.847   1.848   1.848
2026-05-31 12:24:16.801 DATA REST  -5.835  -5.835  -5.835    0.164   0.163   0.163   -5.999  -5.998  -5.998
2026-05-31 12:24:16.811 DATA REST  -5.208  -5.208  -5.208    0.056   0.055   0.055   -5.264  -5.263  -5.263
2026-05-31 12:24:16.821 DATA REST  -0.000  -0.000  -0.000    0.055   0.054   0.054   -0.055  -0.055  -0.055
2026-05-31 12:24:16.831 DATA REST   3.137   3.137   3.137    0.117   0.116   0.116    3.020   3.021   3.021
2026-05-31 12:24:16.841 DATA REST   3.576   3.576   3.576    0.186   0.185   0.185    3.390   3.391   3.391
2026-05-31 12:24:16.851 DATA REST   5.396   5.396   5.396    0.290   0.289   0.289    5.106   5.107   5.107
2026-05-31 12:24:16.861 DATA REST   5.145   5.145   5.145    0.387   0.387   0.387    4.758   4.759   4.759
2026-05-31 12:24:16.871 DATA REST   6.149   6.149   6.149    0.503   0.502   0.502    5.646   5.647   5.647
2026-05-31 12:24:16.881 DATA REST   3.137   3.137   3.137    0.555   0.554   0.554    2.582   2.583   2.583
2026-05-31 12:24:16.891 DATA REST   1.129   1.129  -0.433    0.567   0.566   0.535    0.563   0.563  -0.968
2026-05-31 12:24:16.901 DATA REST  -0.628  -0.628  -0.628    0.543   0.542   0.511   -1.170  -1.170  -1.139
2026-05-31 12:24:16.911 DATA REST   1.255   1.255   1.255    0.557   0.556   0.526    0.698   0.699   0.729
2026-05-31 12:24:16.921 DATA REST   1.004   1.004   1.004    0.566   0.565   0.536    0.438   0.439   0.468
2026-05-31 12:24:16.931 DATA REST  -0.565  -0.565  -0.565    0.543   0.543   0.514   -1.108  -1.108  -1.079
2026-05-31 12:24:16.941 DATA REST  -2.259  -2.259  -2.259    0.487   0.487   0.458   -2.746  -2.746  -2.717
2026-05-31 12:24:16.951 DATA REST   3.827   3.827   3.827    0.554   0.553   0.526    3.273   3.274   3.302
2026-05-31 12:24:16.961 DATA REST  -7.906  -7.906  -7.906    0.385   0.384   0.357   -8.291  -8.290  -8.263
2026-05-31 12:24:16.971 DATA REST   6.588   6.588   6.588    0.509   0.508   0.482    6.079   6.080   6.106
2026-05-31 12:24:16.981 DATA REST   3.514   3.514   6.902    0.569   0.568   0.610    2.945   2.945   6.292
2026-05-31 12:24:17.016 DATA REST   3.263   3.263   3.263    0.623   0.622   0.663    2.640   2.640   2.599
2026-05-31 12:24:17.026 DATA REST   6.588   6.588   6.588    0.742   0.742   0.782    5.846   5.846   5.806
2026-05-31 12:24:17.036 DATA REST   0.376   0.376   0.376    0.735   0.734   0.774   -0.358  -0.358  -0.397
2026-05-31 12:24:17.046 DATA REST   4.455   4.455   4.455    0.809   0.809   0.847    3.646   3.646   3.608
2026-05-31 12:24:17.056 DATA REST   5.647   5.647   5.647    0.906   0.906   0.943    4.741   4.741   4.704
2026-05-31 12:24:17.066 DATA REST   1.506   1.506   1.506    0.918   0.918   0.954    0.588   0.588   0.551
2026-05-31 12:24:17.076 DATA REST   1.569   1.569   1.569    0.931   0.931   0.967    0.638   0.638   0.602
2026-05-31 12:24:17.086 DATA REST   5.082   5.082   5.082    1.014   1.014   1.049    4.068   4.069   4.033
2026-05-31 12:24:17.096 DATA REST  -7.906  -7.906  -7.906    0.836   0.835   0.870   -8.742  -8.741  -8.776
2026-05-31 12:24:17.106 DATA REST   3.890   3.890   3.890    0.897   0.896   0.930    2.993   2.994   2.960
2026-05-31 12:24:17.116 DATA REST  -1.506  -1.506  -1.506    0.849   0.848   0.882   -2.355  -2.354  -2.388
2026-05-31 12:24:17.126 DATA REST   4.078   4.078   4.078    0.913   0.913   0.946    3.165   3.166   3.133
2026-05-31 12:24:17.136 DATA REST   3.953   3.953   3.953    0.974   0.974   1.006    2.979   2.979   2.947
2026-05-31 12:24:17.146 DATA REST   2.573   2.573   2.573    1.006   1.006   1.037    1.566   1.567   1.535
2026-05-31 12:24:17.156 DATA REST  -7.655  -7.655  -7.655    0.833   0.832   0.863   -8.488  -8.487  -8.518
2026-05-31 12:24:17.166 DATA REST  -3.953  -3.953  -3.953    0.737   0.737   0.767   -4.690  -4.690  -4.720
2026-05-31 12:24:17.176 DATA REST   0.000   0.000   0.000    0.722   0.722   0.752   -0.722  -0.722  -0.752
2026-05-31 12:24:17.186 DATA REST  -5.271  -5.271  -5.271    0.603   0.602   0.631   -5.873  -5.873  -5.902
2026-05-31 12:24:17.196 DATA REST   1.945   1.945   1.945    0.629   0.629   0.657    1.316   1.316   1.288
2026-05-31 12:24:17.206 DATA REST  -7.467  -7.467  -7.467    0.467   0.467   0.495   -7.934  -7.934  -7.962
2026-05-31 12:24:17.216 DATA REST  -2.447  -2.447  -2.447    0.409   0.409   0.436   -2.856  -2.856  -2.883
2026-05-31 12:24:17.226 DATA REST  -0.188  -0.188  -0.188    0.397   0.397   0.424   -0.586  -0.585  -0.612
2026-05-31 12:24:17.236 DATA REST  -4.204  -4.204  -4.204    0.305   0.305   0.331   -4.509  -4.509  -4.535
2026-05-31 12:24:17.246 DATA REST   6.965   6.965   6.965    0.438   0.438   0.464    6.526   6.527   6.501
2026-05-31 12:24:17.256 DATA REST   7.153   7.153   7.153    0.573   0.572   0.597    6.580   6.581   6.555
2026-05-31 12:24:17.266 DATA REST   0.063   0.063   0.063    0.562   0.562   0.587   -0.500  -0.499  -0.524
2026-05-31 12:24:17.276 DATA REST   4.518   4.518   4.518    0.642   0.641   0.665    3.876   3.876   3.852
2026-05-31 12:24:17.286 DATA REST   7.655   7.655   7.655    0.782   0.782   0.805    6.873   6.873   6.850
2026-05-31 12:24:17.296 DATA REST   5.647   5.647   5.647    0.879   0.879   0.902    4.768   4.768   4.745
2026-05-31 12:24:17.306 DATA REST  -7.969  -7.969  -7.969    0.702   0.702   0.725   -8.671  -8.671  -8.693
2026-05-31 12:24:17.316 DATA REST   3.074   3.074   3.074    0.750   0.749   0.772    2.325   2.325   2.303
2026-05-31 12:24:17.326 DATA REST   4.831   4.831   4.831    0.831   0.831   0.853    4.000   4.000   3.978
2026-05-31 12:24:17.336 DATA REST   2.761   2.761   2.761    0.870   0.870   0.891    1.891   1.891   1.870
2026-05-31 12:24:17.346 DATA REST   5.647   5.647   5.647    0.965   0.965   0.986    4.682   4.682   4.661
2026-05-31 12:24:17.356 DATA REST  -5.020  -5.020  -5.020    0.846   0.845   0.866   -5.865  -5.865  -5.886
2026-05-31 12:24:17.366 DATA REST   7.153   7.153   7.153    0.972   0.972   0.992    6.181   6.181   6.161
2026-05-31 12:24:17.376 DATA REST   1.192   1.192   1.192    0.976   0.976   0.996    0.216   0.216   0.196
2026-05-31 12:24:17.386 DATA REST   5.898   5.898   5.898    1.075   1.074   1.094    4.823   4.824   4.804
2026-05-31 12:24:17.396 DATA REST  -3.639  -3.639  -3.639    0.980   0.980   0.999   -4.620  -4.620  -4.638
2026-05-31 12:24:17.406 DATA REST  -7.781  -7.781  -7.781    0.805   0.805   0.824   -8.586  -8.585  -8.604
2026-05-31 12:24:17.416 DATA REST  -4.518  -4.518  -4.518    0.699   0.698   0.717   -5.217  -5.216  -5.234
2026-05-31 12:24:17.426 DATA REST  -6.463  -6.463  -6.463    0.555   0.555   0.573   -7.018  -7.018  -7.036
2026-05-31 12:24:17.436 DATA REST  -5.898  -5.898  -5.898    0.426   0.426   0.444   -6.325  -6.324  -6.342
2026-05-31 12:24:17.446 DATA REST  -1.569  -1.569  -1.569    0.387   0.386   0.403   -1.955  -1.955  -1.972
2026-05-31 12:24:17.456 DATA REST   5.584   5.584   5.584    0.490   0.490   0.507    5.094   5.094   5.077
2026-05-31 12:24:17.466 DATA REST   3.639   3.639   3.639    0.553   0.553   0.570    3.086   3.086   3.069
2026-05-31 12:24:17.476 DATA REST   0.627   0.627   0.627    0.555   0.555   0.571    0.073   0.073   0.057
2026-05-31 12:24:17.486 DATA REST   4.831   4.831   4.831    0.640   0.640   0.656    4.191   4.191   4.175
2026-05-31 12:24:17.521 DATA REST   4.204   4.204   4.204    0.712   0.711   0.727    3.492   3.492   3.477
2026-05-31 12:24:17.531 DATA REST   7.467   7.467   7.467    0.847   0.847   0.862    6.620   6.620   6.605
2026-05-31 12:24:17.541 DATA REST   0.941   0.941   0.941    0.849   0.848   0.863    0.092   0.093   0.078
2026-05-31 12:24:17.551 DATA REST  -6.275  -6.275  -6.275    0.706   0.706   0.721   -6.981  -6.981  -6.995
2026-05-31 12:24:17.561 DATA REST   4.392   4.392   4.392    0.780   0.780   0.794    3.612   3.612   3.598
2026-05-31 12:24:17.571 DATA REST  -5.396  -5.396  -5.396    0.656   0.656   0.670   -6.053  -6.052  -6.066
2026-05-31 12:24:17.581 DATA REST  -1.569  -1.569  -1.569    0.612   0.612   0.625   -2.181  -2.181  -2.194
2026-05-31 12:24:17.591 DATA REST  -3.577  -3.577  -3.577    0.528   0.528   0.541   -4.105  -4.105  -4.118
2026-05-31 12:24:17.601 DATA REST  -7.028  -7.028  -7.028    0.377   0.377   0.390   -7.405  -7.404  -7.418
2026-05-31 12:24:17.611 DATA REST  -6.714  -6.714  -6.714    0.235   0.235   0.248   -6.949  -6.949  -6.962
2026-05-31 12:24:17.621 DATA REST  -4.455  -4.455  -4.455    0.141   0.141   0.154   -4.596  -4.596  -4.609
2026-05-31 12:24:17.631 DATA REST   4.078   4.078   4.078    0.220   0.220   0.232    3.858   3.858   3.846
2026-05-31 12:24:17.641 DATA REST  -3.828  -3.828  -3.828    0.139   0.139   0.151   -3.967  -3.967  -3.979
2026-05-31 12:24:17.651 DATA REST  -1.192  -1.192  -1.192    0.113   0.112   0.124   -1.305  -1.305  -1.317
2026-05-31 12:24:17.661 DATA REST  -0.879  -0.879  -0.879    0.093   0.093   0.104   -0.971  -0.971  -0.983
2026-05-31 12:24:17.671 DATA REST  -2.573  -2.573  -2.573    0.039   0.039   0.051   -2.612  -2.612  -2.623
2026-05-31 12:24:17.681 DATA REST  -6.965  -6.965  -6.965   -0.101  -0.101  -0.090   -6.864  -6.864  -6.875
2026-05-31 12:24:17.691 DATA REST  -3.137  -3.137  -3.137   -0.161  -0.162  -0.151   -2.976  -2.976  -2.987
2026-05-31 12:24:17.701 DATA REST   1.443   1.443   1.443   -0.129  -0.129  -0.119    1.572   1.573   1.562
2026-05-31 12:24:17.711 DATA REST   1.820   1.820   1.820   -0.090  -0.090  -0.080    1.910   1.910   1.900
2026-05-31 12:24:17.721 DATA REST   2.447   2.447   2.447   -0.040  -0.040  -0.029    2.487   2.487   2.476
2026-05-31 12:24:17.731 DATA REST  -0.690  -0.690  -0.690   -0.053  -0.053  -0.043   -0.638  -0.638  -0.648
2026-05-31 12:24:17.741 DATA REST   3.451   3.451   3.451    0.017   0.017   0.027    3.433   3.434   3.424
2026-05-31 12:24:17.751 DATA REST   7.906   7.906   7.906    0.175   0.175   0.185    7.731   7.731   7.721
2026-05-31 12:24:17.761 DATA REST  -6.149  -6.149  -6.149    0.049   0.049   0.058   -6.198  -6.198  -6.207
2026-05-31 12:24:17.771 DATA REST   3.200   3.200   3.200    0.112   0.112   0.121    3.088   3.088   3.079
2026-05-31 12:24:17.781 DATA REST  -7.028  -7.028  -7.028   -0.031  -0.031  -0.022   -6.997  -6.996  -7.006
2026-05-31 12:24:17.791 DATA REST   4.392   4.392   4.392    0.057   0.057   0.066    4.335   4.335   4.326
2026-05-31 12:24:17.801 DATA REST  -0.502  -0.502  -0.502    0.046   0.046   0.055   -0.548  -0.548  -0.557
2026-05-31 12:24:17.811 DATA REST  -2.949  -2.949  -2.949   -0.014  -0.014  -0.005   -2.936  -2.935  -2.944
2026-05-31 12:24:17.821 DATA REST  -2.447  -2.447  -2.447   -0.062  -0.062  -0.054   -2.385  -2.385  -2.393
2026-05-31 12:24:17.831 DATA REST  -1.632  -1.632  -1.632   -0.094  -0.094  -0.086   -1.538  -1.538  -1.546
2026-05-31 12:24:17.841 DATA REST   2.133   2.133   2.133   -0.049  -0.049  -0.041    2.182   2.183   2.174
2026-05-31 12:24:17.851 DATA REST  -1.757  -1.757  -1.757   -0.083  -0.083  -0.075   -1.674  -1.674  -1.682
2026-05-31 12:24:17.861 DATA REST  -4.079  -4.079  -4.079   -0.163  -0.163  -0.156   -3.915  -3.915  -3.923
2026-05-31 12:24:17.871 DATA REST   0.376   0.376   0.376   -0.152  -0.153  -0.145    0.529   0.529   0.521
2026-05-31 12:24:17.881 DATA REST   4.141   4.141   4.141   -0.067  -0.067  -0.059    4.208   4.208   4.200
2026-05-31 12:24:17.891 DATA REST  -0.251  -0.251  -0.251   -0.070  -0.070  -0.063   -0.181  -0.181  -0.188
2026-05-31 12:24:17.901 DATA REST  -6.651  -6.651  -6.651   -0.202  -0.202  -0.195   -6.449  -6.449  -6.456
2026-05-31 12:24:17.911 DATA REST   6.839   6.839   6.839   -0.061  -0.061  -0.054    6.900   6.900   6.893
2026-05-31 12:24:17.921 DATA REST  -6.400  -6.400  -6.400   -0.188  -0.188  -0.181   -6.212  -6.212  -6.219
2026-05-31 12:24:17.931 DATA REST  -3.765  -3.765  -3.765   -0.259  -0.259  -0.253   -3.506  -3.505  -3.512
2026-05-31 12:24:17.941 DATA REST   2.196   2.196   2.196   -0.210  -0.210  -0.204    2.406   2.406   2.400
2026-05-31 12:24:17.951 DATA REST   4.329   4.329   4.329   -0.119  -0.120  -0.113    4.449   4.449   4.442
2026-05-31 12:24:17.961 DATA REST   0.627   0.627   0.627   -0.105  -0.105  -0.098    0.732   0.732   0.726
2026-05-31 12:24:17.971 DATA REST  -1.820  -1.820  -1.820   -0.139  -0.139  -0.133   -1.681  -1.681  -1.687
2026-05-31 12:24:17.981 DATA REST  -2.573  -2.573  -2.573   -0.188  -0.188  -0.181   -2.385  -2.385  -2.391
2026-05-31 12:24:17.991 DATA REST  -0.753  -0.753  -0.753   -0.199  -0.199  -0.193   -0.554  -0.554  -0.560
2026-05-31 12:24:18.026 DATA REST  -0.377  -0.377  -0.377   -0.202  -0.202  -0.197   -0.174  -0.174  -0.180
2026-05-31 12:24:18.036 DATA REST  -3.191  -3.200  -3.200   -0.262  -0.262  -0.257   -2.929  -2.938  -2.944
2026-05-31 12:24:18.046 DATA REST  -4.706  -4.706  -4.706   -0.351  -0.351  -0.346   -4.355  -4.355  -4.360
2026-05-31 12:24:18.056 DATA REST   0.439   0.439   0.439   -0.335  -0.335  -0.330    0.774   0.775   0.769
2026-05-31 12:24:18.066 DATA REST   3.702   3.702   3.702   -0.254  -0.255  -0.249    3.956   3.957   3.951
2026-05-31 12:24:18.076 DATA REST   4.518   4.518   4.518   -0.159  -0.159  -0.154    4.677   4.677   4.672
2026-05-31 12:24:18.086 DATA REST   0.878   0.878   0.878   -0.138  -0.139  -0.133    1.017   1.017   1.012
2026-05-31 12:24:18.096 DATA REST  -3.514  -3.514  -3.514   -0.206  -0.206  -0.201   -3.308  -3.308  -3.313
2026-05-31 12:24:18.106 DATA REST   7.655   7.655   7.655   -0.049  -0.049  -0.044    7.703   7.704   7.699
2026-05-31 12:24:18.116 DATA REST   5.521   5.521   5.521    0.063   0.063   0.067    5.459   5.459   5.454
2026-05-31 12:24:18.126 DATA REST  -5.647  -5.647  -5.647   -0.051  -0.052  -0.047   -5.596  -5.596  -5.600
2026-05-31 12:24:18.136 DATA REST   1.631   1.631   1.631   -0.018  -0.018  -0.013    1.649   1.649   1.645
2026-05-31 12:24:18.146 DATA REST   3.576   3.576   3.576    0.054   0.054   0.059    3.522   3.522   3.518
2026-05-31 12:24:18.156 DATA REST   4.392   4.392   4.392    0.141   0.141   0.145    4.251   4.251   4.247
2026-05-31 12:24:18.166 DATA REST   7.341   7.341   7.341    0.285   0.285   0.289    7.056   7.056   7.052
2026-05-31 12:24:18.176 DATA REST   2.823   2.823   2.823    0.336   0.335   0.340    2.488   2.488   2.484
2026-05-31 12:24:18.186 DATA REST   1.945   1.945   1.945    0.368   0.368   0.372    1.577   1.577   1.573
2026-05-31 12:24:18.196 DATA REST   1.569   1.569   1.569    0.392   0.392   0.396    1.177   1.177   1.173
2026-05-31 12:24:18.206 DATA REST   0.000   0.000   0.000    0.384   0.384   0.388   -0.384  -0.384  -0.388
2026-05-31 12:24:18.216 DATA REST  -7.467  -7.467  -7.467    0.227   0.227   0.231   -7.694  -7.694  -7.698
2026-05-31 12:24:18.226 DATA REST   6.902   6.902   6.902    0.361   0.360   0.364    6.541   6.542   6.538
2026-05-31 12:24:18.236 DATA REST   6.714   6.714   6.714    0.488   0.487   0.491    6.226   6.226   6.222
2026-05-31 12:24:18.246 DATA REST   6.337   6.337   6.337    0.605   0.604   0.608    5.733   5.733   5.729
2026-05-31 12:24:18.256 DATA REST   7.027   7.027   7.027    0.733   0.733   0.737    6.294   6.294   6.291
2026-05-31 12:24:18.266 DATA REST  -0.816  -0.816  -0.816    0.702   0.702   0.705   -1.518  -1.518  -1.521
2026-05-31 12:24:18.276 DATA REST   4.016   4.016   4.016    0.768   0.768   0.772    3.247   3.247   3.244
2026-05-31 12:24:18.286 DATA REST  -1.694  -1.694  -1.694    0.719   0.719   0.722   -2.413  -2.413  -2.417
2026-05-31 12:24:18.296 DATA REST   0.314   0.314   0.314    0.711   0.711   0.714   -0.397  -0.397  -0.400
2026-05-31 12:24:18.306 DATA REST   3.765   3.765   3.765    0.772   0.772   0.775    2.993   2.993   2.989
2026-05-31 12:24:18.316 DATA REST  -4.079  -4.079  -4.079    0.675   0.675   0.678   -4.754  -4.753  -4.757
2026-05-31 12:24:18.326 DATA REST  -0.126  -0.126  -0.126    0.659   0.659   0.662   -0.785  -0.785  -0.788
2026-05-31 12:24:18.336 DATA REST  -3.451  -3.451  -3.451    0.577   0.577   0.580   -4.028  -4.028  -4.031
2026-05-31 12:24:18.346 DATA REST   3.827   3.827   3.827    0.642   0.642   0.645    3.186   3.186   3.183
2026-05-31 12:24:18.356 DATA REST  -2.698  -2.698  -2.698    0.575   0.575   0.578   -3.273  -3.273  -3.276
2026-05-31 12:24:18.366 DATA REST  -6.651  -6.651  -6.651    0.430   0.430   0.433   -7.082  -7.081  -7.084
2026-05-31 12:24:18.376 DATA REST  -5.522  -5.522  -5.522    0.311   0.311   0.314   -5.833  -5.833  -5.836
2026-05-31 12:24:18.386 DATA REST  -3.765  -3.765  -3.765    0.230   0.230   0.233   -3.995  -3.995  -3.998
2026-05-31 12:24:18.396 DATA REST  -6.526  -6.526  -6.526    0.095   0.095   0.097   -6.620  -6.620  -6.623
2026-05-31 12:24:18.406 DATA REST   4.957   4.957   4.957    0.192   0.192   0.195    4.765   4.765   4.762
2026-05-31 12:24:18.416 DATA REST   4.078   4.078   4.078    0.270   0.270   0.272    3.809   3.809   3.806
2026-05-31 12:24:18.426 DATA REST   3.576   3.576   3.576    0.336   0.336   0.338    3.241   3.241   3.238
2026-05-31 12:24:18.436 DATA REST   1.506   1.506   1.506    0.359   0.359   0.362    1.147   1.147   1.144
2026-05-31 12:24:18.446 DATA REST   1.255   1.255   1.255    0.377   0.377   0.380    0.878   0.878   0.875
2026-05-31 12:24:18.456 DATA REST   0.439   0.439   0.439    0.378   0.378   0.381    0.061   0.061   0.058
2026-05-31 12:24:18.466 DATA REST  -0.000  -0.000  -0.000    0.371   0.371   0.373   -0.371  -0.371  -0.373
2026-05-31 12:24:18.476 DATA REST  -0.941  -0.941  -0.941    0.345   0.345   0.347   -1.286  -1.286  -1.288
2026-05-31 12:24:18.486 DATA REST   2.447   2.447   2.447    0.387   0.387   0.389    2.060   2.060   2.058
2026-05-31 12:24:18.496 DATA REST  -0.000  -0.000  -0.000    0.379   0.379   0.381   -0.379  -0.379  -0.381
2026-05-31 12:24:18.531 DATA REST   5.772   5.772   5.772    0.487   0.487   0.489    5.286   5.286   5.284
2026-05-31 12:24:18.541 DATA REST   6.149   6.149   6.149    0.600   0.600   0.602    5.549   5.549   5.547
2026-05-31 12:24:18.551 DATA REST   6.149   5.459   5.459    0.711   0.697   0.699    5.438   4.762   4.759
2026-05-31 12:24:18.561 DATA REST   5.396   5.396   5.396    0.805   0.791   0.793    4.591   4.605   4.603
2026-05-31 12:24:18.571 DATA REST   5.961   5.961   5.961    0.908   0.894   0.897    5.053   5.066   5.064
2026-05-31 12:24:18.581 DATA REST   3.263   3.263   3.263    0.955   0.942   0.944    2.308   2.321   2.319
2026-05-31 12:24:18.591 DATA REST   0.376   0.376   0.376    0.943   0.931   0.933   -0.567  -0.554  -0.556
2026-05-31 12:24:18.601 DATA REST   6.776   6.776   6.776    1.060   1.047   1.049    5.716   5.729   5.727
2026-05-31 12:24:18.611 DATA REST   6.149   6.149   6.149    1.162   1.149   1.151    4.987   4.999   4.998
2026-05-31 12:24:18.621 DATA REST   7.216   7.216   7.216    1.283   1.271   1.273    5.933   5.945   5.943
2026-05-31 12:24:18.631 DATA REST  -7.592  -7.592  -7.592    1.105   1.094   1.095   -8.698  -8.686  -8.688
2026-05-31 12:24:18.641 DATA REST   2.929   2.886   2.886    1.142   1.129   1.131    1.788   1.757   1.755
2026-05-31 12:24:18.651 DATA REST   2.008   2.008   2.008    1.159   1.147   1.149    0.849   0.861   0.859
2026-05-31 12:24:18.661 DATA REST  -7.404  -7.404  -7.404    0.988   0.976   0.978   -8.392  -8.380  -8.382
2026-05-31 12:24:18.671 DATA REST  -7.028  -7.028  -7.028    0.828   0.816   0.818   -7.855  -7.843  -7.845
2026-05-31 12:24:18.681 DATA REST   4.894   4.894   4.894    0.909   0.897   0.899    3.985   3.997   3.995
2026-05-31 12:24:18.691 DATA REST  -5.396  -5.396  -5.396    0.783   0.772   0.773   -6.179  -6.168  -6.169
2026-05-31 12:24:18.701 DATA REST   3.388   3.388   3.388    0.835   0.824   0.825    2.553   2.564   2.563
2026-05-31 12:24:18.711 DATA REST  -3.263  -3.263  -3.263    0.753   0.742   0.744   -4.016  -4.005  -4.007
2026-05-31 12:24:18.721 DATA REST  -6.651  -6.651  -6.651    0.605   0.594   0.596   -7.256  -7.245  -7.247
2026-05-31 12:24:18.731 DATA REST  -6.965  -6.965  -6.965    0.454   0.443   0.445   -7.418  -7.408  -7.409
2026-05-31 12:24:18.741 DATA REST   0.502   0.502   0.502    0.454   0.444   0.446    0.047   0.058   0.056
2026-05-31 12:24:18.751 DATA REST   6.651   6.651   6.651    0.578   0.568   0.570    6.072   6.082   6.081
2026-05-31 12:24:18.761 DATA REST  -4.706  -4.706  -4.706    0.473   0.463   0.464   -5.179  -5.169  -5.170
2026-05-31 12:24:18.771 DATA REST  -6.526  -6.526  -6.526    0.333   0.323   0.325   -6.858  -6.849  -6.850
2026-05-31 12:24:18.781 DATA REST   3.702   3.702   3.702    0.400   0.391   0.392    3.302   3.311   3.310
2026-05-31 12:24:18.791 DATA REST   0.251   0.251   0.251    0.397   0.388   0.389   -0.146  -0.137  -0.138
2026-05-31 12:24:18.801 DATA REST   2.008   2.008   2.008    0.429   0.420   0.422    1.578   1.587   1.586
2026-05-31 12:24:18.811 DATA REST   6.149   6.149   6.149    0.544   0.535   0.536    5.605   5.614   5.613
2026-05-31 12:24:18.821 DATA REST  -0.063  -0.063  -0.063    0.532   0.523   0.524   -0.595  -0.586  -0.587
2026-05-31 12:24:18.831 DATA REST  -3.451  -3.451  -3.451    0.452   0.443   0.445   -3.903  -3.895  -3.896
2026-05-31 12:24:18.841 DATA REST  -5.459  -5.459  -5.459    0.334   0.325   0.327   -5.793  -5.784  -5.786
2026-05-31 12:24:18.851 DATA REST  -5.145  -5.145  -5.145    0.224   0.216   0.217   -5.369  -5.361  -5.362
2026-05-31 12:24:18.861 DATA REST   0.000   0.000   0.000    0.220   0.212   0.213   -0.220  -0.212  -0.213
2026-05-31 12:24:18.871 DATA REST  -4.392  -4.392  -4.392    0.127   0.120   0.121   -4.520  -4.512  -4.513
2026-05-31 12:24:18.881 DATA REST  -3.577  -3.577  -3.577    0.053   0.046   0.047   -3.630  -3.622  -3.623
2026-05-31 12:24:18.891 DATA REST  -5.271  -5.271  -5.271   -0.053  -0.061  -0.060   -5.218  -5.210  -5.211
2026-05-31 12:24:18.901 DATA REST   7.655   7.655   7.655    0.101   0.094   0.095    7.554   7.561   7.560
2026-05-31 12:24:18.911 DATA REST   7.718   7.718   7.718    0.253   0.246   0.247    7.464   7.471   7.470
2026-05-31 12:24:18.921 DATA REST  -7.028  -7.028  -7.028    0.108   0.101   0.102   -7.135  -7.128  -7.129
2026-05-31 12:24:18.931 DATA REST   2.447   2.447   2.447    0.155   0.148   0.149    2.292   2.299   2.298
2026-05-31 12:24:18.941 DATA REST  -5.020  -5.020  -5.020    0.051   0.044   0.045   -5.071  -5.064  -5.065
2026-05-31 12:24:18.951 DATA REST   7.027   7.027   7.027    0.191   0.184   0.185    6.837   6.843   6.842
2026-05-31 12:24:18.961 DATA REST   7.404   7.404   7.404    0.335   0.328   0.329    7.069   7.075   7.075
2026-05-31 12:24:18.971 DATA REST   2.761   2.761   2.761    0.383   0.377   0.378    2.377   2.384   2.383
2026-05-31 12:24:18.981 DATA REST  -4.079  -4.079  -4.079    0.294   0.288   0.289   -4.373  -4.366  -4.367
2026-05-31 12:24:18.991 DATA REST  -7.216  -7.216  -7.216    0.144   0.138   0.139   -7.360  -7.354  -7.354
2026-05-31 12:24:19.001 DATA REST   6.400   6.400   6.400    0.269   0.263   0.264    6.131   6.137   6.136
2026-05-31 12:24:19.036 DATA REST   3.953   3.953   3.953    0.343   0.337   0.338    3.610   3.616   3.615
2026-05-31 12:24:19.046 DATA REST   5.082   5.082   5.082    0.438   0.432   0.433    4.645   4.651   4.650
2026-05-31 12:24:19.056 DATA REST   2.259   2.259   2.259    0.474   0.468   0.469    1.785   1.791   1.790
2026-05-31 12:24:19.066 DATA REST   7.592   0.530   0.502    0.616   0.469   0.470    6.976   0.060   0.032
2026-05-31 12:24:19.076 DATA REST   0.188   0.188   0.188    0.608   0.464   0.464   -0.419  -0.276  -0.276
2026-05-31 12:24:19.086 DATA REST  -1.255  -1.255  -1.255    0.570   0.429   0.430   -1.826  -1.685  -1.685
2026-05-31 12:24:19.096 DATA REST  -0.188  -0.188  -0.188    0.555   0.417   0.417   -0.744  -0.606  -0.606
2026-05-31 12:24:19.106 DATA REST   0.816   0.816   0.816    0.561   0.425   0.425    0.255   0.391   0.390
2026-05-31 12:24:19.116 DATA REST  -6.149  -6.149  -6.149    0.426   0.294   0.294   -6.575  -6.443  -6.443
2026-05-31 12:24:19.126 DATA REST   0.753   0.753   0.753    0.433   0.303   0.303    0.320   0.450   0.450
2026-05-31 12:24:19.136 DATA REST  -5.773  -5.773  -5.773    0.309   0.181   0.181   -6.081  -5.954  -5.954
2026-05-31 12:24:19.146 DATA REST   0.063   0.063   0.063    0.304   0.179   0.179   -0.241  -0.116  -0.116
2026-05-31 12:24:19.156 DATA REST  -0.126   0.249   0.188    0.295   0.180   0.179   -0.421   0.069   0.009
2026-05-31 12:24:19.166 DATA REST   4.518   4.518   4.518    0.380   0.267   0.266    4.138   4.251   4.252
2026-05-31 12:24:19.176 DATA REST  -7.153  -7.153  -7.153    0.229   0.119   0.118   -7.382  -7.272  -7.271
2026-05-31 12:24:19.186 DATA REST  -2.573  -2.573  -2.573    0.173   0.065   0.064   -2.746  -2.638  -2.637
2026-05-31 12:24:19.196 DATA REST   5.396   5.396   5.396    0.277   0.171   0.171    5.119   5.225   5.225
2026-05-31 12:24:19.206 DATA REST  -1.883  -1.883  -1.883    0.234   0.130   0.129   -2.117  -2.013  -2.012
2026-05-31 12:24:19.216 DATA REST   5.333   5.333   5.333    0.336   0.234   0.234    4.997   5.099   5.100
2026-05-31 12:24:19.226 DATA REST  -0.251  -0.251  -0.251    0.324   0.225   0.224   -0.576  -0.476  -0.475
2026-05-31 12:24:19.236 DATA REST  -1.192  -1.192  -1.192    0.294   0.196   0.196   -1.487  -1.389  -1.388
2026-05-31 12:24:19.246 DATA REST  -2.259  -0.879  -0.879    0.243   0.175   0.174   -2.502  -1.054  -1.053
2026-05-31 12:24:19.256 DATA REST   5.208   5.208   5.208    0.342   0.276   0.275    4.865   4.932   4.933
2026-05-31 12:24:19.266 DATA REST  -7.843  -7.843  -7.843    0.179   0.113   0.112   -8.022  -7.956  -7.956
2026-05-31 12:24:19.276 DATA REST  -7.655  -7.655  -7.655    0.022  -0.042  -0.043   -7.677  -7.613  -7.612
2026-05-31 12:24:19.286 DATA REST  -4.079  -4.079  -4.079   -0.060  -0.123  -0.124   -4.019  -3.956  -3.955
2026-05-31 12:24:19.296 DATA REST   6.337   6.337   6.337    0.068   0.006   0.006    6.269   6.331   6.332
2026-05-31 12:24:19.306 DATA REST   0.502   0.502   0.502    0.077   0.016   0.015    0.425   0.486   0.487
2026-05-31 12:24:19.316 DATA REST   7.216   7.216   7.216    0.219   0.160   0.159    6.996   7.055   7.056
2026-05-31 12:24:19.326 DATA REST   5.208   5.208   5.208    0.319   0.261   0.260    4.889   4.947   4.947
2026-05-31 12:24:19.336 DATA REST   7.129   7.153   7.153    0.455   0.399   0.398    6.674   6.754   6.755
2026-05-31 12:24:19.346 DATA REST   7.655   7.655   7.655    0.599   0.544   0.543    7.055   7.111   7.111
2026-05-31 12:24:19.356 DATA REST  -1.067  -1.067  -1.067    0.566   0.512   0.511   -1.633  -1.579  -1.578
2026-05-31 12:24:19.366 DATA REST   5.772   5.772   5.772    0.670   0.617   0.616    5.102   5.155   5.156
2026-05-31 12:24:19.376 DATA REST  -5.333  -5.333  -5.333    0.550   0.498   0.497   -5.884  -5.832  -5.831
2026-05-31 12:24:19.386 DATA REST  -5.522  -5.522  -5.522    0.429   0.378   0.377   -5.950  -5.899  -5.899
2026-05-31 12:24:19.396 DATA REST   7.027   7.027   7.027    0.561   0.511   0.510    6.467   6.517   6.517
2026-05-31 12:24:19.406 DATA REST   6.776   6.776   6.776    0.685   0.636   0.635    6.091   6.140   6.141
2026-05-31 12:24:19.416 DATA REST  -6.463  -6.463  -6.463    0.542   0.494   0.493   -7.005  -6.957  -6.956
2026-05-31 12:24:19.426 DATA REST  -6.839  -6.839  -6.839    0.394   0.347   0.347   -7.234  -7.187  -7.186
2026-05-31 12:24:19.436 DATA REST  -5.961  -5.961  -5.961    0.267   0.221   0.221   -6.228  -6.182  -6.182
2026-05-31 12:24:19.446 DATA REST  -5.961  -5.961  -5.961    0.143   0.098   0.097   -6.104  -6.058  -6.058
2026-05-31 12:24:19.456 DATA REST  -5.271  -5.271  -5.271    0.034  -0.010  -0.010   -5.305  -5.261  -5.260
2026-05-31 12:24:19.466 DATA REST  -5.961  -5.961  -5.961   -0.086  -0.129  -0.129   -5.875  -5.832  -5.832
2026-05-31 12:24:19.476 DATA REST  -6.902  -6.902  -6.902   -0.222  -0.264  -0.265   -6.680  -6.638  -6.637
2026-05-31 12:24:19.486 DATA REST  -6.086  -6.086  -6.086   -0.339  -0.381  -0.381   -5.747  -5.706  -5.705
2026-05-31 12:24:19.496 DATA REST   6.965   6.965   6.965   -0.193  -0.234  -0.234    7.158   7.198   7.199
2026-05-31 12:24:19.506 DATA REST   6.965   6.965   6.965   -0.050  -0.090  -0.090    7.015   7.054   7.055
2026-05-31 12:24:19.541 DATA REST   4.016   4.016   4.016    0.031  -0.008  -0.008    3.984   4.023   4.024
2026-05-31 12:24:19.551 DATA REST   3.074   3.074   3.074    0.092   0.054   0.053    2.982   3.021   3.021
2026-05-31 12:24:19.561 DATA REST   1.255   1.255   1.255    0.116   0.078   0.077    1.139   1.177   1.177
2026-05-31 12:24:19.571 DATA REST  -0.439  -0.439  -0.439    0.104   0.068   0.067   -0.544  -0.507  -0.507
2026-05-31 12:24:19.581 DATA REST  -0.439   2.373   2.322    0.094   0.114   0.112   -0.533   2.259   2.209
2026-05-31 12:24:19.591 DATA REST   4.769   4.769   4.769    0.187   0.207   0.205    4.582   4.562   4.563
2026-05-31 12:24:19.601 DATA REST   4.580   4.580   4.580    0.275   0.294   0.293    4.305   4.286   4.288
2026-05-31 12:24:19.611 DATA REST   4.957   4.957   4.957    0.369   0.387   0.386    4.588   4.569   4.571
2026-05-31 12:24:19.621 DATA REST  -6.902  -6.902  -6.902    0.223   0.242   0.240   -7.125  -7.144  -7.142
2026-05-31 12:24:19.631 DATA REST  -4.769  -4.769  -4.769    0.123   0.141   0.140   -4.892  -4.910  -4.909
2026-05-31 12:24:19.641 DATA REST   2.322   2.322   2.322    0.167   0.185   0.184    2.154   2.136   2.138
2026-05-31 12:24:19.651 DATA REST  -6.902  -6.902  -6.902    0.026   0.043   0.042   -6.928  -6.945  -6.944
2026-05-31 12:24:19.661 DATA REST   5.333   5.333   5.333    0.132   0.149   0.148    5.201   5.184   5.185
2026-05-31 12:24:19.671 DATA REST  -3.326   6.651   6.651    0.063   0.279   0.278   -3.389   6.372   6.373
2026-05-31 12:24:19.681 DATA REST   5.521   5.521   5.521    0.172   0.384   0.383    5.349   5.137   5.139
2026-05-31 12:24:19.691 DATA REST   4.078   4.078   4.078    0.250   0.458   0.457    3.828   3.620   3.622
2026-05-31 12:24:19.701 DATA REST   0.125   0.125   0.125    0.248   0.451   0.450   -0.122  -0.326  -0.325
2026-05-31 12:24:19.711 DATA REST  -1.004  -1.004  -1.004    0.223   0.422   0.421   -1.227  -1.426  -1.425
2026-05-31 12:24:19.721 DATA REST  -7.279  -7.279  -7.279    0.073   0.268   0.267   -7.351  -7.547  -7.546
2026-05-31 12:24:19.731 DATA REST  -2.447  -2.447  -2.447    0.022   0.214   0.213   -2.469  -2.661  -2.660
2026-05-31 12:24:19.741 DATA REST  -2.447  -2.447  -2.447   -0.027   0.161   0.160   -2.420  -2.608  -2.607
2026-05-31 12:24:19.751 DATA REST  -5.459  -5.459  -5.459   -0.136   0.048   0.047   -5.323  -5.507  -5.506
2026-05-31 12:24:19.761 DATA REST  -6.999  -6.965  -6.965   -0.273  -0.092  -0.093   -6.726  -6.873  -6.872
2026-05-31 12:24:19.771 DATA REST  -5.835  -5.835  -5.835   -0.384  -0.207  -0.208   -5.451  -5.629  -5.628
2026-05-31 12:24:19.781 DATA REST  -2.196  -2.196  -2.196   -0.421  -0.247  -0.248   -1.776  -1.950  -1.949
2026-05-31 12:24:19.791 DATA REST   0.502   0.502   0.502   -0.402  -0.232  -0.233    0.904   0.734   0.735
2026-05-31 12:24:19.801 DATA REST  -3.451  -3.451  -3.451   -0.463  -0.296  -0.297   -2.988  -3.155  -3.154
2026-05-31 12:24:19.811 DATA REST   4.016   4.016   4.016   -0.374  -0.210  -0.211    4.389   4.226   4.226
2026-05-31 12:24:19.821 DATA REST   4.769   4.769   4.769   -0.271  -0.110  -0.111    5.039   4.879   4.880
2026-05-31 12:24:19.831 DATA REST  -6.400  -6.400  -6.400   -0.393  -0.236  -0.237   -6.007  -6.164  -6.163
2026-05-31 12:24:19.841 DATA REST   7.216   7.216   7.216   -0.241  -0.087  -0.088    7.457   7.303   7.304
2026-05-31 12:24:19.851 DATA REST  -5.223  -5.208  -5.208   -0.341  -0.190  -0.190   -4.883  -5.018  -5.018
2026-05-31 12:24:19.861 DATA REST   4.706   4.706   4.706   -0.240  -0.092  -0.092    4.946   4.797   4.798
2026-05-31 12:24:19.871 DATA REST  -0.314  -0.314  -0.314   -0.241  -0.096  -0.097   -0.073  -0.218  -0.217
2026-05-31 12:24:19.881 DATA REST  -2.635  -2.635  -2.635   -0.289  -0.147  -0.148   -2.346  -2.489  -2.488
2026-05-31 12:24:19.891 DATA REST   3.890   3.890   3.890   -0.206  -0.066  -0.067    4.096   3.956   3.957
2026-05-31 12:24:19.901 DATA REST   6.839   6.839   6.839   -0.065   0.072   0.071    6.904   6.767   6.768
2026-05-31 12:24:19.911 DATA REST   3.514   3.514   3.514    0.007   0.141   0.140    3.507   3.373   3.374
2026-05-31 12:24:19.921 DATA REST  -2.573  -2.573  -2.573   -0.045   0.087   0.086   -2.528  -2.659  -2.659
2026-05-31 12:24:19.931 DATA REST   5.145   5.145   5.145    0.059   0.188   0.187    5.086   4.957   4.958
2026-05-31 12:24:19.941 DATA REST   3.200   3.200   3.200    0.122   0.248   0.247    3.078   2.952   2.953
2026-05-31 12:24:19.951 DATA REST   6.400   6.400   6.400    0.247   0.371   0.370    6.152   6.029   6.030
2026-05-31 12:24:19.961 DATA REST   4.894   4.894   4.894    0.340   0.461   0.461    4.554   4.433   4.433
2026-05-31 12:24:19.971 DATA REST   4.141   4.141   4.141    0.416   0.535   0.534    3.725   3.606   3.607
2026-05-31 12:24:19.981 DATA REST   1.820   1.820   1.820    0.444   0.561   0.560    1.375   1.259   1.259
2026-05-31 12:24:19.991 DATA REST  -7.279  -7.279  -7.279    0.290   0.404   0.403   -7.569  -7.683  -7.682
2026-05-31 12:24:20.001 DATA REST  -1.130  -1.130  -1.130    0.262   0.373   0.373   -1.391  -1.503  -1.502
2026-05-31 12:24:20.011 DATA REST   0.376   0.376   0.376    0.264   0.373   0.373    0.113   0.003   0.004
2026-05-31 12:24:20.046 DATA REST   3.200   3.200   3.200    0.323   0.430   0.429    2.877   2.770   2.771
2026-05-31 12:24:20.056 DATA REST   5.082   5.082   5.082    0.418   0.523   0.522    4.664   4.559   4.560
2026-05-31 12:24:20.066 DATA REST   1.757   1.757   1.757    0.445   0.548   0.547    1.312   1.209   1.210
2026-05-31 12:24:20.076 DATA REST   1.129   1.129   1.129    0.458   0.559   0.559    0.671   0.570   0.571
2026-05-31 12:24:20.086 DATA REST   4.078   4.078   4.078    0.531   0.630   0.629    3.548   3.449   3.449
2026-05-31 12:24:20.096 DATA REST  -6.902  -6.902  -6.839    0.382   0.479   0.480   -7.284  -7.381  -7.319
2026-05-31 12:24:20.106 DATA REST   2.384   2.384   2.384    0.422   0.517   0.518    1.962   1.867   1.866
2026-05-31 12:24:20.116 DATA REST  -2.635  -2.635  -2.635    0.361   0.454   0.455   -2.996  -3.090  -3.090
2026-05-31 12:24:20.126 DATA REST  -0.941  -0.941  -0.941    0.335   0.426   0.427   -1.276  -1.368  -1.368
2026-05-31 12:24:20.136 DATA REST   0.565   0.565   0.565    0.339   0.429   0.430    0.225   0.136   0.135
2026-05-31 12:24:20.146 DATA REST   1.820   1.820   1.820    0.369   0.457   0.457    1.450   1.363   1.362
2026-05-31 12:24:20.156 DATA REST  -6.149  -6.149  -6.149    0.239   0.325   0.325   -6.388  -6.474  -6.474
2026-05-31 12:24:20.166 DATA REST  -2.573  -2.573  -2.573    0.182   0.267   0.267   -2.755  -2.839  -2.840
2026-05-31 12:24:20.176 DATA REST  -2.071  -2.071  -2.071    0.137   0.220   0.221   -2.208  -2.291  -2.291
2026-05-31 12:24:20.186 DATA REST  -3.075  -5.262  -5.271    0.073   0.110   0.111   -3.148  -5.372  -5.381
2026-05-31 12:24:20.196 DATA REST   7.341   7.341   7.341    0.219   0.255   0.255    7.123   7.086   7.086
2026-05-31 12:24:20.206 DATA REST   1.255   1.255   1.255    0.239   0.275   0.275    1.016   0.980   0.980
2026-05-31 12:24:20.216 DATA REST  -2.761  -2.761  -2.761    0.179   0.214   0.215   -2.940  -2.975  -2.976
2026-05-31 12:24:20.226 DATA REST  -2.385  -2.385  -2.385    0.128   0.162   0.163   -2.513  -2.547  -2.547
2026-05-31 12:24:20.236 DATA REST  -7.279  -7.279  -7.279   -0.020   0.013   0.014   -7.258  -7.292  -7.292
2026-05-31 12:24:20.246 DATA REST  -4.832  -4.832  -4.832   -0.116  -0.084  -0.083   -4.715  -4.748  -4.748
2026-05-31 12:24:20.256 DATA REST  -3.075  -3.075  -3.075   -0.176  -0.143  -0.143   -2.899  -2.931  -2.932
2026-05-31 12:24:20.266 DATA REST  -2.824  -2.824  -2.824   -0.229  -0.197  -0.197   -2.595  -2.627  -2.627
2026-05-31 12:24:20.276 DATA REST  -5.710   7.341   7.341   -0.338  -0.046  -0.046   -5.372   7.387   7.387
2026-05-31 12:24:20.286 DATA REST  -7.279  -7.279  -7.279   -0.477  -0.191  -0.190   -6.802  -7.088  -7.088
2026-05-31 12:24:20.296 DATA REST  -4.769  -4.769  -4.769   -0.563  -0.282  -0.282   -4.206  -4.486  -4.487
2026-05-31 12:24:20.306 DATA REST  -4.204  -4.204  -4.204   -0.636  -0.361  -0.360   -3.568  -3.843  -3.844
2026-05-31 12:24:20.316 DATA REST  -2.824  -2.824  -2.824   -0.679  -0.410  -0.410   -2.144  -2.414  -2.414
2026-05-31 12:24:20.326 DATA REST  -6.651  -6.651  -6.651   -0.799  -0.535  -0.535   -5.852  -6.116  -6.117
2026-05-31 12:24:20.336 DATA REST   7.843   7.843   7.843   -0.626  -0.367  -0.367    8.469   8.210   8.210
2026-05-31 12:24:20.346 DATA REST   6.651   6.651   6.651   -0.480  -0.227  -0.227    7.131   6.878   6.878
2026-05-31 12:24:20.356 DATA REST   6.149   6.149   6.149   -0.348  -0.099  -0.099    6.497   6.248   6.248
2026-05-31 12:24:20.366 DATA REST  -4.902  -4.894  -4.894   -0.439  -0.195  -0.195   -4.463  -4.699  -4.699
2026-05-31 12:24:20.376 DATA REST  -6.651  -6.651  -6.651   -0.563  -0.324  -0.324   -6.088  -6.327  -6.327
2026-05-31 12:24:20.386 DATA REST  -5.459  -5.459  -5.459   -0.661  -0.427  -0.427   -4.798  -5.032  -5.032
2026-05-31 12:24:20.396 DATA REST   1.882   1.882   1.882   -0.610  -0.381  -0.381    2.493   2.263   2.263
2026-05-31 12:24:20.406 DATA REST   7.090   7.090   7.090   -0.456  -0.232  -0.231    7.546   7.322   7.321
2026-05-31 12:24:20.416 DATA REST   7.278   7.278   7.278   -0.302  -0.081  -0.081    7.580   7.360   7.359
2026-05-31 12:24:20.426 DATA REST   2.196   2.196   2.196   -0.252  -0.036  -0.036    2.448   2.232   2.232
2026-05-31 12:24:20.436 DATA REST  -2.259  -2.259  -2.259   -0.292  -0.080  -0.080   -1.967  -2.179  -2.179
2026-05-31 12:24:20.446 DATA REST  -0.439  -0.439  -0.439   -0.295  -0.087  -0.087   -0.145  -0.352  -0.352
2026-05-31 12:24:20.456 DATA REST   3.388   3.388   3.388   -0.221  -0.018  -0.018    3.609   3.406   3.406
2026-05-31 12:24:20.466 DATA REST   0.627   0.627   0.627   -0.204  -0.005  -0.005    0.831   0.632   0.632
2026-05-31 12:24:20.476 DATA REST  -3.639  -3.639  -3.639   -0.273  -0.078  -0.077   -3.367  -3.562  -3.562
2026-05-31 12:24:20.477 PROMPT shake_start cycle=7
2026-05-31 12:24:20.511 DATA SHAKE  -2.510  -2.510  -2.510   -0.317  -0.126  -0.126   -2.193  -2.384  -2.384
2026-05-31 12:24:20.521 DATA SHAKE  -4.957  -4.957   7.230   -0.410  -0.223   0.021   -4.547  -4.734   7.209
2026-05-31 12:24:20.531 DATA SHAKE   1.380   1.380   1.380   -0.374  -0.191   0.048    1.755   1.571   1.332
2026-05-31 12:24:20.541 DATA SHAKE  -0.879  -0.879  -0.879   -0.385  -0.205   0.030   -0.494  -0.674  -0.908
2026-05-31 12:24:20.551 DATA SHAKE   6.839   6.839   6.839   -0.240  -0.064   0.166    7.079   6.903   6.673
2026-05-31 12:24:20.561 DATA SHAKE  -0.188  -0.188  -0.188   -0.239  -0.066   0.159    0.051  -0.122  -0.347
2026-05-31 12:24:20.571 DATA SHAKE   5.835   5.835   5.835   -0.118   0.052   0.272    5.953   5.783   5.563
2026-05-31 12:24:20.581 DATA SHAKE  -7.843  -7.843  -7.843   -0.272  -0.106   0.110   -7.571  -7.737  -7.953
2026-05-31 12:24:20.591 DATA SHAKE   2.573   2.573   2.573   -0.215  -0.053   0.159    2.788   2.625   2.413
2026-05-31 12:24:20.601 DATA SHAKE  -4.518  -4.518  -4.518   -0.301  -0.142   0.066   -4.217  -4.376  -4.583
2026-05-31 12:24:20.611 DATA SHAKE   1.569   1.569   5.020   -0.264  -0.108   0.165    1.832   1.676   4.855
2026-05-31 12:24:20.621 DATA SHAKE   7.529   7.529   7.529   -0.108   0.045   0.312    7.637   7.484   7.217
2026-05-31 12:24:20.631 DATA SHAKE   7.529   7.529   7.529    0.045   0.195   0.456    7.485   7.335   7.073
2026-05-31 12:24:20.641 DATA SHAKE  -2.322  -2.322  -2.322   -0.003   0.144   0.401   -2.319  -2.466  -2.723
2026-05-31 12:24:20.651 DATA SHAKE   4.078   4.078   4.078    0.079   0.223   0.474    3.999   3.855   3.604
2026-05-31 12:24:20.661 DATA SHAKE   5.961   5.961   5.961    0.197   0.338   0.584    5.764   5.623   5.377
2026-05-31 12:24:20.671 DATA SHAKE  -3.514  -3.514  -3.514    0.122   0.261   0.502   -3.636  -3.775  -4.016
2026-05-31 12:24:20.681 DATA SHAKE  -6.400  -6.400  -6.400   -0.008   0.128   0.364   -6.392  -6.528  -6.764
2026-05-31 12:24:20.691 DATA SHAKE   6.651   6.651   6.651    0.125   0.258   0.490    6.526   6.393   6.161
2026-05-31 12:24:20.701 DATA SHAKE  -0.565  -3.440  -3.451    0.111   0.184   0.411   -0.676  -3.624  -3.862
2026-05-31 12:24:20.711 DATA SHAKE   5.396   5.396   5.396    0.217   0.288   0.511    5.179   5.108   4.885
2026-05-31 12:24:20.721 DATA SHAKE  -5.083  -5.083  -5.083    0.111   0.181   0.399   -5.194  -5.263  -5.481
2026-05-31 12:24:20.731 DATA SHAKE  -7.592  -7.592  -7.592   -0.043   0.025   0.239   -7.549  -7.618  -7.831
2026-05-31 12:24:20.741 DATA SHAKE   7.718   7.718   7.718    0.112   0.179   0.389    7.605   7.538   7.329
2026-05-31 12:24:20.751 DATA SHAKE  -1.318  -1.318  -1.318    0.084   0.149   0.354   -1.402  -1.467  -1.672
2026-05-31 12:24:20.761 DATA SHAKE   1.882   1.882   1.882    0.120   0.184   0.385    1.763   1.698   1.497
2026-05-31 12:24:20.771 DATA SHAKE  -1.255  -1.255  -1.255    0.092   0.155   0.352   -1.347  -1.410  -1.607
2026-05-31 12:24:20.781 DATA SHAKE   7.027   7.027   7.027    0.231   0.293   0.486    6.797   6.735   6.542
2026-05-31 12:24:20.791 DATA SHAKE   7.153   0.590   0.565    0.369   0.299   0.487    6.784   0.292   0.077
2026-05-31 12:24:20.801 DATA SHAKE  -3.075  -3.075  -3.075    0.300   0.231   0.416   -3.375  -3.306  -3.491
2026-05-31 12:24:20.811 DATA SHAKE   1.820   1.820   1.820    0.331   0.263   0.444    1.489   1.557   1.375
2026-05-31 12:24:20.821 DATA SHAKE  -4.204  -4.204  -4.204    0.240   0.174   0.351   -4.444  -4.378  -4.555
2026-05-31 12:24:20.831 DATA SHAKE   3.765   3.765   3.765    0.311   0.245   0.419    3.454   3.519   3.345
2026-05-31 12:24:20.841 DATA SHAKE   7.529   7.529   7.529    0.455   0.391   0.562    7.074   7.138   6.968
2026-05-31 12:24:20.851 DATA SHAKE  -5.333  -5.333  -5.333    0.339   0.277   0.444   -5.673  -5.610  -5.777
2026-05-31 12:24:20.861 DATA SHAKE  -2.447  -2.447  -2.447    0.283   0.222   0.386   -2.731  -2.669  -2.833
2026-05-31 12:24:20.871 DATA SHAKE  -2.635  -2.635  -2.635    0.225   0.165   0.325   -2.861  -2.800  -2.961
2026-05-31 12:24:20.881 DATA SHAKE  -2.259  -0.565  -0.565    0.175   0.150   0.308   -2.434  -0.715  -0.873
2026-05-31 12:24:20.891 DATA SHAKE  -1.443  -1.443  -1.443    0.143   0.118   0.273   -1.586  -1.562  -1.716
2026-05-31 12:24:20.901 DATA SHAKE  -2.071  -2.071  -2.071    0.099   0.075   0.226   -2.170  -2.146  -2.297
2026-05-31 12:24:20.911 DATA SHAKE  -0.188  -0.188  -0.188    0.093   0.069   0.217   -0.281  -0.258  -0.406
2026-05-31 12:24:20.921 DATA SHAKE   6.149   6.149   6.149    0.214   0.191   0.336    5.935   5.958   5.813
2026-05-31 12:24:20.931 DATA SHAKE  -4.455  -4.455  -4.455    0.121   0.098   0.240   -4.576  -4.553  -4.695
2026-05-31 12:24:20.941 DATA SHAKE  -1.192  -1.192  -1.192    0.094   0.072   0.212   -1.287  -1.265  -1.404
2026-05-31 12:24:20.951 DATA SHAKE   6.212   6.212   6.212    0.217   0.195   0.332    5.995   6.017   5.880
2026-05-31 12:24:20.961 DATA SHAKE   7.216   7.216   7.216    0.357   0.335   0.469    6.859   6.880   6.746
2026-05-31 12:24:20.971 DATA SHAKE  -4.365  -4.330  -4.330    0.262   0.242   0.373   -4.628  -4.572  -4.703
2026-05-31 12:24:20.981 DATA SHAKE  -7.467  -7.467  -7.467    0.108   0.088   0.217   -7.575  -7.555  -7.683
2026-05-31 12:24:21.016 DATA SHAKE  -4.957  -4.957  -4.957    0.006  -0.013   0.113   -4.963  -4.944  -5.070
2026-05-31 12:24:21.026 DATA SHAKE  -4.769  -4.769  -4.769   -0.089  -0.108   0.015   -4.680  -4.661  -4.784
2026-05-31 12:24:21.036 DATA SHAKE   0.000   0.000   0.000   -0.087  -0.106   0.015    0.087   0.106  -0.015
2026-05-31 12:24:21.046 DATA SHAKE  -0.188  -0.188  -0.188   -0.089  -0.107   0.011   -0.099  -0.081  -0.200
2026-05-31 12:24:21.056 DATA SHAKE  -4.957  -4.957  -4.957   -0.187  -0.204  -0.088   -4.770  -4.753  -4.869
2026-05-31 12:24:21.066 DATA SHAKE  -6.275  -6.275  -6.275   -0.308  -0.326  -0.212   -5.966  -5.949  -6.063
2026-05-31 12:24:21.076 DATA SHAKE  -0.628  -0.628  -0.628   -0.315  -0.332  -0.220   -0.313  -0.296  -0.407
2026-05-31 12:24:21.086 DATA SHAKE   1.192   1.192   1.192   -0.285  -0.301  -0.192    1.477   1.494   1.384
2026-05-31 12:24:21.096 DATA SHAKE  -3.702  -3.702  -3.702   -0.353  -0.369  -0.262   -3.349  -3.333  -3.440
2026-05-31 12:24:21.106 DATA SHAKE   0.063   0.063   0.063   -0.345  -0.361  -0.256    0.407   0.424   0.319
2026-05-31 12:24:21.116 DATA SHAKE  -1.130  -1.130  -1.130   -0.360  -0.376  -0.273   -0.769  -0.753  -0.856
2026-05-31 12:24:21.126 DATA SHAKE  -4.204  -4.204  -4.954   -0.437  -0.453  -0.367   -3.767  -3.751  -4.587
2026-05-31 12:24:21.136 DATA SHAKE   3.074   3.074   3.074   -0.367  -0.382  -0.298    3.441   3.457   3.373
2026-05-31 12:24:21.146 DATA SHAKE   4.016   4.016   4.016   -0.279  -0.294  -0.212    4.295   4.310   4.227
2026-05-31 12:24:21.156 DATA SHAKE   6.651   6.651   6.651   -0.141  -0.155  -0.075    6.792   6.806   6.725
2026-05-31 12:24:21.166 DATA SHAKE   1.192   1.192   1.192   -0.114  -0.128  -0.049    1.306   1.321   1.241
2026-05-31 12:24:21.176 DATA SHAKE   1.004   1.004   1.004   -0.092  -0.106  -0.028    1.096   1.110   1.032
2026-05-31 12:24:21.186 DATA SHAKE  -2.698  -2.698  -2.698   -0.144  -0.158  -0.082   -2.554  -2.541  -2.617
2026-05-31 12:24:21.196 DATA SHAKE  -0.000  -0.000  -0.000   -0.141  -0.154  -0.080    0.141   0.154   0.080
2026-05-31 12:24:21.206 DATA SHAKE   1.945   1.945   1.945   -0.099  -0.112  -0.039    2.044   2.058   1.984
2026-05-31 12:24:21.216 DATA SHAKE   2.510   2.510  -7.530   -0.047  -0.060  -0.189    2.557   2.570  -7.340
2026-05-31 12:24:21.226 DATA SHAKE  -2.761  -2.761  -2.761   -0.101  -0.114  -0.241   -2.660  -2.647  -2.520
2026-05-31 12:24:21.236 DATA SHAKE   2.886   2.886   2.886   -0.042  -0.054  -0.178    2.928   2.940   3.064
2026-05-31 12:24:21.246 DATA SHAKE  -0.439  -0.439  -0.439   -0.050  -0.062  -0.183   -0.390  -0.378  -0.256
2026-05-31 12:24:21.256 DATA SHAKE   2.196   2.196   2.196   -0.005  -0.017  -0.136    2.201   2.213   2.332
2026-05-31 12:24:21.266 DATA SHAKE   0.251   0.251   0.251    0.000  -0.011  -0.128    0.251   0.262   0.379
2026-05-31 12:24:21.276 DATA SHAKE   4.706   4.706   4.706    0.095   0.083  -0.031    4.611   4.623   4.737
2026-05-31 12:24:21.286 DATA SHAKE   4.643   4.643   4.643    0.186   0.174   0.062    4.458   4.469   4.581
2026-05-31 12:24:21.296 DATA SHAKE   6.023   6.023   6.023    0.302   0.291   0.181    5.721   5.732   5.842
2026-05-31 12:24:21.306 DATA SHAKE  -1.255  -1.255  -2.698    0.271   0.260   0.124   -1.526  -1.515  -2.822
2026-05-31 12:24:21.316 DATA SHAKE   6.274   6.274   6.274    0.391   0.381   0.247    5.883   5.894   6.028
2026-05-31 12:24:21.326 DATA SHAKE   6.588   6.588   6.588    0.515   0.505   0.374    6.073   6.083   6.215
2026-05-31 12:24:21.336 DATA SHAKE  -2.322  -2.322  -2.322    0.458   0.448   0.320   -2.780  -2.770  -2.641
2026-05-31 12:24:21.346 DATA SHAKE  -7.530  -7.530  -7.530    0.299   0.289   0.163   -7.828  -7.818  -7.692
2026-05-31 12:24:21.356 DATA SHAKE   6.274   6.274   6.274    0.418   0.408   0.285    5.856   5.866   5.989
2026-05-31 12:24:21.366 DATA SHAKE  -6.463  -6.463  -6.463    0.281   0.271   0.150   -6.743  -6.734  -6.613
2026-05-31 12:24:21.376 DATA SHAKE   3.576   3.576   3.576    0.346   0.337   0.219    3.230   3.239   3.358
2026-05-31 12:24:21.386 DATA SHAKE  -3.702  -3.702  -3.702    0.265   0.256   0.140   -3.968  -3.958  -3.842
2026-05-31 12:24:21.396 DATA SHAKE  -3.828  -3.828   1.820    0.184   0.175   0.174   -4.011  -4.002   1.646
2026-05-31 12:24:21.406 DATA SHAKE  -7.906  -7.906  -7.906    0.022   0.013   0.012   -7.928  -7.919  -7.918
2026-05-31 12:24:21.416 DATA SHAKE   7.655   7.655   7.655    0.174   0.166   0.165    7.480   7.489   7.490
2026-05-31 12:24:21.426 DATA SHAKE   6.400   6.400   6.400    0.299   0.291   0.290    6.101   6.109   6.110
2026-05-31 12:24:21.436 DATA SHAKE   5.208   5.208   5.208    0.397   0.389   0.388    4.811   4.819   4.820
2026-05-31 12:24:21.446 DATA SHAKE  -4.518  -4.518  -4.518    0.299   0.291   0.290   -4.817  -4.809  -4.808
2026-05-31 12:24:21.456 DATA SHAKE  -3.075  -3.075  -3.075    0.231   0.223   0.223   -3.306  -3.298  -3.297
2026-05-31 12:24:21.466 DATA SHAKE   7.278   7.278   7.278    0.372   0.365   0.364    6.906   6.914   6.915
2026-05-31 12:24:21.476 DATA SHAKE  -2.259  -2.259  -2.259    0.320   0.312   0.311   -2.579  -2.571  -2.570
2026-05-31 12:24:21.486 DATA SHAKE  -4.079  -5.454  -5.459    0.232   0.197   0.196   -4.310  -5.650  -5.655
2026-05-31 12:24:21.521 DATA SHAKE  -2.698  -2.698  -2.698    0.173   0.139   0.138   -2.871  -2.837  -2.836
2026-05-31 12:24:21.531 DATA SHAKE   3.074   3.074   3.074    0.231   0.198   0.197    2.843   2.877   2.878
2026-05-31 12:24:21.541 DATA SHAKE  -6.965  -6.965  -6.965    0.087   0.054   0.053   -7.052  -7.019  -7.018
2026-05-31 12:24:21.551 DATA SHAKE   5.898   5.898   5.898    0.203   0.171   0.170    5.694   5.727   5.728
2026-05-31 12:24:21.561 DATA SHAKE   2.133   2.133   2.133    0.242   0.210   0.210    1.891   1.923   1.924
2026-05-31 12:24:21.571 DATA SHAKE  -4.769  -4.769  -4.769    0.142   0.111   0.110   -4.911  -4.880  -4.879
2026-05-31 12:24:21.581 DATA SHAKE  -5.522  -5.522  -5.522    0.029  -0.002  -0.003   -5.550  -5.520  -5.519
2026-05-31 12:24:21.591 DATA SHAKE  -4.392  -4.392  -4.392   -0.060  -0.090  -0.090   -4.332  -4.303  -4.302
2026-05-31 12:24:21.601 DATA SHAKE   5.145   5.145   5.145    0.044   0.015   0.014    5.101   5.130   5.131
2026-05-31 12:24:21.611 DATA SHAKE  -6.526  -6.526  -6.526   -0.087  -0.116  -0.116   -6.438  -6.410  -6.409
2026-05-31 12:24:21.621 DATA SHAKE   3.639   3.639   3.639   -0.013  -0.041  -0.041    3.652   3.680   3.681
2026-05-31 12:24:21.631 DATA SHAKE   5.208   5.208   5.208    0.092   0.064   0.064    5.116   5.143   5.144
2026-05-31 12:24:21.641 DATA SHAKE  -0.188  -0.188  -0.188    0.086   0.059   0.059   -0.275  -0.248  -0.247
2026-05-31 12:24:21.651 DATA SHAKE   6.400   6.400   6.400    0.212   0.186   0.185    6.187   6.214   6.214
2026-05-31 12:24:21.661 DATA SHAKE  -3.702  -3.702  -3.702    0.134   0.108   0.108   -3.836  -3.810  -3.810
2026-05-31 12:24:21.671 DATA SHAKE  -2.824  -2.824  -2.824    0.075   0.050   0.049   -2.899  -2.873  -2.873
2026-05-31 12:24:21.681 DATA SHAKE   6.714   6.714   6.714    0.208   0.183   0.182    6.506   6.531   6.531
2026-05-31 12:24:21.691 DATA SHAKE   0.753   0.753   0.753    0.219   0.194   0.194    0.534   0.559   0.559
2026-05-31 12:24:21.701 DATA SHAKE   4.392   4.392   4.392    0.302   0.278   0.278    4.090   4.114   4.114
2026-05-31 12:24:21.711 DATA SHAKE  -0.941  -0.941  -0.941    0.277   0.254   0.253   -1.219  -1.195  -1.195
2026-05-31 12:24:21.721 DATA SHAKE   3.765   3.765   3.765    0.347   0.324   0.324    3.418   3.441   3.441
2026-05-31 12:24:21.731 DATA SHAKE   2.008   2.008   2.008    0.380   0.358   0.357    1.628   1.650   1.651
2026-05-31 12:24:21.741 DATA SHAKE  -1.443  -1.443  -1.443    0.344   0.322   0.321   -1.787  -1.765  -1.765
2026-05-31 12:24:21.751 DATA SHAKE   6.714   6.714   6.714    0.471   0.450   0.449    6.242   6.264   6.265
2026-05-31 12:24:21.761 DATA SHAKE   1.255   1.255   1.255    0.487   0.466   0.465    0.768   0.789   0.790
2026-05-31 12:24:21.771 DATA SHAKE  -4.894  -4.894  -4.894    0.379   0.359   0.358   -5.274  -5.253  -5.252
2026-05-31 12:24:21.781 DATA SHAKE  -0.000  -0.000  -0.000    0.372   0.351   0.351   -0.372  -0.352  -0.351
2026-05-31 12:24:21.791 DATA SHAKE   0.188   0.188   0.188    0.368   0.348   0.348   -0.180  -0.160  -0.159
2026-05-31 12:24:21.801 DATA SHAKE   5.208   5.208   5.208    0.465   0.445   0.445    4.743   4.762   4.763
2026-05-31 12:24:21.811 DATA SHAKE   5.647   5.647   5.647    0.568   0.549   0.549    5.079   5.098   5.098
2026-05-31 12:24:21.821 DATA SHAKE   2.196   2.196   2.196    0.601   0.582   0.582    1.595   1.614   1.614
2026-05-31 12:24:21.831 DATA SHAKE   1.129   1.129   1.129    0.612   0.593   0.593    0.518   0.536   0.537
2026-05-31 12:24:21.841 DATA SHAKE  -3.451  -3.451  -3.451    0.530   0.512   0.512   -3.981  -3.963  -3.963
2026-05-31 12:24:21.851 DATA SHAKE  -6.651  -6.651  -6.651    0.387   0.369   0.369   -7.038  -7.020  -7.020
2026-05-31 12:24:21.861 DATA SHAKE   1.757   1.757   1.757    0.414   0.397   0.396    1.343   1.360   1.360
2026-05-31 12:24:21.871 DATA SHAKE  -6.149  -6.149  -6.149    0.283   0.266   0.265   -6.432  -6.415  -6.415
2026-05-31 12:24:21.881 DATA SHAKE   5.020   5.020   5.020    0.378   0.361   0.361    4.642   4.659   4.659
2026-05-31 12:24:21.891 DATA SHAKE   7.655   7.655   7.655    0.523   0.507   0.506    7.132   7.148   7.148
2026-05-31 12:24:21.901 DATA SHAKE  -1.569  -1.569  -1.569    0.481   0.465   0.465   -2.050  -2.034  -2.034
2026-05-31 12:24:21.911 DATA SHAKE   3.012   3.012   0.637    0.532   0.516   0.468    2.480   2.495   0.168
2026-05-31 12:24:21.921 DATA SHAKE   4.329   4.329   4.329    0.608   0.592   0.546    3.722   3.737   3.784
2026-05-31 12:24:21.931 DATA SHAKE  -6.463  -6.463  -6.463    0.466   0.451   0.405   -6.929  -6.914  -6.868
2026-05-31 12:24:21.941 DATA SHAKE  -0.502  -0.502  -0.502    0.447   0.432   0.387   -0.949  -0.935  -0.889
2026-05-31 12:24:21.951 DATA SHAKE   5.082   5.082   5.082    0.540   0.525   0.481    4.543   4.557   4.601
2026-05-31 12:24:21.961 DATA SHAKE  -1.130  -1.130  -1.130    0.506   0.492   0.449   -1.636  -1.622  -1.579
2026-05-31 12:24:21.971 DATA SHAKE  -7.781  -7.781  -7.781    0.341   0.327   0.284   -8.121  -8.107  -8.065
2026-05-31 12:24:21.981 DATA SHAKE  -5.020  -5.020  -5.020    0.233   0.220   0.178   -5.253  -5.240  -5.198
2026-05-31 12:24:21.991 DATA SHAKE   1.004   1.004   1.004    0.249   0.236   0.195    0.755   0.768   0.809
2026-05-31 12:24:22.026 DATA SHAKE  -4.392  -4.392  -4.392    0.156   0.143   0.103   -4.548  -4.535  -4.495
2026-05-31 12:24:22.036 DATA SHAKE   3.639   3.639   3.639    0.226   0.213   0.174    3.414   3.426   3.465
2026-05-31 12:24:22.046 DATA SHAKE   6.086   6.086   6.086    0.343   0.330   0.292    5.743   5.756   5.794
2026-05-31 12:24:22.056 DATA SHAKE  -0.753  -0.753  -0.753    0.321   0.309   0.271   -1.074  -1.062  -1.024
2026-05-31 12:24:22.066 DATA SHAKE   0.439   0.439   0.439    0.323   0.311   0.274    0.116   0.128   0.165
2026-05-31 12:24:22.076 DATA SHAKE  -1.883  -1.883  -1.883    0.279   0.267   0.231   -2.162  -2.150  -2.114
2026-05-31 12:24:22.086 DATA SHAKE  -2.008  -2.008  -2.008    0.233   0.222   0.187   -2.241  -2.230  -2.195
2026-05-31 12:24:22.096 DATA SHAKE  -0.439  -0.439  -0.439    0.220   0.209   0.174   -0.659  -0.648  -0.613
2026-05-31 12:24:22.106 DATA SHAKE  -1.318  -1.318  -1.318    0.189   0.178   0.144   -1.507  -1.496  -1.462
2026-05-31 12:24:22.116 DATA SHAKE   7.278   7.278   7.278    0.331   0.320   0.287    6.947   6.958   6.991
2026-05-31 12:24:22.126 DATA SHAKE   2.133   2.133   2.133    0.367   0.356   0.324    1.766   1.777   1.810
2026-05-31 12:24:22.136 DATA SHAKE  -5.396  -5.396  -5.396    0.252   0.241   0.209   -5.648  -5.638  -5.606
2026-05-31 12:24:22.146 DATA SHAKE   4.267   4.267   4.267    0.332   0.322   0.291    3.935   3.945   3.976
2026-05-31 12:24:22.156 DATA SHAKE  -0.690  -0.690  -0.690    0.312   0.302   0.271   -1.002  -0.992  -0.961
2026-05-31 12:24:22.166 DATA SHAKE   2.259   2.259   2.259    0.351   0.341   0.311    1.908   1.918   1.948
2026-05-31 12:24:22.176 DATA SHAKE  -2.322  -2.322  -2.322    0.297   0.288   0.258   -2.619  -2.609  -2.580
2026-05-31 12:24:22.186 DATA SHAKE  -2.071  -2.071  -2.071    0.250   0.240   0.211   -2.321  -2.311  -2.282
2026-05-31 12:24:22.196 DATA SHAKE   1.380   1.380   1.380    0.272   0.263   0.235    1.108   1.117   1.146
2026-05-31 12:24:22.206 DATA SHAKE  -3.514  -3.514  -3.514    0.197   0.188   0.160   -3.711  -3.702  -3.674
2026-05-31 12:24:22.216 DATA SHAKE  -4.832  -4.832  -4.832    0.096   0.087   0.060   -4.928  -4.919  -4.892
2026-05-31 12:24:22.226 DATA SHAKE  -0.188  -0.188  -0.188    0.090   0.082   0.055   -0.279  -0.270  -0.244
2026-05-31 12:24:22.236 DATA SHAKE  -4.330  -4.330  -4.330    0.002  -0.007  -0.033   -4.332  -4.323  -4.297
2026-05-31 12:24:22.246 DATA SHAKE  -2.134  -2.134  -2.134   -0.041  -0.049  -0.075   -2.093  -2.084  -2.059
2026-05-31 12:24:22.256 DATA SHAKE  -3.953  -3.953  -3.953   -0.119  -0.127  -0.152   -3.834  -3.826  -3.801
2026-05-31 12:24:22.266 DATA SHAKE  -2.322  -2.322  -2.322   -0.163  -0.171  -0.196   -2.159  -2.151  -2.126
2026-05-31 12:24:22.276 DATA SHAKE   2.071   2.071   2.071   -0.118  -0.126  -0.150    2.189   2.197   2.221
2026-05-31 12:24:22.286 DATA SHAKE   6.588   6.588   6.588    0.016   0.008  -0.016    6.572   6.580   6.604
2026-05-31 12:24:22.296 DATA SHAKE  -2.698  -2.698  -2.698   -0.039  -0.046  -0.069   -2.660  -2.652  -2.629
2026-05-31 12:24:22.306 DATA SHAKE   5.208   5.208   5.208    0.066   0.059   0.036    5.141   5.149   5.171
2026-05-31 12:24:22.316 DATA SHAKE  -2.824  -2.824  -2.824    0.009   0.001  -0.021   -2.832  -2.825  -2.803
2026-05-31 12:24:22.326 DATA SHAKE   1.192   1.192   1.192    0.032   0.025   0.003    1.160   1.167   1.189
2026-05-31 12:24:22.336 DATA SHAKE   0.565   0.565   0.565    0.043   0.036   0.015    0.522   0.529   0.550
2026-05-31 12:24:22.346 DATA SHAKE   3.263   3.263   3.263    0.107   0.101   0.080    3.155   3.162   3.183
2026-05-31 12:24:22.356 DATA SHAKE   2.698   2.698   2.698    0.159   0.152   0.132    2.539   2.546   2.566
2026-05-31 12:24:22.366 DATA SHAKE  -1.632  -1.632  -1.632    0.123   0.117   0.097   -1.755  -1.748  -1.728
2026-05-31 12:24:22.376 DATA SHAKE  -7.718  -7.718  -7.718   -0.033  -0.040  -0.060   -7.684  -7.678  -7.658
2026-05-31 12:24:22.386 DATA SHAKE   1.820   1.820   1.820    0.004  -0.003  -0.022    1.816   1.822   1.842
2026-05-31 12:24:22.396 DATA SHAKE  -6.651  -6.651  -6.651   -0.130  -0.136  -0.155   -6.522  -6.515  -6.497
2026-05-31 12:24:22.406 DATA SHAKE   1.192   1.192   1.192   -0.103  -0.109  -0.128    1.295   1.301   1.320
2026-05-31 12:24:22.416 DATA SHAKE   7.278   7.278   7.278    0.045   0.039   0.020    7.234   7.240   7.258
2026-05-31 12:24:22.426 DATA SHAKE   4.078   4.078   4.078    0.125   0.119   0.102    3.953   3.959   3.977
2026-05-31 12:24:22.436 DATA SHAKE  -0.816  -0.816  -0.816    0.106   0.101   0.083   -0.922  -0.917  -0.899
2026-05-31 12:24:22.446 DATA SHAKE  -0.502  -0.502  -0.502    0.094   0.089   0.072   -0.596  -0.591  -0.574
2026-05-31 12:24:22.456 DATA SHAKE  -5.396  -5.396  -5.396   -0.016  -0.021  -0.038   -5.381  -5.375  -5.358
2026-05-31 12:24:22.466 DATA SHAKE   5.647   5.647   5.647    0.098   0.092   0.076    5.549   5.555   5.571
2026-05-31 12:24:22.476 DATA SHAKE  -3.326  -3.326  -3.326    0.029   0.024   0.008   -3.355  -3.350  -3.334
2026-05-31 12:24:22.486 DATA SHAKE   7.467   7.467   7.467    0.178   0.173   0.157    7.289   7.294   7.310
2026-05-31 12:24:22.487 PROMPT rest_start cycle=7
2026-05-31 12:24:22.521 DATA REST   7.969   7.969   7.969    0.334   0.329   0.313    7.635   7.640   7.655
2026-05-31 12:24:22.531 DATA REST  -6.588  -6.588  -6.588    0.195   0.190   0.175   -6.784  -6.779  -6.764
2026-05-31 12:24:22.541 DATA REST   6.397   6.400   6.400    0.319   0.315   0.300    6.078   6.085   6.100
2026-05-31 12:24:22.551 DATA REST   0.314   0.314   0.314    0.319   0.315   0.300   -0.006  -0.001   0.014
2026-05-31 12:24:22.561 DATA REST   1.694   1.694   1.694    0.347   0.342   0.328    1.347   1.352   1.366
2026-05-31 12:24:22.571 DATA REST  -2.259  -2.259  -2.259    0.295   0.290   0.276   -2.554  -2.549  -2.535
2026-05-31 12:24:22.581 DATA REST  -0.251  -0.251  -0.251    0.284   0.279   0.266   -0.535  -0.531  -0.517
2026-05-31 12:24:22.591 DATA REST  -2.134  -2.134  -2.134    0.235   0.231   0.218   -2.369  -2.365  -2.351
2026-05-31 12:24:22.601 DATA REST   2.949   2.949   2.949    0.290   0.285   0.272    2.659   2.664   2.677
2026-05-31 12:24:22.611 DATA REST  -4.330  -4.330  -4.330    0.197   0.193   0.180   -4.527  -4.523  -4.510
2026-05-31 12:24:22.621 DATA REST  -1.757  -1.757  -1.757    0.158   0.154   0.141   -1.915  -1.911  -1.899
2026-05-31 12:24:22.631 DATA REST  -0.194  -0.188  -0.188    0.151   0.147   0.135   -0.345  -0.336  -0.323
2026-05-31 12:24:22.641 DATA REST  -3.828  -3.828  -3.828    0.072   0.068   0.056   -3.899  -3.895  -3.883
2026-05-31 12:24:22.651 DATA REST  -3.326  -3.326  -3.326    0.004  -0.000  -0.012   -3.329  -3.326  -3.314
2026-05-31 12:24:22.661 DATA REST  -7.028  -7.028  -7.028   -0.137  -0.141  -0.152   -6.891  -6.887  -6.875
2026-05-31 12:24:22.671 DATA REST  -0.000  -0.000  -0.000   -0.134  -0.138  -0.149    0.134   0.138   0.149
2026-05-31 12:24:22.681 DATA REST  -2.071  -2.071  -2.071   -0.173  -0.177  -0.188   -1.898  -1.894  -1.883
2026-05-31 12:24:22.691 DATA REST   2.823   2.823   2.823   -0.113  -0.117  -0.127    2.937   2.940   2.951
2026-05-31 12:24:22.701 DATA REST  -2.196  -2.196  -2.196   -0.155  -0.158  -0.169   -2.042  -2.038  -2.027
2026-05-31 12:24:22.711 DATA REST   0.565   0.565   0.565   -0.140  -0.144  -0.154    0.705   0.708   0.719
2026-05-31 12:24:22.721 DATA REST   3.012   3.012   3.012   -0.077  -0.081  -0.091    3.089   3.092   3.103
2026-05-31 12:24:22.731 DATA REST   0.690   0.690   0.690   -0.062  -0.065  -0.075    0.752   0.755   0.765
2026-05-31 12:24:22.741 DATA REST   6.149   6.149   6.149    0.062   0.059   0.049    6.087   6.090   6.100
2026-05-31 12:24:22.751 DATA REST  -0.439  -0.439  -0.439    0.052   0.049   0.039   -0.492  -0.489  -0.479
2026-05-31 12:24:22.761 DATA REST  -7.969  -7.969  -7.969   -0.108  -0.111  -0.121   -7.861  -7.858  -7.848
2026-05-31 12:24:22.771 DATA REST   3.514   3.514   3.514   -0.036  -0.039  -0.048    3.549   3.552   3.562
2026-05-31 12:24:22.781 DATA REST  -7.090  -7.090  -7.090   -0.177  -0.180  -0.189   -6.913  -6.911  -6.901
2026-05-31 12:24:22.791 DATA REST  -6.149  -6.149  -6.149   -0.296  -0.299  -0.308   -5.853  -5.850  -5.841
2026-05-31 12:24:22.801 DATA REST   6.902   6.902   6.902   -0.152  -0.155  -0.164    7.054   7.057   7.066
2026-05-31 12:24:22.811 DATA REST   4.831   4.831   4.831   -0.053  -0.055  -0.064    4.884   4.887   4.895
2026-05-31 12:24:22.821 DATA REST  -5.271  -5.271  -5.271   -0.157  -0.160  -0.168   -5.114  -5.111  -5.103
2026-05-31 12:24:22.831 DATA REST   2.071   2.071   2.071   -0.112  -0.115  -0.123    2.183   2.186   2.194
2026-05-31 12:24:22.841 DATA REST   1.129   1.129   1.129   -0.088  -0.090  -0.098    1.217   1.220   1.228
2026-05-31 12:24:22.851 DATA REST  -0.879  -0.879  -0.879   -0.103  -0.106  -0.114   -0.775  -0.773  -0.765
2026-05-31 12:24:22.861 DATA REST  -2.761  -2.761  -2.761   -0.157  -0.159  -0.167   -2.604  -2.602  -2.594
2026-05-31 12:24:22.871 DATA REST  -5.961  -5.961  -5.961   -0.273  -0.275  -0.283   -5.688  -5.686  -5.678
2026-05-31 12:24:22.881 DATA REST   4.894   4.894   4.894   -0.169  -0.172  -0.179    5.063   5.066   5.073
2026-05-31 12:24:22.891 DATA REST  -2.134  -2.134  -2.134   -0.209  -0.211  -0.218   -1.925  -1.923  -1.915
2026-05-31 12:24:22.901 DATA REST   5.145   5.145   5.145   -0.102  -0.104  -0.111    5.247   5.249   5.256
2026-05-31 12:24:22.911 DATA REST   1.882   1.882   1.882   -0.062  -0.064  -0.071    1.944   1.946   1.953
2026-05-31 12:24:22.921 DATA REST   0.314   0.314   0.314   -0.054  -0.057  -0.063    0.368   0.370   0.377
2026-05-31 12:24:22.931 DATA REST   6.337   6.337   6.337    0.073   0.071   0.065    6.264   6.266   6.273
2026-05-31 12:24:22.941 DATA REST  -4.330  -4.330  -4.330   -0.015  -0.017  -0.023   -4.315  -4.313  -4.306
2026-05-31 12:24:22.951 DATA REST  -2.761  -2.761  -2.761   -0.070  -0.072  -0.078   -2.691  -2.689  -2.683
2026-05-31 12:24:22.961 DATA REST   4.957   4.957   4.957    0.031   0.029   0.023    4.926   4.928   4.934
2026-05-31 12:24:22.971 DATA REST  -2.196  -2.196  -2.196   -0.014  -0.016  -0.022   -2.183  -2.181  -2.175
2026-05-31 12:24:22.981 DATA REST   6.714   6.714   6.714    0.121   0.119   0.113    6.593   6.595   6.601
2026-05-31 12:24:22.991 DATA REST   1.882   1.882   1.882    0.156   0.154   0.148    1.726   1.728   1.734
2026-05-31 12:24:23.026 DATA REST  -3.890  -3.890  -3.890    0.075   0.073   0.068   -3.966  -3.964  -3.958
2026-05-31 12:24:23.036 DATA REST   5.772   5.772   5.772    0.189   0.187   0.182    5.583   5.585   5.591
2026-05-31 12:24:23.046 DATA REST  -5.333  -5.333  -5.333    0.079   0.077   0.071   -5.412  -5.410  -5.405
2026-05-31 12:24:23.056 DATA REST   4.894  -5.918  -5.898    0.175  -0.043  -0.048    4.719  -5.876  -5.850
2026-05-31 12:24:23.066 DATA REST   1.380   1.380   1.380    0.199  -0.014  -0.019    1.181   1.395   1.400
2026-05-31 12:24:23.076 DATA REST   4.267   4.267   4.267    0.281   0.071   0.066    3.986   4.195   4.200
2026-05-31 12:24:23.086 DATA REST   2.886   2.886   2.886    0.333   0.127   0.123    2.554   2.759   2.764
2026-05-31 12:24:23.096 DATA REST   0.565   0.565   0.565    0.337   0.136   0.132    0.227   0.428   0.433
2026-05-31 12:24:23.106 DATA REST  -5.208  -5.208  -5.208    0.226   0.029   0.025   -5.434  -5.237  -5.233
2026-05-31 12:24:23.116 DATA REST  -5.145  -5.145  -5.145    0.119  -0.074  -0.079   -5.264  -5.071  -5.067
2026-05-31 12:24:23.126 DATA REST   7.090   7.090   7.090    0.258   0.069   0.065    6.832   7.021   7.025
2026-05-31 12:24:23.136 DATA REST  -2.635  -2.635  -2.635    0.200   0.015   0.011   -2.836  -2.651  -2.646
2026-05-31 12:24:23.146 DATA REST   1.506  -7.182  -7.153    0.227  -0.129  -0.133    1.279  -7.053  -7.020
2026-05-31 12:24:23.156 DATA REST   6.337   6.337   6.337    0.349   0.000  -0.003    5.988   6.337   6.340
2026-05-31 12:24:23.166 DATA REST  -7.153  -7.153  -7.153    0.199  -0.143  -0.146   -7.352  -7.010  -7.007
2026-05-31 12:24:23.176 DATA REST  -4.330  -4.330  -4.330    0.108  -0.226  -0.230   -4.438  -4.103  -4.100
2026-05-31 12:24:23.186 DATA REST  -1.255  -1.255  -1.255    0.081  -0.247  -0.250   -1.336  -1.008  -1.005
2026-05-31 12:24:23.196 DATA REST   2.886   2.886   2.886    0.137  -0.184  -0.188    2.749   3.071   3.074
2026-05-31 12:24:23.206 DATA REST   6.023   6.023   6.023    0.255  -0.060  -0.063    5.769   6.084   6.087
2026-05-31 12:24:23.216 DATA REST  -7.969  -7.969  -7.969    0.090  -0.218  -0.222   -8.059  -7.750  -7.747
2026-05-31 12:24:23.226 DATA REST   7.529   7.529   7.529    0.239  -0.063  -0.066    7.290   7.593   7.596
2026-05-31 12:24:23.236 DATA REST  -3.639   1.067   1.067    0.162  -0.041  -0.044   -3.801   1.107   1.110
2026-05-31 12:24:23.246 DATA REST  -2.008  -2.008  -2.008    0.118  -0.080  -0.083   -2.126  -1.928  -1.925
2026-05-31 12:24:23.256 DATA REST   4.078   4.078   4.078    0.197   0.003   0.000    3.881   4.075   4.078
2026-05-31 12:24:23.266 DATA REST  -6.714  -6.714  -6.714    0.059  -0.131  -0.134   -6.773  -6.583  -6.580
2026-05-31 12:24:23.276 DATA REST   2.071   2.071   2.071    0.099  -0.087  -0.090    1.971   2.158   2.161
2026-05-31 12:24:23.286 DATA REST  -3.200  -3.200  -3.200    0.033  -0.149  -0.152   -3.234  -3.051  -3.048
2026-05-31 12:24:23.296 DATA REST   4.392   4.392   4.392    0.121  -0.059  -0.061    4.272   4.451   4.453
2026-05-31 12:24:23.306 DATA REST   6.776   6.776   6.776    0.254   0.078   0.075    6.523   6.698   6.701
2026-05-31 12:24:23.316 DATA REST  -5.773  -5.773  -5.773    0.133  -0.039  -0.042   -5.906  -5.734  -5.731
2026-05-31 12:24:23.326 DATA REST  -1.634  -1.632  -1.632    0.098  -0.071  -0.073   -1.732  -1.561  -1.558
2026-05-31 12:24:23.336 DATA REST  -4.832  -4.832  -4.832   -0.001  -0.166  -0.169   -4.831  -4.665  -4.663
2026-05-31 12:24:23.346 DATA REST   7.341   7.341   7.341    0.146  -0.016  -0.018    7.195   7.357   7.359
2026-05-31 12:24:23.356 DATA REST   5.020   5.020   5.020    0.243   0.085   0.082    4.776   4.935   4.937
2026-05-31 12:24:23.366 DATA REST   4.706   4.706   4.706    0.333   0.177   0.175    4.373   4.529   4.531
2026-05-31 12:24:23.376 DATA REST   6.714   6.714   6.714    0.460   0.308   0.306    6.253   6.406   6.408
2026-05-31 12:24:23.386 DATA REST   5.459   5.459   5.459    0.560   0.411   0.409    4.898   5.048   5.050
2026-05-31 12:24:23.396 DATA REST   3.827   3.827   3.827    0.626   0.479   0.477    3.202   3.348   3.350
2026-05-31 12:24:23.406 DATA REST   4.392   4.392   4.392    0.701   0.558   0.555    3.691   3.835   3.837
2026-05-31 12:24:23.416 DATA REST   7.718   7.718   7.718    0.841   0.701   0.699    6.876   7.017   7.019
2026-05-31 12:24:23.426 DATA REST  -4.832  -4.832  -4.832    0.728   0.590   0.588   -5.559  -5.422  -5.420
2026-05-31 12:24:23.436 DATA REST  -3.765  -3.765  -3.765    0.638   0.503   0.501   -4.403  -4.268  -4.266
2026-05-31 12:24:23.446 DATA REST  -5.396  -5.396  -5.396    0.517   0.385   0.383   -5.914  -5.781  -5.779
2026-05-31 12:24:23.456 DATA REST   7.655   7.655   7.655    0.660   0.530   0.528    6.995   7.124   7.126
2026-05-31 12:24:23.466 DATA REST   2.635   2.635   2.635    0.700   0.573   0.571    1.936   2.063   2.065
2026-05-31 12:24:23.476 DATA REST   1.129   1.129   1.129    0.708   0.584   0.582    0.421   0.546   0.548
2026-05-31 12:24:23.486 DATA REST   0.376   0.376   0.376    0.702   0.580   0.578   -0.325  -0.203  -0.201
2026-05-31 12:24:23.496 DATA REST  -0.690  -0.690  -0.690    0.674   0.554   0.552   -1.364  -1.245  -1.243
2026-05-31 12:24:23.530 DATA REST   2.133   2.133   5.821    0.703   0.586   0.658    1.430   1.548   5.163
2026-05-31 12:24:23.540 DATA REST   6.463   6.463   6.463    0.818   0.703   0.774    5.645   5.759   5.689
2026-05-31 12:24:23.550 DATA REST   2.008   2.008   2.008    0.842   0.729   0.798    1.166   1.278   1.209
2026-05-31 12:24:23.560 DATA REST  -2.447  -2.447  -2.447    0.776   0.666   0.734   -3.223  -3.113  -3.181
2026-05-31 12:24:23.570 DATA REST   7.780   7.780   7.780    0.916   0.808   0.874    6.864   6.972   6.906
2026-05-31 12:24:23.580 DATA REST   1.318   1.318   1.318    0.924   0.818   0.883    0.393   0.499   0.434
2026-05-31 12:24:23.590 DATA REST   1.569   1.569   1.569    0.937   0.833   0.897    0.632   0.735   0.672
2026-05-31 12:24:23.600 DATA REST   5.772   5.772   5.772    1.034   0.932   0.995    4.739   4.840   4.778
2026-05-31 12:24:23.610 DATA REST  -2.761  -2.761  -2.761    0.958   0.858   0.919   -3.719  -3.619  -3.680
2026-05-31 12:24:23.620 DATA REST   2.635   2.635   2.948    0.991   0.894   0.960    1.644   1.742   1.988
2026-05-31 12:24:23.630 DATA REST  -1.192  -1.192  -1.192    0.948   0.852   0.917   -2.140  -2.044  -2.109
2026-05-31 12:24:23.640 DATA REST  -6.651  -6.651  -6.651    0.796   0.702   0.766   -7.447  -7.353  -7.417
2026-05-31 12:24:23.650 DATA REST   2.886   2.886   2.886    0.838   0.746   0.808    2.049   2.141   2.078
2026-05-31 12:24:23.660 DATA REST  -1.004  -1.004  -1.004    0.801   0.711   0.772   -1.805  -1.715  -1.776
2026-05-31 12:24:23.670 DATA REST   2.698   2.698   2.698    0.839   0.750   0.810    1.859   1.948   1.888
2026-05-31 12:24:23.680 DATA REST   3.765   3.765   3.765    0.897   0.811   0.869    2.867   2.954   2.895
2026-05-31 12:24:23.690 DATA REST   6.023   6.023   6.023    1.000   0.915   0.972    5.024   5.109   5.051
2026-05-31 12:24:23.700 DATA REST  -6.212  -6.212  -6.212    0.856   0.772   0.829   -7.067  -6.984  -7.041
2026-05-31 12:24:23.710 DATA REST  -4.016  -4.016  -3.203    0.758   0.677   0.748   -4.774  -4.693  -3.951
2026-05-31 12:24:23.720 DATA REST  -3.765  -3.765  -3.765    0.668   0.588   0.658   -4.433  -4.353  -4.423
2026-05-31 12:24:23.730 DATA REST   7.341   7.341   7.341    0.801   0.723   0.792    6.540   6.618   6.550
2026-05-31 12:24:23.740 DATA REST   2.008   2.008   2.008    0.825   0.749   0.816    1.183   1.259   1.192
2026-05-31 12:24:23.750 DATA REST  -0.628  -0.628  -0.628    0.796   0.721   0.787   -1.424  -1.349  -1.415
2026-05-31 12:24:23.760 DATA REST   5.333   5.333   5.333    0.887   0.813   0.878    4.446   4.520   4.455
2026-05-31 12:24:23.770 DATA REST   5.647   5.647   5.647    0.982   0.910   0.973    4.665   4.737   4.674
2026-05-31 12:24:23.780 DATA REST   5.145   5.145   5.145    1.065   0.995   1.057    4.080   4.150   4.088
2026-05-31 12:24:23.790 DATA REST  -7.279  -7.279  -7.279    0.899   0.829   0.890   -8.177  -8.108  -8.169
2026-05-31 12:24:23.800 DATA REST  -3.828  -3.828  -4.706    0.804   0.736   0.778   -4.632  -4.564  -5.484
2026-05-31 12:24:23.810 DATA REST  -3.639  -3.639  -3.639    0.715   0.649   0.690   -4.355  -4.288  -4.329
2026-05-31 12:24:23.820 DATA REST  -0.000  -0.000  -0.000    0.701   0.636   0.676   -0.701  -0.636  -0.676
2026-05-31 12:24:23.830 DATA REST   0.376   0.376   0.376    0.694   0.630   0.670   -0.318  -0.254  -0.293
2026-05-31 12:24:23.840 DATA REST  -2.886  -2.886  -2.886    0.623   0.560   0.599   -3.509  -3.447  -3.485
2026-05-31 12:24:23.850 DATA REST  -7.843  -7.843  -7.843    0.453   0.392   0.430   -8.297  -8.235  -8.273
2026-05-31 12:24:23.860 DATA REST   7.969   7.969   7.969    0.604   0.544   0.581    7.365   7.425   7.388
2026-05-31 12:24:23.870 DATA REST   7.090   7.090   7.090    0.733   0.674   0.711    6.357   6.416   6.379
2026-05-31 12:24:23.880 DATA REST  -7.467  -7.467  -7.467    0.569   0.512   0.547   -8.036  -7.978  -8.014
2026-05-31 12:24:23.890 DATA REST  -3.451  -3.451   0.941    0.489   0.432   0.555   -3.940  -3.884   0.386
2026-05-31 12:24:23.900 DATA REST   6.525   6.525   6.525    0.610   0.554   0.675    5.916   5.971   5.851
2026-05-31 12:24:23.910 DATA REST  -7.592  -7.592  -7.592    0.446   0.391   0.509   -8.038  -7.984  -8.102
2026-05-31 12:24:23.920 DATA REST   5.710   5.710   5.710    0.551   0.498   0.613    5.159   5.212   5.096
2026-05-31 12:24:23.930 DATA REST   1.192   1.192   1.192    0.564   0.512   0.625    0.628   0.681   0.567
2026-05-31 12:24:23.940 DATA REST  -7.090  -7.090  -7.090    0.411   0.360   0.471   -7.501  -7.450  -7.561
2026-05-31 12:24:23.950 DATA REST   6.776   6.776   6.776    0.538   0.488   0.597    6.238   6.289   6.180
2026-05-31 12:24:23.960 DATA REST   7.278   7.278   7.278    0.673   0.624   0.730    6.605   6.655   6.548
2026-05-31 12:24:23.970 DATA REST  -6.149  -6.149  -6.149    0.536   0.488   0.593   -6.686  -6.637  -6.742
2026-05-31 12:24:23.980 DATA REST  -5.333  -6.208  -6.212    0.419   0.354   0.457   -5.752  -6.563  -6.669
2026-05-31 12:24:23.990 DATA REST   7.404   7.404   7.404    0.559   0.495   0.596    6.845   6.909   6.808
2026-05-31 12:24:24.000 DATA REST   5.521   5.521   5.521    0.658   0.596   0.694    4.864   4.926   4.827
2026-05-31 12:24:24.035 DATA REST   0.063   0.063   0.063    0.646   0.585   0.682   -0.583  -0.522  -0.619
2026-05-31 12:24:24.045 DATA REST   0.690   0.690   0.690    0.647   0.587   0.682    0.043   0.103   0.009
2026-05-31 12:24:24.055 DATA REST  -7.655  -7.655  -7.655    0.481   0.422   0.515   -8.136  -8.077  -8.170
2026-05-31 12:24:24.065 DATA REST  -2.008  -2.008  -2.008    0.431   0.374   0.464   -2.439  -2.382  -2.473
2026-05-31 12:24:24.075 DATA REST   0.816   0.816   0.816    0.439   0.383   0.472    0.377   0.433   0.344
2026-05-31 12:24:24.085 DATA REST   3.451   3.451   3.451    0.499   0.444   0.531    2.952   3.007   2.920
2026-05-31 12:24:24.095 DATA REST   2.133   2.133   2.133    0.532   0.478   0.563    1.602   1.656   1.570
2026-05-31 12:24:24.105 DATA REST  -0.941  -0.941  -0.941    0.502   0.449   0.533   -1.444  -1.391  -1.474
2026-05-31 12:24:24.115 DATA REST  -4.581  -4.581  -4.581    0.401   0.349   0.431   -4.981  -4.929  -5.011
2026-05-31 12:24:24.125 DATA REST  -5.396  -5.396  -5.396    0.285   0.234   0.314   -5.681  -5.630  -5.710
2026-05-31 12:24:24.135 DATA REST  -4.392  -4.392  -4.392    0.191   0.141   0.220   -4.583  -4.534  -4.612
2026-05-31 12:24:24.145 DATA REST  -3.514  -3.514  -3.514    0.117   0.068   0.145   -3.631  -3.582  -3.659
2026-05-31 12:24:24.155 DATA REST  -6.651  -6.651  -6.651   -0.018  -0.066   0.009   -6.633  -6.585  -6.661
2026-05-31 12:24:24.165 DATA REST   4.706   4.706   4.706    0.076   0.029   0.103    4.630   4.677   4.602
2026-05-31 12:24:24.175 DATA REST   0.941   0.941   0.941    0.093   0.048   0.120    0.848   0.894   0.821
2026-05-31 12:24:24.185 DATA REST   6.212   6.212   6.212    0.216   0.171   0.242    5.996   6.041   5.970
2026-05-31 12:24:24.195 DATA REST  -4.455  -4.455  -4.455    0.122   0.078   0.148   -4.577  -4.533  -4.603
2026-05-31 12:24:24.205 DATA REST  -2.510  -2.510  -2.510    0.070   0.027   0.095   -2.580  -2.537  -2.605
2026-05-31 12:24:24.215 DATA REST  -1.569  -1.569  -1.569    0.037  -0.005   0.062   -1.606  -1.563  -1.630
2026-05-31 12:24:24.225 DATA REST  -3.200  -3.200  -3.200   -0.028  -0.069  -0.004   -3.172  -3.131  -3.197
2026-05-31 12:24:24.235 DATA REST   2.761   2.761   2.761    0.028  -0.013   0.052    2.733   2.773   2.709
2026-05-31 12:24:24.245 DATA REST  -0.377  -0.377  -0.377    0.020  -0.020   0.043   -0.397  -0.357  -0.420
2026-05-31 12:24:24.255 DATA REST  -0.314  -0.314  -0.314    0.013  -0.026   0.036   -0.327  -0.288  -0.350
2026-05-31 12:24:24.265 DATA REST   1.004   1.004   1.004    0.033  -0.005   0.055    0.971   1.009   0.949
2026-05-31 12:24:24.275 DATA REST   0.753   0.753   0.753    0.047   0.010   0.069    0.705   0.743   0.684
2026-05-31 12:24:24.285 DATA REST   0.690   0.690   0.690    0.060   0.024   0.082    0.630   0.667   0.608
2026-05-31 12:24:24.295 DATA REST  -0.502  -0.502  -0.502    0.049   0.013   0.070   -0.551  -0.515  -0.572
2026-05-31 12:24:24.305 DATA REST  -1.255  -1.255  -1.255    0.023  -0.012   0.044   -1.278  -1.243  -1.299
2026-05-31 12:24:24.315 DATA REST  -0.126  -0.126  -0.126    0.020  -0.015   0.040   -0.146  -0.111  -0.166
2026-05-31 12:24:24.325 DATA REST   7.718   7.718   7.718    0.174   0.140   0.194    7.544   7.577   7.524
2026-05-31 12:24:24.335 DATA REST  -6.526  -6.526  -6.526    0.040   0.007   0.059   -6.566  -6.532  -6.585
2026-05-31 12:24:24.345 DATA REST  -6.275  -6.275  -6.275   -0.086  -0.119  -0.067   -6.188  -6.156  -6.207
2026-05-31 12:24:24.355 DATA REST  -6.965  -6.965  -6.965   -0.224  -0.256  -0.205   -6.741  -6.709  -6.760
2026-05-31 12:24:24.365 DATA REST   5.082   5.082   5.082   -0.118  -0.149  -0.100    5.200   5.231   5.182
2026-05-31 12:24:24.375 DATA REST   0.627   0.627   0.627   -0.103  -0.134  -0.085    0.730   0.761   0.712
2026-05-31 12:24:24.385 DATA REST  -1.757  -1.757  -1.757   -0.136  -0.166  -0.118   -1.621  -1.591  -1.639
2026-05-31 12:24:24.395 DATA REST  -1.192  -1.192  -1.192   -0.157  -0.187  -0.140   -1.035  -1.006  -1.052
2026-05-31 12:24:24.405 DATA REST   0.753   0.753   0.753   -0.139  -0.168  -0.122    0.892   0.921   0.875
2026-05-31 12:24:24.415 DATA REST   7.529   7.529   7.529    0.014  -0.014   0.031    7.515   7.543   7.498
2026-05-31 12:24:24.425 DATA REST  -6.839  -6.839  -6.839   -0.123  -0.150  -0.106   -6.717  -6.689  -6.733
2026-05-31 12:24:24.435 DATA REST  -7.843  -7.843  -7.843   -0.277  -0.304  -0.261   -7.566  -7.539  -7.582
2026-05-31 12:24:24.445 DATA REST   5.145   5.145   5.145   -0.169  -0.195  -0.153    5.314   5.340   5.298
2026-05-31 12:24:24.455 DATA REST  -1.757  -1.757  -1.757   -0.200  -0.226  -0.185   -1.557  -1.531  -1.572
2026-05-31 12:24:24.465 DATA REST  -1.569  -1.569  -1.569   -0.228  -0.253  -0.213   -1.341  -1.316  -1.356
2026-05-31 12:24:24.475 DATA REST   2.322   2.322   2.322   -0.177  -0.202  -0.162    2.498   2.523   2.484
2026-05-31 12:24:24.485 DATA REST   4.831   4.831   4.831   -0.077  -0.101  -0.062    4.908   4.932   4.894
2026-05-31 12:24:24.495 DATA REST   5.898   5.898   5.898    0.043   0.019   0.057    5.855   5.879   5.841
2026-05-31 12:24:24.505 DATA REST  -7.843  -7.843  -7.843   -0.115  -0.138  -0.101   -7.728  -7.705  -7.742
2026-05-31 12:24:24.540 DATA REST  -4.204  -4.204  -4.204   -0.197  -0.220  -0.183   -4.008  -3.984  -4.021
2026-05-31 12:24:24.550 DATA REST  -0.126  -0.126  -0.126   -0.195  -0.218  -0.182    0.069   0.092   0.056
2026-05-31 12:24:24.560 DATA REST  -1.443  -1.443  -1.443   -0.220  -0.242  -0.207   -1.223  -1.201  -1.236
2026-05-31 12:24:24.570 DATA REST   5.835   5.835   5.835   -0.099  -0.121  -0.086    5.934   5.956   5.922
2026-05-31 12:24:24.580 DATA REST   3.576   3.576   3.576   -0.026  -0.047  -0.013    3.602   3.623   3.590
2026-05-31 12:24:24.590 DATA REST   1.192   1.192   1.192   -0.001  -0.022   0.011    1.193   1.214   1.181
2026-05-31 12:24:24.600 DATA REST  -1.381  -1.381  -1.381   -0.029  -0.049  -0.017   -1.352  -1.331  -1.364
2026-05-31 12:24:24.610 DATA REST  -4.079  -4.079  -4.079   -0.110  -0.130  -0.098   -3.969  -3.949  -3.981
2026-05-31 12:24:24.620 DATA REST  -1.443  -1.443  -1.443   -0.136  -0.156  -0.125   -1.307  -1.287  -1.318
2026-05-31 12:24:24.630 DATA REST   2.008   2.008   2.008   -0.094  -0.113  -0.082    2.101   2.121   2.090
2026-05-31 12:24:24.640 DATA REST   3.576   3.576   3.576   -0.020  -0.039  -0.009    3.597   3.615   3.586
2026-05-31 12:24:24.650 DATA REST   4.204   4.204   4.204    0.064   0.046   0.075    4.140   4.158   4.129
2026-05-31 12:24:24.660 DATA REST   6.212   6.212   6.212    0.187   0.169   0.198    6.024   6.043   6.014
2026-05-31 12:24:24.670 DATA REST   7.216   7.216   7.216    0.328   0.310   0.338    6.888   6.905   6.877
2026-05-31 12:24:24.680 DATA REST  -7.969  -7.969  -7.969    0.162   0.145   0.172   -8.131  -8.113  -8.141
2026-05-31 12:24:24.690 DATA REST   7.843   7.843   7.843    0.316   0.298   0.325    7.527   7.545   7.518
2026-05-31 12:24:24.700 DATA REST   6.902   6.902   6.902    0.447   0.431   0.457    6.455   6.471   6.445
2026-05-31 12:24:24.710 DATA REST   6.212   6.212   6.212    0.563   0.546   0.572    5.649   5.666   5.640
2026-05-31 12:24:24.720 DATA REST   6.274   6.274   6.274    0.677   0.661   0.686    5.598   5.614   5.588
2026-05-31 12:24:24.730 DATA REST   6.714   6.714   6.714    0.798   0.782   0.807    5.916   5.932   5.907
2026-05-31 12:24:24.740 DATA REST   7.216   7.216   7.216    0.926   0.910   0.935    6.290   6.305   6.281
2026-05-31 12:24:24.750 DATA REST  -6.588  -6.588  -6.588    0.776   0.760   0.784   -7.364  -7.349  -7.373
2026-05-31 12:24:24.760 DATA REST  -6.902  -6.902  -6.902    0.622   0.607   0.631   -7.524  -7.509  -7.533
2026-05-31 12:24:24.770 DATA REST   7.278   7.278   7.278    0.755   0.741   0.764    6.523   6.538   6.515
2026-05-31 12:24:24.780 DATA REST   4.078   4.078   4.078    0.822   0.807   0.830    3.257   3.271   3.248
2026-05-31 12:24:24.790 DATA REST   0.753   0.753   0.753    0.820   0.806   0.828   -0.067  -0.053  -0.075
2026-05-31 12:24:24.800 DATA REST   1.255   1.255   1.255    0.829   0.815   0.837    0.426   0.440   0.418
2026-05-31 12:24:24.810 DATA REST   2.761   2.761   2.761    0.868   0.854   0.875    1.893   1.907   1.885
2026-05-31 12:24:24.820 DATA REST   5.459   5.459   5.459    0.959   0.946   0.967    4.499   4.512   4.492
2026-05-31 12:24:24.830 DATA REST  -6.400  -6.400  -6.400    0.812   0.799   0.820   -7.212  -7.200  -7.220
2026-05-31 12:24:24.840 DATA REST  -4.204  -4.204  -4.204    0.712   0.699   0.719   -4.916  -4.903  -4.923
2026-05-31 12:24:24.850 DATA REST  -6.588  -6.588  -6.588    0.566   0.554   0.573   -7.154  -7.142  -7.161
2026-05-31 12:24:24.860 DATA REST   6.714   6.714   6.714    0.689   0.677   0.696    6.025   6.037   6.018
2026-05-31 12:24:24.870 DATA REST   6.212   6.212   6.212    0.799   0.787   0.806    5.412   5.424   5.405
2026-05-31 12:24:24.880 DATA REST   6.714   6.714   6.714    0.918   0.906   0.924    5.796   5.808   5.789
2026-05-31 12:24:24.890 DATA REST   4.455   4.455   4.455    0.988   0.977   0.995    3.467   3.478   3.460
2026-05-31 12:24:24.900 DATA REST   1.882   1.882   1.882    1.006   0.995   1.013    0.876   0.887   0.870
2026-05-31 12:24:24.910 DATA REST   2.008   2.008   2.008    1.026   1.015   1.033    0.982   0.993   0.975
2026-05-31 12:24:24.920 DATA REST   2.635   2.635   2.635    1.058   1.048   1.065    1.577   1.588   1.571
2026-05-31 12:24:24.930 DATA REST   3.137   3.137   3.137    1.100   1.089   1.106    2.037   2.048   2.031
2026-05-31 12:24:24.940 DATA REST   5.459   5.459   5.459    1.187   1.177   1.193    4.272   4.282   4.266
2026-05-31 12:24:24.950 DATA REST   6.965   6.965   6.965    1.303   1.293   1.309    5.662   5.672   5.656
2026-05-31 12:24:24.960 DATA REST   6.839   6.839   6.839    1.413   1.404   1.419    5.426   5.436   5.420
2026-05-31 12:24:24.970 DATA REST  -6.651  -6.651  -6.651    1.252   1.242   1.258   -7.903  -7.894  -7.909
2026-05-31 12:24:24.980 DATA REST   7.843   7.843   7.843    1.384   1.374   1.390    6.459   6.469   6.454
2026-05-31 12:24:24.990 DATA REST   5.584   5.584   5.584    1.468   1.459   1.473    4.116   4.126   4.111
2026-05-31 12:24:25.000 DATA REST   3.137   3.137   3.137    1.501   1.492   1.507    1.636   1.645   1.631
2026-05-31 12:24:25.010 DATA REST   0.251   0.251   0.251    1.476   1.467   1.482   -1.225  -1.216  -1.231
2026-05-31 12:24:25.045 DATA REST  -3.200  -3.200  -3.200    1.383   1.374   1.388   -4.583  -4.574  -4.588
2026-05-31 12:24:25.055 DATA REST  -2.447  -2.447  -2.447    1.306   1.298   1.311   -3.753  -3.745  -3.758
2026-05-31 12:24:25.065 DATA REST  -0.439  -0.439  -0.439    1.271   1.263   1.276   -1.711  -1.702  -1.716
2026-05-31 12:24:25.075 DATA REST  -0.690  -0.690  -0.690    1.232   1.224   1.237   -1.923  -1.914  -1.927
2026-05-31 12:24:25.085 DATA REST   5.521   5.521   5.521    1.318   1.310   1.323    4.204   4.212   4.199
2026-05-31 12:24:25.095 DATA REST   0.376   0.376   0.376    1.299   1.291   1.304   -0.923  -0.915  -0.927
2026-05-31 12:24:25.105 DATA REST  -2.698  -2.698  -2.698    1.219   1.211   1.224   -3.917  -3.910  -3.922
2026-05-31 12:24:25.115 DATA REST  -2.071  -2.071  -2.071    1.153   1.146   1.158   -3.224  -3.216  -3.229
2026-05-31 12:24:25.125 DATA REST   2.573   2.573   7.529    1.182   1.174   1.285    1.391   1.398   6.244
2026-05-31 12:24:25.135 DATA REST  -5.898  -5.898  -5.898    1.040   1.033   1.141   -6.938  -6.931  -7.040
2026-05-31 12:24:25.145 DATA REST  -5.396  -5.396  -5.396    0.911   0.904   1.011   -6.308  -6.300  -6.407
2026-05-31 12:24:25.155 DATA REST  -6.526  -6.526  -6.526    0.763   0.756   0.860   -7.288  -7.281  -7.386
2026-05-31 12:24:25.165 DATA REST   7.655   7.655   7.655    0.900   0.894   0.996    6.754   6.761   6.659
2026-05-31 12:24:25.175 DATA REST   4.392   4.392   4.392    0.970   0.964   1.064    3.422   3.429   3.328
2026-05-31 12:24:25.185 DATA REST   3.890   3.890   3.890    1.029   1.022   1.120    2.861   2.868   2.770
2026-05-31 12:24:25.195 DATA REST   5.647   5.647   5.647    1.121   1.115   1.211    4.526   4.532   4.436
2026-05-31 12:24:25.205 DATA REST   6.965   6.965   6.965    1.238   1.232   1.326    5.727   5.733   5.639
2026-05-31 12:24:25.215 DATA REST   5.647   2.584   2.573    1.326   1.259   1.351    4.321   1.326   1.222
2026-05-31 12:24:25.225 DATA REST   1.255   1.255   1.255    1.325   1.259   1.349   -0.070  -0.004  -0.094
2026-05-31 12:24:25.235 DATA REST   2.008   2.008   2.008    1.338   1.274   1.362    0.669   0.734   0.646
2026-05-31 12:24:25.245 DATA REST   2.384   2.384   2.384    1.359   1.296   1.383    1.025   1.089   1.002
2026-05-31 12:24:25.255 DATA REST   4.204   4.204   4.204    1.416   1.354   1.439    2.788   2.850   2.765
2026-05-31 12:24:25.265 DATA REST  -2.949  -2.949  -2.949    1.329   1.268   1.351   -4.278  -4.217  -4.300
2026-05-31 12:24:25.275 DATA REST  -0.690  -0.690  -0.690    1.288   1.229   1.310   -1.979  -1.919  -2.001
2026-05-31 12:24:25.285 DATA REST  -3.451  -3.451  -3.451    1.194   1.135   1.215   -4.645  -4.586  -4.666
2026-05-31 12:24:25.295 DATA REST  -6.902  -6.902  -6.902    1.032   0.974   1.053   -7.934  -7.876  -7.955
2026-05-31 12:24:25.305 DATA REST   7.153   6.840   6.839    1.154   1.092   1.169    5.999   5.749   5.671
2026-05-31 12:24:25.315 DATA REST   5.521   5.521   5.521    1.242   1.180   1.256    4.280   4.341   4.266
2026-05-31 12:24:25.325 DATA REST   2.761   2.761   2.761    1.272   1.212   1.286    1.489   1.549   1.475
2026-05-31 12:24:25.335 DATA REST   1.255   1.255   1.255    1.272   1.213   1.285   -0.017   0.042  -0.030
2026-05-31 12:24:25.345 DATA REST   2.071   2.071   2.071    1.288   1.230   1.301    0.783   0.841   0.770
2026-05-31 12:24:25.355 DATA REST   5.333   5.333   5.333    1.368   1.312   1.381    3.965   4.021   3.952
2026-05-31 12:24:25.365 DATA REST   6.714   6.714   6.714    1.475   1.420   1.488    5.238   5.294   5.226
2026-05-31 12:24:25.375 DATA REST  -7.906  -7.906  -7.906    1.288   1.233   1.300   -9.194  -9.139  -9.206
2026-05-31 12:24:25.385 DATA REST  -6.400  -6.400  -6.400    1.134   1.081   1.146   -7.534  -7.481  -7.546
2026-05-31 12:24:25.395 DATA REST  -5.083  -4.581  -4.581    1.010   0.968   1.032   -6.092  -5.548  -5.612
2026-05-31 12:24:25.405 DATA REST  -6.839  -6.839  -6.839    0.853   0.811   0.874   -7.692  -7.651  -7.714
2026-05-31 12:24:25.415 DATA REST   5.898   5.898   5.898    0.954   0.913   0.975    4.944   4.985   4.923
2026-05-31 12:24:25.425 DATA REST   3.137   3.137   3.137    0.997   0.958   1.018    2.140   2.180   2.119
2026-05-31 12:24:25.435 DATA REST   0.063   0.063   0.063    0.979   0.940   0.999   -0.916  -0.877  -0.936
2026-05-31 12:24:25.445 DATA REST  -3.514  -3.514  -3.514    0.889   0.851   0.909   -4.403  -4.365  -4.423
2026-05-31 12:24:25.455 DATA REST  -0.941  -0.941  -0.941    0.852   0.815   0.872   -1.794  -1.756  -1.813
2026-05-31 12:24:25.465 DATA REST   3.200   3.200   3.200    0.899   0.863   0.918    2.301   2.337   2.282
2026-05-31 12:24:25.475 DATA REST   6.839   6.839   6.839    1.018   0.982   1.037    5.821   5.857   5.803
2026-05-31 12:24:25.485 DATA REST  -5.271  -1.757  -1.757    0.892   0.927   0.981   -6.163  -2.684  -2.738
2026-05-31 12:24:25.495 DATA REST  -1.632  -1.632  -1.632    0.842   0.876   0.928   -2.473  -2.508  -2.560
2026-05-31 12:24:25.505 DATA REST  -3.639  -3.639  -3.639    0.752   0.786   0.837   -4.391  -4.425  -4.477
2026-05-31 12:24:25.515 DATA REST  -5.584  -5.584  -5.584    0.625   0.658   0.709   -6.210  -6.243  -6.293
2026-05-31 12:24:25.550 DATA REST   2.698   2.698   2.698    0.667   0.699   0.748    2.031   1.999   1.950
2026-05-31 12:24:25.560 DATA REST   3.639   3.639   3.639    0.726   0.758   0.806    2.913   2.881   2.833
2026-05-31 12:24:25.570 DATA REST   4.706   4.706   4.706    0.806   0.837   0.884    3.900   3.869   3.822
2026-05-31 12:24:25.580 DATA REST   4.894   4.894   4.894    0.888   0.918   0.964    4.007   3.976   3.930
2026-05-31 12:24:25.590 DATA REST   4.831   4.831   4.831    0.966   0.996   1.042    3.865   3.835   3.789
2026-05-31 12:24:25.600 DATA REST   3.514   3.514   3.514    1.017   1.047   1.091    2.496   2.467   2.422
2026-05-31 12:24:25.610 DATA REST   4.329   4.329   4.329    1.084   1.112   1.156    3.246   3.217   3.173
2026-05-31 12:24:25.620 DATA REST   6.400   6.400   6.400    1.190   1.218   1.261    5.210   5.182   5.139
2026-05-31 12:24:25.630 DATA REST  -7.655  -7.655  -7.655    1.013   1.041   1.083   -8.668  -8.696  -8.738
2026-05-31 12:24:25.640 DATA REST  -5.145  -5.145  -5.145    0.890   0.917   0.958   -6.035  -6.062  -6.103
2026-05-31 12:24:25.650 DATA REST  -4.016  -4.016  -4.016    0.792   0.818   0.859   -4.808  -4.834  -4.874
2026-05-31 12:24:25.660 DATA REST  -4.141  -4.141  -4.141    0.693   0.719   0.759   -4.834  -4.860  -4.900
2026-05-31 12:24:25.670 DATA REST  -6.086  -6.086  -6.086    0.557   0.583   0.622   -6.644  -6.669  -6.708
2026-05-31 12:24:25.680 DATA REST   6.902   6.902   6.902    0.684   0.709   0.747    6.217   6.193   6.155
2026-05-31 12:24:25.690 DATA REST   0.376   0.376   0.376    0.678   0.703   0.740   -0.302  -0.326  -0.363
2026-05-31 12:24:25.700 DATA REST  -0.000  -0.000  -0.000    0.665   0.689   0.725   -0.665  -0.689  -0.725
2026-05-31 12:24:25.710 DATA REST   1.757   1.757   1.757    0.686   0.710   0.746    1.070   1.047   1.011
2026-05-31 12:24:25.720 DATA REST   4.831   4.831   4.831    0.769   0.792   0.827    4.062   4.039   4.004
2026-05-31 12:24:25.730 DATA REST   7.969   7.969   7.969    0.913   0.936   0.970    7.055   7.033   6.998
2026-05-31 12:24:25.740 DATA REST   7.843   7.843   7.843    1.052   1.074   1.108    6.791   6.769   6.735
2026-05-31 12:24:25.750 DATA REST   5.772   5.772   5.772    1.146   1.168   1.201    4.626   4.604   4.572
2026-05-31 12:24:25.760 DATA REST   5.145   5.145   5.145    1.226   1.248   1.280    3.919   3.897   3.865
2026-05-31 12:24:25.770 DATA REST   5.271   5.271   5.271    1.307   1.328   1.360    3.963   3.942   3.911
2026-05-31 12:24:25.780 DATA REST  -3.765  -3.765  -3.765    1.206   1.226   1.257   -4.971  -4.991  -5.022
2026-05-31 12:24:25.790 DATA REST  -3.514  -3.514  -3.514    1.111   1.131   1.162   -4.625  -4.645  -4.676
2026-05-31 12:24:25.800 DATA REST  -7.655  -7.655  -7.655    0.936   0.956   0.985   -8.591  -8.611  -8.640
2026-05-31 12:24:25.810 DATA REST  -7.906  -7.906  -7.906    0.759   0.778   0.808   -8.665  -8.684  -8.714
2026-05-31 12:24:25.820 DATA REST  -6.714  -6.714  -6.714    0.610   0.629   0.657   -7.324  -7.342  -7.371
2026-05-31 12:24:25.830 DATA REST   2.384   2.384   2.384    0.645   0.664   0.692    1.739   1.721   1.693
2026-05-31 12:24:25.840 DATA REST  -5.020  -5.020  -5.020    0.532   0.550   0.577   -5.552  -5.570  -5.597
2026-05-31 12:24:25.850 DATA REST   2.573   2.573   2.573    0.573   0.590   0.617    2.000   1.982   1.955
2026-05-31 12:24:25.860 DATA REST   0.941   0.941   0.941    0.580   0.597   0.624    0.361   0.344   0.317
2026-05-31 12:24:25.870 DATA REST  -5.083  -5.083  -5.083    0.467   0.484   0.510   -5.549  -5.566  -5.592
2026-05-31 12:24:25.880 DATA REST   4.706   4.706   4.706    0.552   0.568   0.594    4.154   4.137   4.112
2026-05-31 12:24:25.890 DATA REST  -1.255  -1.255  -1.255    0.516   0.532   0.557   -1.771  -1.787  -1.812
2026-05-31 12:24:25.900 DATA REST   2.259   2.259   2.259    0.550   0.566   0.591    1.708   1.692   1.668
2026-05-31 12:24:25.910 DATA REST   3.702   3.702   3.702    0.613   0.629   0.653    3.088   3.073   3.049
2026-05-31 12:24:25.920 DATA REST  -4.769  -4.769  -4.769    0.506   0.521   0.544   -5.275  -5.290  -5.313
2026-05-31 12:24:25.930 DATA REST   5.647   5.647   5.647    0.609   0.624   0.647    5.038   5.023   5.000
2026-05-31 12:24:25.940 DATA REST  -1.192  -1.192  -1.192    0.573   0.587   0.610   -1.765  -1.780  -1.802
2026-05-31 12:24:25.950 DATA REST   7.592   7.592   7.592    0.713   0.727   0.749    6.879   6.865   6.843
2026-05-31 12:24:25.960 DATA REST  -7.718  -7.718  -7.718    0.544   0.559   0.580   -8.262  -8.276  -8.298
2026-05-31 12:24:25.970 DATA REST  -4.769  -4.769  -4.769    0.438   0.452   0.473   -5.207  -5.221  -5.242
2026-05-31 12:24:25.980 DATA REST   1.192   1.192   1.192    0.453   0.467   0.487    0.739   0.725   0.705
2026-05-31 12:24:25.990 DATA REST  -7.153  -7.153  -7.153    0.301   0.314   0.335   -7.454  -7.467  -7.488
2026-05-31 12:24:26.000 DATA REST   5.020   5.020  -0.105    0.395   0.408   0.326    4.624   4.611  -0.431
2026-05-31 12:24:26.010 DATA REST   5.961   5.961   5.961    0.507   0.520   0.439    5.454   5.441   5.522
2026-05-31 12:24:26.020 DATA REST  -5.020  -5.020  -5.020    0.396   0.409   0.329   -5.416  -5.429  -5.349
2026-05-31 12:24:26.055 DATA REST   3.827   3.827   3.827    0.465   0.477   0.399    3.363   3.350   3.428
2026-05-31 12:24:26.065 DATA REST   6.839   6.839   6.839    0.592   0.604   0.528    6.247   6.235   6.311
2026-05-31 12:24:26.075 DATA REST   2.447   2.447   2.447    0.629   0.641   0.567    1.818   1.806   1.881
2026-05-31 12:24:26.085 DATA REST   1.882   1.882   1.882    0.654   0.666   0.593    1.228   1.216   1.289
2026-05-31 12:24:26.095 DATA REST   1.757   1.757   1.757    0.676   0.688   0.616    1.080   1.069   1.141
2026-05-31 12:24:26.105 DATA REST   2.510   2.510   2.510    0.713   0.724   0.654    1.797   1.785   1.856
2026-05-31 12:24:26.115 DATA REST   5.584   5.584   5.584    0.811   0.821   0.753    4.774   4.763   4.832
2026-05-31 12:24:26.125 DATA REST  -6.965  -6.965  -6.965    0.655   0.666   0.598   -7.620  -7.631  -7.563
2026-05-31 12:24:26.135 DATA REST  -3.388  -3.388  -3.388    0.574   0.585   0.519   -3.963  -3.973  -3.907
2026-05-31 12:24:26.145 DATA REST  -4.267  -4.267  -4.267    0.477   0.488   0.423   -4.744  -4.754  -4.690
2026-05-31 12:24:26.155 DATA REST   6.023   6.023   6.023    0.588   0.598   0.535    5.435   5.425   5.489
2026-05-31 12:24:26.165 DATA REST  -4.330  -4.330  -4.330    0.490   0.500   0.438   -4.820  -4.829  -4.767
2026-05-31 12:24:26.175 DATA REST  -5.835  -5.835  -5.835    0.363   0.373   0.312   -6.199  -6.209  -6.148
2026-05-31 12:24:26.185 DATA REST  -5.396  -5.396  -5.396    0.248   0.258   0.198   -5.644  -5.654  -5.594
2026-05-31 12:24:26.195 DATA REST  -4.894  -4.894  -4.894    0.145   0.155   0.096   -5.040  -5.049  -4.990
2026-05-31 12:24:26.205 DATA REST  -1.443  -1.443  -1.443    0.114   0.123   0.065   -1.557  -1.566  -1.509
2026-05-31 12:24:26.215 DATA REST   2.573   2.573   2.573    0.163   0.172   0.115    2.410   2.401   2.457
2026-05-31 12:24:26.225 DATA REST   5.647   5.647   5.647    0.272   0.281   0.226    5.374   5.366   5.421
2026-05-31 12:24:26.235 DATA REST   7.404   7.404   7.404    0.415   0.424   0.370    6.989   6.980   7.034
2026-05-31 12:24:26.245 DATA REST  -5.773  -5.773  -5.773    0.291   0.300   0.247   -6.064  -6.072  -6.019
2026-05-31 12:24:26.255 DATA REST  -1.945  -1.945  -1.945    0.247   0.255   0.203   -2.192  -2.200  -2.148
2026-05-31 12:24:26.265 DATA REST  -2.134  -2.134  -2.134    0.199   0.207   0.156   -2.333  -2.341  -2.290
2026-05-31 12:24:26.275 DATA REST  -1.694  -1.694  -1.694    0.161   0.169   0.119   -1.855  -1.863  -1.814
2026-05-31 12:24:26.285 DATA REST  -2.886  -2.886  -2.886    0.100   0.108   0.059   -2.987  -2.994  -2.946
2026-05-31 12:24:26.295 DATA REST   1.820   1.820   1.820    0.135   0.142   0.094    1.685   1.677   1.725
2026-05-31 12:24:26.305 DATA REST  -4.392  -4.392  -4.392    0.044   0.051   0.005   -4.436  -4.444  -4.397
2026-05-31 12:24:26.315 DATA REST  -7.341  -7.341  -7.341   -0.104  -0.096  -0.142   -7.238  -7.245  -7.199
2026-05-31 12:24:26.325 DATA REST  -5.396  -5.396  -5.396   -0.210  -0.202  -0.247   -5.187  -5.194  -5.149
2026-05-31 12:24:26.335 DATA REST  -1.318  -1.318  -1.318   -0.232  -0.225  -0.269   -1.086  -1.093  -1.049
2026-05-31 12:24:26.345 DATA REST   2.447   2.447   2.447   -0.178  -0.171  -0.215    2.625   2.618   2.662
2026-05-31 12:24:26.355 DATA REST   6.149   6.149   6.149   -0.052  -0.045  -0.087    6.200   6.194   6.236
2026-05-31 12:24:26.365 DATA REST  -3.639  -3.639  -3.639   -0.123  -0.117  -0.158   -3.516  -3.523  -3.481
2026-05-31 12:24:26.375 DATA REST  -0.126  -0.126  -0.126   -0.123  -0.117  -0.158   -0.002  -0.009   0.032
2026-05-31 12:24:26.385 DATA REST  -5.271  -5.271  -5.271   -0.226  -0.220  -0.260   -5.044  -5.051  -5.011
2026-05-31 12:24:26.395 DATA REST   5.898   5.898   5.898   -0.104  -0.098  -0.137    6.002   5.996   6.035
2026-05-31 12:24:26.405 DATA REST   2.573   2.573   2.573   -0.050  -0.044  -0.083    2.623   2.617   2.655
2026-05-31 12:24:26.415 DATA REST  -0.502  -0.502  -0.502   -0.059  -0.053  -0.091   -0.443  -0.449  -0.411
2026-05-31 12:24:26.425 DATA REST  -4.204  -4.204  -4.204   -0.142  -0.136  -0.173   -4.062  -4.068  -4.031
2026-05-31 12:24:26.435 DATA REST  -4.957  -4.957  -4.957   -0.239  -0.233  -0.269   -4.718  -4.724  -4.688
2026-05-31 12:24:26.445 DATA REST  -2.259  -2.259  -2.259   -0.279  -0.273  -0.309   -1.980  -1.986  -1.950
2026-05-31 12:24:26.455 DATA REST   0.439   0.439   0.439   -0.265  -0.259  -0.294    0.704   0.698   0.733
2026-05-31 12:24:26.465 DATA REST   4.078   4.078   4.078   -0.178  -0.172  -0.206    4.256   4.251   4.285
2026-05-31 12:24:26.475 DATA REST  -5.773  -5.773  -5.773   -0.290  -0.284  -0.318   -5.483  -5.488  -5.455
2026-05-31 12:24:26.485 DATA REST  -4.706  -4.706  -4.706   -0.378  -0.373  -0.405   -4.328  -4.333  -4.301
2026-05-31 12:24:26.495 DATA REST  -4.706  -4.706  -4.706   -0.465  -0.459  -0.491   -4.242  -4.247  -4.215
2026-05-31 12:24:26.505 DATA REST  -4.706  -4.706  -4.706   -0.549  -0.544  -0.576   -4.157  -4.162  -4.130
2026-05-31 12:24:26.515 DATA REST  -4.832  -4.832  -4.832   -0.635  -0.630  -0.661   -4.197  -4.201  -4.171
2026-05-31 12:24:26.525 DATA REST  -7.153  -7.153  -7.153   -0.765  -0.761  -0.791   -6.388  -6.392  -6.362
2026-05-31 12:24:26.560 DATA REST   1.631   1.631   1.631   -0.717  -0.713  -0.742    2.349   2.344   2.374
2026-05-31 12:24:26.570 DATA REST  -2.322  -2.322  -2.322   -0.750  -0.745  -0.774   -1.572  -1.577  -1.548
2026-05-31 12:24:26.580 DATA REST  -4.581  -4.581  -4.581   -0.826  -0.822  -0.850   -3.754  -3.759  -3.731
2026-05-31 12:24:26.590 DATA REST  -2.322  -2.322  -2.322   -0.856  -0.852  -0.879   -1.466  -1.470  -1.442
2026-05-31 12:24:26.600 DATA REST   1.820   1.820   1.820   -0.803  -0.798  -0.825    2.622   2.618   2.645
2026-05-31 12:24:26.610 DATA REST   6.839   6.839   6.839   -0.650  -0.645  -0.672    7.489   7.485   7.511
2026-05-31 12:24:26.620 DATA REST  -7.404  -7.404  -7.404   -0.785  -0.781  -0.807   -6.619  -6.623  -6.597
2026-05-31 12:24:26.630 DATA REST  -3.212  -3.200  -3.200   -0.833  -0.829  -0.855   -2.379  -2.371  -2.346
2026-05-31 12:24:26.640 DATA REST  -2.761  -2.761  -2.761   -0.872  -0.868  -0.893   -1.889  -1.893  -1.868
2026-05-31 12:24:26.650 DATA REST  -5.459  -5.459  -5.459   -0.964  -0.959  -0.984   -4.495  -4.499  -4.475
2026-05-31 12:24:26.660 DATA REST  -7.530  -7.530  -7.530   -1.095  -1.091  -1.115   -6.435  -6.439  -6.415
2026-05-31 12:24:26.670 DATA REST   7.027   7.027   7.027   -0.932  -0.929  -0.952    7.960   7.956   7.979
2026-05-31 12:24:26.680 DATA REST   3.263   3.263   3.263   -0.849  -0.845  -0.868    4.111   4.107   4.131
2026-05-31 12:24:26.690 DATA REST   0.188   0.188   0.188   -0.828  -0.824  -0.847    1.016   1.012   1.035
2026-05-31 12:24:26.700 DATA REST  -2.008  -2.008  -2.008   -0.851  -0.848  -0.870   -1.157  -1.160  -1.138
2026-05-31 12:24:26.710 DATA REST  -2.196  -2.196  -2.196   -0.878  -0.875  -0.896   -1.318  -1.322  -1.300
2026-05-31 12:24:26.720 DATA REST   0.429   0.376   0.376   -0.852  -0.850  -0.871    1.282   1.226   1.247
2026-05-31 12:24:26.730 DATA REST   4.957   4.957   4.957   -0.736  -0.734  -0.754    5.693   5.690   5.711
2026-05-31 12:24:26.740 DATA REST  -7.592  -7.592  -7.592   -0.873  -0.871  -0.891   -6.719  -6.722  -6.701
2026-05-31 12:24:26.750 DATA REST  -7.028  -7.028  -7.028   -0.996  -0.994  -1.014   -6.031  -6.034  -6.014
2026-05-31 12:24:26.760 DATA REST  -6.965  -6.965  -6.965   -1.116  -1.113  -1.133   -5.849  -5.852  -5.832
2026-05-31 12:24:26.770 DATA REST   7.969   7.969   7.969   -0.934  -0.932  -0.951    8.902   8.900   8.919
2026-05-31 12:24:26.780 DATA REST   7.467   7.467   7.467   -0.766  -0.764  -0.783    8.232   8.230   8.249
2026-05-31 12:24:26.790 DATA REST  -7.404  -7.404  -7.404   -0.899  -0.896  -0.915   -6.505  -6.508  -6.489
2026-05-31 12:24:26.800 DATA REST  -7.279  -7.279  -7.279   -1.026  -1.024  -1.042   -6.252  -6.254  -6.236
2026-05-31 12:24:26.810 DATA REST   4.580   4.580   4.580   -0.914  -0.912  -0.930    5.494   5.492   5.510
2026-05-31 12:24:26.820 DATA REST   1.820   1.820   1.820   -0.859  -0.857  -0.875    2.679   2.677   2.694
2026-05-31 12:24:26.830 DATA REST   0.816   0.816   0.816   -0.826  -0.824  -0.841    1.642   1.640   1.657
2026-05-31 12:24:26.840 DATA REST   0.565   0.565   0.565   -0.798  -0.796  -0.813    1.363   1.361   1.378
2026-05-31 12:24:26.850 DATA REST   0.565   0.565   0.565   -0.771  -0.769  -0.785    1.336   1.334   1.350
2026-05-31 12:24:26.860 DATA REST   2.761   2.761   2.761   -0.700  -0.698  -0.714    3.461   3.459   3.475
2026-05-31 12:24:26.870 DATA REST   2.698   2.698   2.698   -0.632  -0.630  -0.646    3.330   3.328   3.344
2026-05-31 12:24:26.880 DATA REST   2.259   2.259   2.259   -0.574  -0.573  -0.588    2.833   2.831   2.847
2026-05-31 12:24:26.890 DATA REST   1.631   1.631   1.631   -0.530  -0.529  -0.544    2.162   2.160   2.175
2026-05-31 12:24:26.900 DATA REST   2.322   2.322   2.322   -0.473  -0.472  -0.486    2.795   2.793   2.808
2026-05-31 12:24:26.910 DATA REST   3.263   3.263   3.263   -0.399  -0.397  -0.411    3.661   3.660   3.674
2026-05-31 12:24:26.920 DATA REST   5.082   5.082   5.082   -0.289  -0.287  -0.302    5.371   5.370   5.384
2026-05-31 12:24:26.930 DATA REST  -7.969  -7.969  -7.969   -0.443  -0.441  -0.455   -7.526  -7.528  -7.514
2026-05-31 12:24:26.940 DATA REST  -6.651  -6.651  -6.651   -0.567  -0.565  -0.579   -6.084  -6.086  -6.072
2026-05-31 12:24:26.950 DATA REST   5.082   5.082   5.082   -0.454  -0.452  -0.466    5.536   5.534   5.548
2026-05-31 12:24:26.960 DATA REST   6.902   6.902   6.902   -0.307  -0.305  -0.318    7.209   7.207   7.220
2026-05-31 12:24:26.970 DATA REST  -6.463  -6.463  -6.463   -0.430  -0.428  -0.441   -6.033  -6.035  -6.022
2026-05-31 12:24:26.980 DATA REST  -4.706  -4.706  -4.706   -0.515  -0.514  -0.526   -4.191  -4.192  -4.180
2026-05-31 12:24:26.990 DATA REST  -6.588  -6.588  -6.588   -0.637  -0.635  -0.648   -5.952  -5.953  -5.941
2026-05-31 12:24:27.000 DATA REST   6.023   6.023   6.023   -0.504  -0.502  -0.514    6.527   6.526   6.538
2026-05-31 12:24:27.010 DATA REST   2.133   2.133   2.133   -0.451  -0.449  -0.461    2.584   2.583   2.595
2026-05-31 12:24:27.020 DATA REST  -0.000  -0.000  -0.000   -0.442  -0.440  -0.452    0.442   0.440   0.452
2026-05-31 12:24:27.030 DATA REST  -0.565  -0.565  -0.565   -0.444  -0.443  -0.454   -0.121  -0.122  -0.111
2026-05-31 12:24:27.065 DATA REST   5.396   5.396   5.396   -0.327  -0.326  -0.337    5.723   5.722   5.733
2026-05-31 12:24:27.075 DATA REST   5.082   5.082   5.082   -0.219  -0.218  -0.229    5.302   5.300   5.311
2026-05-31 12:24:27.085 DATA REST   4.204   4.204   4.204   -0.131  -0.130  -0.140    4.335   4.333   4.344
2026-05-31 12:24:27.095 DATA REST   4.016   4.016   4.016   -0.048  -0.047  -0.057    4.064   4.062   4.073
2026-05-31 12:24:27.105 DATA REST   5.082   5.082   5.082    0.055   0.056   0.046    5.028   5.026   5.037
2026-05-31 12:24:27.115 DATA REST   4.643   4.643   4.643    0.146   0.148   0.138    4.497   4.495   4.505
2026-05-31 12:24:27.125 DATA REST   5.208   5.208   5.208    0.248   0.249   0.239    4.960   4.959   4.969
2026-05-31 12:24:27.135 DATA REST   5.521   5.521   5.521    0.353   0.354   0.345    5.168   5.167   5.177
2026-05-31 12:24:27.145 DATA REST   2.328   2.322   2.322    0.393   0.394   0.384    1.935   1.928   1.937
2026-05-31 12:24:27.155 DATA REST   1.380   1.380   1.380    0.412   0.413   0.404    0.968   0.967   0.976
2026-05-31 12:24:27.165 DATA REST   0.627   0.627   0.627    0.417   0.418   0.409    0.211   0.210   0.219
2026-05-31 12:24:27.175 DATA REST   0.000   0.000   0.000    0.408   0.409   0.400   -0.408  -0.409  -0.400
2026-05-31 12:24:27.185 DATA REST   0.188   0.188   0.188    0.404   0.405   0.396   -0.216  -0.217  -0.208
2026-05-31 12:24:27.195 DATA REST   2.133   2.133   2.133    0.439   0.439   0.431    1.695   1.694   1.702
2026-05-31 12:24:27.205 DATA REST   4.329   4.329   4.329    0.516   0.517   0.509    3.813   3.812   3.820
2026-05-31 12:24:27.215 DATA REST   4.957   4.957   4.957    0.605   0.606   0.598    4.352   4.351   4.359
2026-05-31 12:24:27.225 DATA REST   6.776   6.776   6.776    0.729   0.729   0.721    6.048   6.047   6.055
2026-05-31 12:24:27.235 DATA REST  -6.965  -6.965  -6.965    0.575   0.576   0.568   -7.540  -7.540  -7.532
2026-05-31 12:24:27.245 DATA REST   7.780   7.780   7.780    0.719   0.720   0.712    7.061   7.061   7.068
2026-05-31 12:24:27.255 DATA REST   5.396   5.396   5.396    0.812   0.813   0.806    4.584   4.583   4.590
2026-05-31 12:24:27.265 DATA REST   3.012   3.012   3.012    0.856   0.857   0.850    2.155   2.155   2.162
2026-05-31 12:24:27.275 DATA REST   0.502   0.502   0.502    0.849   0.850   0.843   -0.347  -0.348  -0.341
2026-05-31 12:24:27.285 DATA REST   1.255   1.255   1.255    0.857   0.858   0.851    0.397   0.397   0.404
2026-05-31 12:24:27.295 DATA REST   4.016   4.016   4.016    0.921   0.921   0.914    3.095   3.094   3.101
2026-05-31 12:24:27.305 DATA REST   5.898   5.898   5.898    1.020   1.021   1.014    4.878   4.877   4.884
2026-05-31 12:24:27.315 DATA REST   6.651   6.651   6.651    1.133   1.133   1.127    5.518   5.517   5.524
2026-05-31 12:24:27.325 DATA REST   6.086   6.086   6.086    1.232   1.233   1.226    4.854   4.854   4.860
2026-05-31 12:24:27.335 DATA REST   7.153   7.153   7.153    1.350   1.351   1.344    5.803   5.802   5.808
2026-05-31 12:24:27.345 DATA REST   7.718   7.718   7.718    1.478   1.478   1.472    6.240   6.239   6.246
2026-05-31 12:24:27.355 DATA REST   6.902   6.902   6.902    1.586   1.587   1.580    5.316   5.315   5.321
2026-05-31 12:24:27.365 DATA REST   6.525   6.525   6.525    1.685   1.685   1.679    4.841   4.840   4.846
2026-05-31 12:24:27.375 DATA REST   3.702   3.702   3.702    1.725   1.726   1.720    1.977   1.976   1.982
2026-05-31 12:24:27.385 DATA REST   1.945   1.945   1.945    1.730   1.730   1.724    0.215   0.215   0.221
2026-05-31 12:24:27.395 DATA REST   0.690   0.690   0.690    1.709   1.709   1.704   -1.019  -1.019  -1.013
2026-05-31 12:24:27.405 DATA REST   0.690   0.690   0.690    1.688   1.689   1.683   -0.998  -0.999  -0.993
2026-05-31 12:24:27.415 DATA REST   4.329   4.329   4.329    1.741   1.742   1.736    2.588   2.588   2.593
2026-05-31 12:24:27.425 DATA REST   5.082   5.082   5.082    1.808   1.809   1.803    3.274   3.274   3.279
2026-05-31 12:24:27.435 DATA REST   3.702   3.702   3.702    1.846   1.846   1.841    1.856   1.855   1.861
2026-05-31 12:24:27.445 DATA REST   2.886   2.886   2.886    1.867   1.867   1.862    1.019   1.019   1.024
2026-05-31 12:24:27.455 DATA REST   2.573   2.573   2.573    1.881   1.881   1.876    0.692   0.691   0.696
2026-05-31 12:24:27.465 DATA REST   3.137   3.137   3.137    1.906   1.907   1.902    1.231   1.231   1.236
2026-05-31 12:24:27.475 DATA REST   4.204   4.204   4.204    1.952   1.952   1.948    2.252   2.251   2.256
2026-05-31 12:24:27.485 DATA REST   4.769   4.769   4.769    2.008   2.009   2.004    2.760   2.760   2.765
2026-05-31 12:24:27.495 DATA REST   5.961   5.961   5.961    2.087   2.088   2.083    3.873   3.873   3.878
2026-05-31 12:24:27.496 PROMPT shake_start cycle=8
2026-05-31 12:24:27.530 DATA SHAKE  -7.216  -7.216  -7.216    1.901   1.902   1.897   -9.117  -9.118  -9.113
2026-05-31 12:24:27.540 DATA SHAKE   6.902   6.902   6.902    2.001   2.002   1.997    4.901   4.900   4.905
2026-05-31 12:24:27.550 DATA SHAKE   5.145   5.145   5.145    2.064   2.065   2.060    3.081   3.080   3.085
2026-05-31 12:24:27.560 DATA SHAKE   5.208   5.208   5.208    2.127   2.127   2.123    3.081   3.080   3.085
2026-05-31 12:24:27.570 DATA SHAKE   3.582   3.576   3.576    2.156   2.156   2.152    1.425   1.420   1.424
2026-05-31 12:24:27.580 DATA SHAKE   2.698   2.698   2.698    2.167   2.167   2.163    0.531   0.531   0.535
2026-05-31 12:24:27.590 DATA SHAKE   0.941   0.941   0.941    2.142   2.143   2.139   -1.201  -1.202  -1.198
2026-05-31 12:24:27.600 DATA SHAKE   0.063   0.063   0.063    2.101   2.101   2.097   -2.038  -2.038  -2.034
2026-05-31 12:24:27.610 DATA SHAKE  -1.318  -1.318  -1.318    2.032   2.033   2.029   -3.350  -3.351  -3.347
2026-05-31 12:24:27.620 DATA SHAKE  -2.761  -2.761  -2.761    1.937   1.937   1.933   -4.698  -4.698  -4.694
2026-05-31 12:24:27.630 DATA SHAKE  -0.565  -0.565  -0.565    1.887   1.887   1.883   -2.452  -2.452  -2.448
2026-05-31 12:24:27.640 DATA SHAKE   1.631   1.631   1.631    1.881   1.882   1.878   -0.250  -0.250  -0.247
2026-05-31 12:24:27.650 DATA SHAKE   3.827   3.827   3.827    1.920   1.921   1.917    1.907   1.907   1.910
2026-05-31 12:24:27.660 DATA SHAKE   6.839   6.839   6.839    2.019   2.019   2.016    4.820   4.820   4.824
2026-05-31 12:24:27.670 DATA SHAKE  -7.906  -7.906  -7.906    1.820   1.821   1.817   -9.726  -9.727  -9.723
2026-05-31 12:24:27.680 DATA SHAKE   7.278   7.278   7.278    1.929   1.930   1.926    5.349   5.349   5.352
2026-05-31 12:24:27.690 DATA SHAKE   5.647   5.647   5.647    2.004   2.004   2.001    3.643   3.643   3.646
2026-05-31 12:24:27.700 DATA SHAKE   4.769   4.769   4.769    2.059   2.059   2.056    2.709   2.709   2.712
2026-05-31 12:24:27.710 DATA SHAKE   5.459   5.459   5.459    2.127   2.127   2.124    3.332   3.331   3.335
2026-05-31 12:24:27.720 DATA SHAKE   6.651   6.651   6.651    2.218   2.218   2.215    4.433   4.433   4.436
2026-05-31 12:24:27.730 DATA SHAKE   5.396   5.396   5.396    2.281   2.281   2.278    3.115   3.115   3.118
2026-05-31 12:24:27.740 DATA SHAKE   3.325   3.325   3.325    2.302   2.302   2.299    1.023   1.023   1.026
2026-05-31 12:24:27.750 DATA SHAKE   0.063   0.063   0.063    2.257   2.257   2.255   -2.194  -2.195  -2.192
2026-05-31 12:24:27.760 DATA SHAKE   1.694   1.694   1.694    2.246   2.246   2.243   -0.552  -0.552  -0.549
2026-05-31 12:24:27.770 DATA SHAKE   4.769   4.769   4.769    2.296   2.297   2.294    2.472   2.472   2.475
2026-05-31 12:24:27.780 DATA SHAKE   5.396   5.396   5.396    2.358   2.359   2.356    3.038   3.037   3.040
2026-05-31 12:24:27.790 DATA SHAKE   4.267   4.267   4.267    2.397   2.397   2.394    1.870   1.870   1.873
2026-05-31 12:24:27.800 DATA SHAKE   2.196   2.196   2.196    2.393   2.393   2.390   -0.196  -0.197  -0.194
2026-05-31 12:24:27.810 DATA SHAKE   0.753   0.753   0.753    2.360   2.360   2.357   -1.607  -1.607  -1.604
2026-05-31 12:24:27.820 DATA SHAKE   0.188   0.188   0.188    2.316   2.317   2.314   -2.128  -2.128  -2.126
2026-05-31 12:24:27.830 DATA SHAKE   3.451   3.451   3.451    2.339   2.339   2.337    1.112   1.112   1.114
2026-05-31 12:24:27.840 DATA SHAKE  -5.835  -5.835  -5.835    2.176   2.176   2.173   -8.011  -8.011  -8.009
2026-05-31 12:24:27.850 DATA SHAKE  -6.086  -6.086  -6.086    2.010   2.010   2.008   -8.097  -8.097  -8.094
2026-05-31 12:24:27.860 DATA SHAKE   7.027   7.027   7.027    2.111   2.111   2.108    4.917   4.917   4.919
2026-05-31 12:24:27.870 DATA SHAKE   4.706   4.706   4.706    2.163   2.163   2.160    2.543   2.543   2.545
2026-05-31 12:24:27.880 DATA SHAKE   2.071   2.071   2.071    2.161   2.161   2.159   -0.090  -0.090  -0.088
2026-05-31 12:24:27.890 DATA SHAKE   0.565   0.565   0.565    2.129   2.129   2.127   -1.564  -1.564  -1.562
2026-05-31 12:24:27.900 DATA SHAKE   1.882   1.882   1.882    2.124   2.124   2.122   -0.242  -0.242  -0.240
2026-05-31 12:24:27.910 DATA SHAKE   4.706   4.706   4.706    2.175   2.176   2.174    2.530   2.530   2.532
2026-05-31 12:24:27.920 DATA SHAKE   7.780   7.780   7.780    2.288   2.288   2.286    5.493   5.493   5.495
2026-05-31 12:24:27.930 DATA SHAKE  -1.694  -1.694  -1.694    2.208   2.208   2.206   -3.902  -3.902  -3.900
2026-05-31 12:24:27.940 DATA SHAKE   5.208   5.208   5.208    2.268   2.268   2.266    2.940   2.940   2.942
2026-05-31 12:24:27.950 DATA SHAKE  -0.314  -0.314  -0.314    2.216   2.216   2.214   -2.530  -2.530  -2.528
2026-05-31 12:24:27.960 DATA SHAKE  -0.879  -0.879  -0.879    2.154   2.155   2.153   -3.033  -3.033  -3.031
2026-05-31 12:24:27.970 DATA SHAKE  -0.879  -0.879  -0.879    2.094   2.094   2.092   -2.972  -2.973  -2.971
2026-05-31 12:24:27.980 DATA SHAKE   2.259   2.259   2.259    2.097   2.097   2.095    0.162   0.162   0.163
2026-05-31 12:24:27.990 DATA SHAKE  -5.020  -5.020  -5.020    1.955   1.955   1.953   -6.974  -6.975  -6.973
2026-05-31 12:24:28.000 DATA SHAKE   3.514   3.514   3.514    1.986   1.986   1.984    1.528   1.528   1.529
2026-05-31 12:24:28.035 DATA SHAKE  -0.251  -0.251  -0.251    1.941   1.941   1.940   -2.192  -2.193  -2.191
2026-05-31 12:24:28.045 DATA SHAKE  -5.271  -5.271  -5.271    1.797   1.797   1.795   -7.068  -7.068  -7.066
2026-05-31 12:24:28.055 DATA SHAKE   7.153   7.153   7.153    1.904   1.904   1.902    5.249   5.249   5.250
2026-05-31 12:24:28.065 DATA SHAKE   6.651   6.651   6.651    1.999   1.999   1.997    4.652   4.652   4.653
2026-05-31 12:24:28.075 DATA SHAKE   3.200   3.200   3.200    2.023   2.023   2.021    1.177   1.177   1.178
2026-05-31 12:24:28.085 DATA SHAKE  -2.949  -2.949  -2.949    1.924   1.924   1.922   -4.873  -4.873  -4.871
2026-05-31 12:24:28.095 DATA SHAKE   4.580   4.580   4.580    1.977   1.977   1.975    2.604   2.604   2.605
2026-05-31 12:24:28.105 DATA SHAKE   0.125   0.125   0.125    1.940   1.940   1.938   -1.814  -1.814  -1.813
2026-05-31 12:24:28.115 DATA SHAKE   1.443   1.443   1.443    1.930   1.930   1.928   -0.487  -0.487  -0.485
2026-05-31 12:24:28.125 DATA SHAKE  -1.757  -1.757  -1.757    1.856   1.856   1.855   -3.613  -3.613  -3.612
2026-05-31 12:24:28.135 DATA SHAKE   7.467   7.467   7.467    1.968   1.968   1.967    5.498   5.498   5.500
2026-05-31 12:24:28.145 DATA SHAKE   4.894   4.894   4.894    2.027   2.027   2.025    2.867   2.867   2.869
2026-05-31 12:24:28.155 DATA SHAKE   5.208   5.208   5.208    2.090   2.090   2.089    3.117   3.117   3.119
2026-05-31 12:24:28.165 DATA SHAKE  -2.008  -2.008  -2.008    2.008   2.008   2.007   -4.016  -4.017  -4.015
2026-05-31 12:24:28.175 DATA SHAKE   5.521   5.521   5.521    2.079   2.079   2.077    3.443   3.443   3.444
2026-05-31 12:24:28.185 DATA SHAKE   5.396   5.396   5.396    2.145   2.145   2.144    3.251   3.251   3.252
2026-05-31 12:24:28.195 DATA SHAKE   6.463   6.463   6.463    2.231   2.231   2.230    4.231   4.231   4.232
2026-05-31 12:24:28.205 DATA SHAKE  -4.392  -4.392  -4.392    2.099   2.099   2.098   -6.491  -6.491  -6.490
2026-05-31 12:24:28.215 DATA SHAKE   5.396   5.396   5.396    2.165   2.165   2.164    3.231   3.231   3.232
2026-05-31 12:24:28.225 DATA SHAKE  -6.714  -6.714  -6.714    1.987   1.987   1.986   -8.701  -8.701  -8.700
2026-05-31 12:24:28.235 DATA SHAKE   1.443   1.443   1.443    1.976   1.976   1.975   -0.533  -0.533  -0.532
2026-05-31 12:24:28.245 DATA SHAKE  -3.200  -3.200  -3.200    1.873   1.873   1.872   -5.073  -5.073  -5.072
2026-05-31 12:24:28.255 DATA SHAKE  -5.271  -5.271  -5.271    1.730   1.730   1.729   -7.001  -7.001  -7.000
2026-05-31 12:24:28.265 DATA SHAKE   1.694   1.694   1.694    1.729   1.729   1.728   -0.035  -0.035  -0.034
2026-05-31 12:24:28.275 DATA SHAKE  -2.196  -2.196  -2.196    1.651   1.651   1.650   -3.847  -3.847  -3.846
2026-05-31 12:24:28.285 DATA SHAKE   7.655   7.655   7.655    1.771   1.771   1.770    5.884   5.884   5.885
2026-05-31 12:24:28.295 DATA SHAKE   5.772   5.772   5.772    1.851   1.851   1.850    3.922   3.922   3.923
2026-05-31 12:24:28.305 DATA SHAKE  -7.467  -7.467  -7.467    1.664   1.665   1.664   -9.131  -9.131  -9.130
2026-05-31 12:24:28.315 DATA SHAKE   7.592   7.592   7.592    1.783   1.783   1.782    5.809   5.809   5.810
2026-05-31 12:24:28.325 DATA SHAKE   7.843   7.843   7.843    1.904   1.904   1.903    5.939   5.939   5.940
2026-05-31 12:24:28.335 DATA SHAKE   4.204   4.204   4.204    1.950   1.950   1.949    2.254   2.254   2.255
2026-05-31 12:24:28.345 DATA SHAKE  -2.510  -2.510  -2.510    1.861   1.861   1.860   -4.371  -4.371  -4.370
2026-05-31 12:24:28.355 DATA SHAKE   7.906   7.906   7.906    1.982   1.982   1.981    5.924   5.924   5.925
2026-05-31 12:24:28.365 DATA SHAKE  -6.526  -6.526  -6.526    1.812   1.812   1.811   -8.337  -8.337  -8.337
2026-05-31 12:24:28.375 DATA SHAKE  -4.518  -4.518  -4.518    1.685   1.685   1.684   -6.203  -6.203  -6.202
2026-05-31 12:24:28.385 DATA SHAKE  -7.906  -7.906  -7.906    1.493   1.493   1.493   -9.399  -9.399  -9.399
2026-05-31 12:24:28.395 DATA SHAKE  -5.208  -5.208  -5.208    1.359   1.359   1.359   -6.567  -6.567  -6.567
2026-05-31 12:24:28.405 DATA SHAKE  -1.130  -1.130  -1.130    1.310   1.310   1.309   -2.439  -2.439  -2.438
2026-05-31 12:24:28.415 DATA SHAKE   4.769   4.769   4.769    1.379   1.379   1.378    3.390   3.390   3.391
2026-05-31 12:24:28.425 DATA SHAKE   0.376   0.376   0.376    1.359   1.359   1.358   -0.982  -0.982  -0.981
2026-05-31 12:24:28.435 DATA SHAKE  -4.016  -4.016  -4.016    1.251   1.251   1.250   -5.267  -5.267  -5.266
2026-05-31 12:24:28.445 DATA SHAKE  -0.439  -0.439  -0.439    1.217   1.217   1.217   -1.657  -1.657  -1.656
2026-05-31 12:24:28.455 DATA SHAKE  -1.506  -1.506  -1.506    1.163   1.163   1.162   -2.669  -2.669  -2.668
2026-05-31 12:24:28.465 DATA SHAKE   7.843   7.843   7.843    1.297   1.297   1.296    6.547   6.546   6.547
2026-05-31 12:24:28.475 DATA SHAKE  -5.647  -5.647  -5.647    1.158   1.158   1.157   -6.805  -6.805  -6.804
2026-05-31 12:24:28.485 DATA SHAKE   6.525   6.525   6.525    1.265   1.265   1.264    5.260   5.260   5.261
2026-05-31 12:24:28.495 DATA SHAKE   7.278   7.278   7.278    1.385   1.385   1.385    5.893   5.893   5.894
2026-05-31 12:24:28.505 DATA SHAKE   1.882   1.882   1.882    1.395   1.395   1.395    0.487   0.487   0.488
2026-05-31 12:24:28.540 DATA SHAKE  -5.020  -5.020  -5.020    1.267   1.267   1.266   -6.287  -6.287  -6.286
2026-05-31 12:24:28.550 DATA SHAKE  -6.337  -6.337  -6.337    1.115   1.115   1.114   -7.452  -7.452  -7.452
2026-05-31 12:24:28.560 DATA SHAKE   1.569   1.569   1.569    1.124   1.124   1.123    0.445   0.445   0.445
2026-05-31 12:24:28.570 DATA SHAKE   0.502   0.502   0.502    1.111   1.111   1.111   -0.609  -0.610  -0.609
2026-05-31 12:24:28.580 DATA SHAKE   6.588   6.588   6.588    1.221   1.221   1.220    5.367   5.367   5.368
2026-05-31 12:24:28.590 DATA SHAKE   6.337   6.337   6.337    1.323   1.323   1.323    5.014   5.014   5.014
2026-05-31 12:24:28.600 DATA SHAKE  -1.804  -1.757  -1.757    1.261   1.262   1.261   -3.065  -3.019  -3.018
2026-05-31 12:24:28.610 DATA SHAKE  -0.753  -0.753  -0.753    1.220   1.221   1.221   -1.974  -1.975  -1.974
2026-05-31 12:24:28.620 DATA SHAKE  -3.012  -3.012  -3.012    1.136   1.137   1.136   -4.148  -4.149  -4.148
2026-05-31 12:24:28.630 DATA SHAKE   4.141   4.141   4.141    1.196   1.197   1.196    2.945   2.944   2.945
2026-05-31 12:24:28.640 DATA SHAKE   4.078   4.078   4.078    1.254   1.254   1.254    2.825   2.824   2.824
2026-05-31 12:24:28.650 DATA SHAKE  -0.063  -0.063  -0.063    1.227   1.228   1.228   -1.290  -1.291  -1.291
2026-05-31 12:24:28.660 DATA SHAKE   3.827   3.827   3.827    1.279   1.280   1.280    2.548   2.547   2.548
2026-05-31 12:24:28.670 DATA SHAKE   2.071   2.071   2.071    1.295   1.296   1.295    0.775   0.775   0.775
2026-05-31 12:24:28.680 DATA SHAKE  -5.773  -5.773  -5.773    1.154   1.155   1.154   -6.926  -6.927  -6.927
2026-05-31 12:24:28.690 DATA SHAKE  -6.902  -6.902  -6.902    0.993   0.993   0.993   -7.895  -7.896  -7.895
2026-05-31 12:24:28.700 DATA SHAKE   2.071   2.071   2.071    1.014   1.015   1.014    1.056   1.056   1.056
2026-05-31 12:24:28.710 DATA SHAKE  -6.212  -6.212  -6.212    0.870   0.870   0.870   -7.082  -7.082  -7.082
2026-05-31 12:24:28.720 DATA SHAKE  -6.024  -6.024  -6.024    0.732   0.733   0.732   -6.755  -6.756  -6.756
2026-05-31 12:24:28.730 DATA SHAKE  -1.192  -1.192  -1.192    0.693   0.694   0.694   -1.886  -1.886  -1.886
2026-05-31 12:24:28.740 DATA SHAKE   3.890   3.890   3.890    0.757   0.758   0.758    3.133   3.132   3.133
2026-05-31 12:24:28.750 DATA SHAKE  -0.000  -0.000  -0.000    0.742   0.743   0.742   -0.742  -0.743  -0.743
2026-05-31 12:24:28.760 DATA SHAKE   7.906   7.906   7.906    0.885   0.886   0.886    7.020   7.020   7.020
2026-05-31 12:24:28.770 DATA SHAKE   6.776   6.776   6.776    1.003   1.004   1.003    5.773   5.772   5.773
2026-05-31 12:24:28.780 DATA SHAKE   3.325   3.325   3.325    1.050   1.050   1.050    2.276   2.275   2.276
2026-05-31 12:24:28.790 DATA SHAKE   3.137   3.137   3.137    1.091   1.092   1.092    2.046   2.045   2.046
2026-05-31 12:24:28.800 DATA SHAKE  -4.894  -4.894  -4.894    0.972   0.972   0.972   -5.866  -5.867  -5.866
2026-05-31 12:24:28.810 DATA SHAKE   6.400   6.400   6.400    1.080   1.081   1.080    5.320   5.319   5.319
2026-05-31 12:24:28.820 DATA SHAKE   2.071   2.071   2.071    1.100   1.101   1.100    0.971   0.970   0.970
2026-05-31 12:24:28.830 DATA SHAKE  -5.647  -5.647  -5.647    0.965   0.966   0.965   -6.612  -6.613  -6.613
2026-05-31 12:24:28.840 DATA SHAKE  -3.451  -3.451  -3.451    0.877   0.877   0.877   -4.328  -4.329  -4.328
2026-05-31 12:24:28.850 DATA SHAKE  -7.028  -7.028  -7.028    0.719   0.719   0.719   -7.746  -7.747  -7.747
2026-05-31 12:24:28.860 DATA SHAKE  -3.953  -3.953  -3.953    0.625   0.626   0.625   -4.578  -4.579  -4.579
2026-05-31 12:24:28.870 DATA SHAKE   5.898   5.898   5.898    0.731   0.731   0.731    5.167   5.167   5.167
2026-05-31 12:24:28.880 DATA SHAKE  -5.898  -5.898  -5.898    0.598   0.599   0.598   -6.496  -6.497  -6.497
2026-05-31 12:24:28.890 DATA SHAKE   0.125   0.125   0.125    0.589   0.589   0.589   -0.463  -0.464  -0.463
2026-05-31 12:24:28.900 DATA SHAKE   0.941   0.941   0.941    0.596   0.596   0.596    0.345   0.345   0.345
2026-05-31 12:24:28.910 DATA SHAKE  -1.883  -1.883  -1.883    0.546   0.547   0.546   -2.429  -2.429  -2.429
2026-05-31 12:24:28.920 DATA SHAKE  -2.385  -2.385  -2.385    0.488   0.488   0.488   -2.872  -2.873  -2.872
2026-05-31 12:24:28.930 DATA SHAKE  -5.459  -5.459  -5.459    0.369   0.369   0.369   -5.828  -5.828  -5.828
2026-05-31 12:24:28.940 DATA SHAKE   0.502   0.502   0.502    0.371   0.372   0.371    0.131   0.130   0.130
2026-05-31 12:24:28.950 DATA SHAKE  -4.957  -4.957  -4.957    0.265   0.265   0.265   -5.222  -5.222  -5.222
2026-05-31 12:24:28.960 DATA SHAKE  -7.781  -7.781  -7.781    0.104   0.104   0.104   -7.884  -7.885  -7.885
2026-05-31 12:24:28.970 DATA SHAKE   3.325   3.325   3.325    0.168   0.169   0.168    3.157   3.157   3.157
2026-05-31 12:24:28.980 DATA SHAKE  -3.200  -3.200  -3.200    0.101   0.101   0.101   -3.301  -3.302  -3.301
2026-05-31 12:24:28.990 DATA SHAKE   3.012   3.012   3.012    0.159   0.160   0.159    2.853   2.852   2.852
2026-05-31 12:24:29.000 DATA SHAKE   0.502   0.502   0.502    0.166   0.166   0.166    0.336   0.336   0.336
2026-05-31 12:24:29.010 DATA SHAKE  -7.969  -7.969  -7.969    0.003   0.004   0.003   -7.972  -7.972  -7.972
2026-05-31 12:24:29.045 DATA SHAKE   3.765   3.765   3.765    0.078   0.079   0.079    3.686   3.686   3.686
2026-05-31 12:24:29.055 DATA SHAKE  -6.588  -6.588  -6.588   -0.055  -0.054  -0.055   -6.534  -6.534  -6.534
2026-05-31 12:24:29.065 DATA SHAKE   5.208   5.208   5.208    0.050   0.051   0.051    5.157   5.157   5.157
2026-05-31 12:24:29.075 DATA SHAKE   5.961   5.961   5.961    0.169   0.169   0.169    5.792   5.792   5.792
2026-05-31 12:24:29.085 DATA SHAKE   7.341   7.341   7.341    0.312   0.312   0.312    7.029   7.029   7.029
2026-05-31 12:24:29.095 DATA SHAKE   6.525   6.525   6.525    0.436   0.437   0.436    6.089   6.089   6.089
2026-05-31 12:24:29.105 DATA SHAKE   1.129   1.129   1.129    0.450   0.451   0.450    0.679   0.679   0.679
2026-05-31 12:24:29.115 DATA SHAKE  -6.463   1.882   1.882    0.312   0.479   0.479   -6.775   1.403   1.403
2026-05-31 12:24:29.125 DATA SHAKE   7.780   7.780   7.780    0.461   0.625   0.625    7.319   7.155   7.155
2026-05-31 12:24:29.135 DATA SHAKE   5.271   5.271   5.271    0.557   0.718   0.718    4.713   4.552   4.553
2026-05-31 12:24:29.145 DATA SHAKE  -4.518  -4.518  -4.518    0.456   0.613   0.613   -4.974  -5.131  -5.131
2026-05-31 12:24:29.155 DATA SHAKE  -4.769  -4.769  -4.769    0.351   0.506   0.506   -5.120  -5.275  -5.274
2026-05-31 12:24:29.165 DATA SHAKE  -2.322  -2.322  -2.322    0.298   0.449   0.449   -2.620  -2.771  -2.771
2026-05-31 12:24:29.175 DATA SHAKE  -0.188  -0.188  -0.188    0.288   0.436   0.436   -0.477  -0.625  -0.625
2026-05-31 12:24:29.185 DATA SHAKE   2.698   2.698   2.698    0.336   0.482   0.481    2.362   2.216   2.217
2026-05-31 12:24:29.195 DATA SHAKE   1.192   1.192   1.192    0.354   0.496   0.496    0.839   0.696   0.696
2026-05-31 12:24:29.205 DATA SHAKE  -6.491  -6.463  -6.463    0.217   0.357   0.357   -6.707  -6.820  -6.819
2026-05-31 12:24:29.215 DATA SHAKE   1.820   1.820   1.820    0.249   0.386   0.386    1.571   1.434   1.434
2026-05-31 12:24:29.225 DATA SHAKE   2.322   2.322   2.322    0.290   0.425   0.425    2.031   1.897   1.897
2026-05-31 12:24:29.235 DATA SHAKE   6.274   6.274   6.274    0.410   0.542   0.542    5.865   5.733   5.733
2026-05-31 12:24:29.245 DATA SHAKE  -0.941  -0.941  -0.941    0.383   0.512   0.512   -1.324  -1.453  -1.453
2026-05-31 12:24:29.255 DATA SHAKE  -6.777  -6.777  -6.777    0.240   0.366   0.366   -7.016  -7.143  -7.143
2026-05-31 12:24:29.265 DATA SHAKE  -3.200  -3.200  -3.200    0.171   0.295   0.295   -3.371  -3.495  -3.495
2026-05-31 12:24:29.275 DATA SHAKE  -1.004  -1.004  -1.004    0.147   0.269   0.269   -1.152  -1.273  -1.273
2026-05-31 12:24:29.285 DATA SHAKE  -5.083  -5.083  -5.083    0.043   0.162   0.162   -5.125  -5.244  -5.244
2026-05-31 12:24:29.295 DATA SHAKE   4.111   4.078   4.078    0.124   0.240   0.240    3.987   3.838   3.838
2026-05-31 12:24:29.305 DATA SHAKE   2.133   2.133   2.133    0.164   0.278   0.278    1.969   1.855   1.855
2026-05-31 12:24:29.315 DATA SHAKE  -0.816  -0.816  -0.816    0.145   0.256   0.256   -0.961  -1.072  -1.072
2026-05-31 12:24:29.325 DATA SHAKE  -7.592  -7.592  -7.592   -0.010   0.099   0.099   -7.582  -7.692  -7.691
2026-05-31 12:24:29.335 DATA SHAKE   0.941   0.941   0.941    0.009   0.116   0.116    0.932   0.825   0.825
2026-05-31 12:24:29.345 DATA SHAKE  -1.694  -1.694  -1.694   -0.025   0.080   0.080   -1.669  -1.774  -1.774
2026-05-31 12:24:29.355 DATA SHAKE   6.525   6.525   6.525    0.106   0.209   0.209    6.419   6.317   6.317
2026-05-31 12:24:29.365 DATA SHAKE   4.329   4.329   4.329    0.190   0.291   0.291    4.139   4.038   4.038
2026-05-31 12:24:29.375 DATA SHAKE  -4.267  -4.267  -4.267    0.101   0.200   0.200   -4.368  -4.467  -4.467
2026-05-31 12:24:29.385 DATA SHAKE   4.518   4.518   4.518    0.190   0.286   0.286    4.328   4.231   4.231
2026-05-31 12:24:29.395 DATA SHAKE  -0.628  -0.628  -0.628    0.173   0.268   0.268   -0.801  -0.896  -0.896
2026-05-31 12:24:29.405 DATA SHAKE   7.278   7.278   7.278    0.315   0.408   0.408    6.963   6.870   6.870
2026-05-31 12:24:29.415 DATA SHAKE   5.961   5.961   5.961    0.428   0.519   0.519    5.532   5.441   5.441
2026-05-31 12:24:29.425 DATA SHAKE  -1.130  -1.130  -1.130    0.397   0.486   0.486   -1.527  -1.616  -1.616
2026-05-31 12:24:29.435 DATA SHAKE   5.647   5.647   5.647    0.502   0.590   0.589    5.145   5.057   5.058
2026-05-31 12:24:29.445 DATA SHAKE   7.718   7.718   7.718    0.646   0.732   0.732    7.071   6.985   6.985
2026-05-31 12:24:29.455 DATA SHAKE  -5.083  -5.083  -5.083    0.532   0.616   0.616   -5.614  -5.698  -5.698
2026-05-31 12:24:29.465 DATA SHAKE   5.961   5.961   5.961    0.640   0.723   0.723    5.320   5.238   5.238
2026-05-31 12:24:29.475 DATA SHAKE   7.467   7.467   7.467    0.777   0.858   0.858    6.690   6.609   6.609
2026-05-31 12:24:29.485 DATA SHAKE   4.769   4.769   4.769    0.857   0.936   0.936    3.912   3.833   3.833
2026-05-31 12:24:29.495 DATA SHAKE  -1.820  -1.820  -1.820    0.803   0.881   0.881   -2.623  -2.701  -2.700
2026-05-31 12:24:29.505 DATA SHAKE  -5.333  -5.333  -5.333    0.680   0.756   0.756   -6.014  -6.090  -6.090
2026-05-31 12:24:29.506 PROMPT rest_start cycle=8
2026-05-31 12:24:29.540 DATA REST  -0.063   4.937   4.894    0.666   0.840   0.839   -0.729   4.097   4.055
2026-05-31 12:24:29.550 DATA REST   6.149   6.149   6.149    0.775   0.946   0.945    5.374   5.203   5.204
2026-05-31 12:24:29.560 DATA REST  -7.467  -7.467  -7.467    0.610   0.778   0.777   -8.077  -8.245  -8.244
2026-05-31 12:24:29.570 DATA REST   1.820   1.820   1.820    0.635   0.799   0.798    1.185   1.021   1.022
2026-05-31 12:24:29.580 DATA REST   7.278   7.278   7.278    0.768   0.928   0.928    6.511   6.350   6.351
2026-05-31 12:24:29.590 DATA REST   5.710   5.710   5.710    0.866   1.024   1.023    4.843   4.686   4.687
2026-05-31 12:24:29.600 DATA REST   1.192   1.192   1.192    0.873   1.027   1.027    0.319   0.165   0.166
2026-05-31 12:24:29.610 DATA REST   1.067   1.067   1.067    0.877   1.028   1.027    0.190   0.038   0.039
2026-05-31 12:24:29.620 DATA REST   0.627   0.627   0.627    0.872   1.020   1.019   -0.244  -0.393  -0.392
2026-05-31 12:24:29.630 DATA REST  -4.267  -3.392  -3.388    0.769   0.932   0.931   -5.036  -4.324  -4.320
2026-05-31 12:24:29.640 DATA REST   4.643   4.643   4.643    0.846   1.006   1.005    3.797   3.637   3.638
2026-05-31 12:24:29.650 DATA REST  -2.635  -2.635  -2.635    0.777   0.933   0.933   -3.412  -3.569  -3.568
2026-05-31 12:24:29.660 DATA REST   5.271   5.271   5.271    0.867   1.020   1.019    4.404   4.250   4.251
2026-05-31 12:24:29.670 DATA REST  -0.565  -0.565  -0.565    0.838   0.988   0.988   -1.403  -1.553  -1.553
2026-05-31 12:24:29.680 DATA REST  -1.255  -1.255  -1.255    0.796   0.943   0.943   -2.051  -2.199  -2.198
2026-05-31 12:24:29.690 DATA REST  -0.502  -0.502  -0.502    0.770   0.915   0.914   -1.272  -1.417  -1.416
2026-05-31 12:24:29.700 DATA REST  -0.314  -0.314  -0.314    0.749   0.890   0.889   -1.063  -1.204  -1.203
2026-05-31 12:24:29.710 DATA REST   5.271   5.271   5.271    0.839   0.978   0.977    4.432   4.293   4.294
2026-05-31 12:24:29.720 DATA REST   7.718   3.576   3.576    0.977   1.030   1.029    6.741   2.547   2.547
2026-05-31 12:24:29.730 DATA REST  -1.255  -1.255  -1.255    0.932   0.984   0.983   -2.187  -2.239  -2.238
2026-05-31 12:24:29.740 DATA REST  -3.953  -3.953  -3.953    0.834   0.885   0.885   -4.787  -4.838  -4.838
2026-05-31 12:24:29.750 DATA REST  -3.828  -3.828  -3.828    0.741   0.791   0.790   -4.569  -4.619  -4.618
2026-05-31 12:24:29.760 DATA REST  -0.126  -0.126  -0.126    0.724   0.773   0.772   -0.849  -0.898  -0.898
2026-05-31 12:24:29.770 DATA REST   5.459   5.459   5.459    0.818   0.866   0.866    4.640   4.592   4.593
2026-05-31 12:24:29.780 DATA REST   7.404   7.404   7.404    0.950   0.997   0.996    6.454   6.407   6.407
2026-05-31 12:24:29.790 DATA REST   6.463   6.463   6.463    1.060   1.106   1.106    5.402   5.356   5.357
2026-05-31 12:24:29.800 DATA REST  -1.757  -1.757  -1.757    1.004   1.049   1.049   -2.761  -2.806  -2.806
2026-05-31 12:24:29.810 DATA REST   6.463   7.153   7.153    1.113   1.171   1.171    5.350   5.982   5.982
2026-05-31 12:24:29.820 DATA REST   0.502   0.502   0.502    1.101   1.158   1.157   -0.599  -0.656  -0.655
2026-05-31 12:24:29.830 DATA REST  -1.067  -1.067  -1.067    1.058   1.113   1.113   -2.124  -2.180  -2.180
2026-05-31 12:24:29.840 DATA REST   7.467   7.467   7.467    1.186   1.240   1.240    6.281   6.226   6.227
2026-05-31 12:24:29.850 DATA REST  -5.710  -5.710  -5.710    1.048   1.101   1.101   -6.758  -6.811  -6.811
2026-05-31 12:24:29.860 DATA REST  -1.067  -1.067  -1.067    1.006   1.058   1.058   -2.072  -2.125  -2.124
2026-05-31 12:24:29.870 DATA REST   6.588   6.588   6.588    1.117   1.169   1.168    5.471   5.420   5.420
2026-05-31 12:24:29.880 DATA REST   3.012   3.012   3.012    1.155   1.205   1.205    1.857   1.806   1.807
2026-05-31 12:24:29.890 DATA REST   6.149   6.149   6.149    1.255   1.304   1.304    4.894   4.845   4.845
2026-05-31 12:24:29.900 DATA REST  -7.301  -7.279  -7.279    1.084   1.133   1.132   -8.385  -8.411  -8.411
2026-05-31 12:24:29.910 DATA REST  -7.153  -7.153  -7.153    0.919   0.967   0.967   -8.072  -8.120  -8.120
2026-05-31 12:24:29.920 DATA REST  -6.086  -6.086  -6.086    0.779   0.826   0.825   -6.865  -6.912  -6.912
2026-05-31 12:24:29.930 DATA REST   4.078   4.078   4.078    0.845   0.891   0.891    3.233   3.187   3.188
2026-05-31 12:24:29.940 DATA REST  -6.588  -6.588  -6.588    0.696   0.741   0.741   -7.285  -7.330  -7.329
2026-05-31 12:24:29.950 DATA REST  -7.969  -7.969  -7.969    0.523   0.567   0.567   -8.492  -8.536  -8.535
2026-05-31 12:24:29.960 DATA REST  -3.075  -3.075  -3.075    0.451   0.494   0.494   -3.526  -3.569  -3.569
2026-05-31 12:24:29.970 DATA REST   6.274   6.274   6.274    0.568   0.610   0.610    5.707   5.665   5.665
2026-05-31 12:24:29.980 DATA REST   0.690   0.690   0.690    0.570   0.612   0.611    0.120   0.079   0.079
2026-05-31 12:24:29.990 DATA REST   6.463   6.463   6.463    0.688   0.729   0.728    5.775   5.734   5.734
2026-05-31 12:24:30.000 DATA REST  -0.377  -0.377  -0.377    0.667   0.706   0.706   -1.043  -1.083  -1.083
2026-05-31 12:24:30.010 DATA REST  -7.467  -7.467  -7.467    0.504   0.543   0.543   -7.971  -8.010  -8.009
2026-05-31 12:24:30.045 DATA REST  -7.404  -7.404  -7.404    0.346   0.384   0.384   -7.750  -7.788  -7.788
2026-05-31 12:24:30.055 DATA REST  -0.188  -0.188   3.874    0.335   0.373   0.453   -0.524  -0.561   3.421
2026-05-31 12:24:30.065 DATA REST   7.969   7.969   7.969    0.488   0.524   0.604    7.481   7.444   7.365
2026-05-31 12:24:30.075 DATA REST  -2.824  -2.824  -2.824    0.421   0.458   0.535   -3.245  -3.281  -3.359
2026-05-31 12:24:30.085 DATA REST   4.267   4.267   4.267    0.498   0.534   0.610    3.768   3.733   3.657
2026-05-31 12:24:30.095 DATA REST  -0.314  -0.314  -0.314    0.482   0.517   0.591   -0.796  -0.831  -0.905
2026-05-31 12:24:30.105 DATA REST  -0.251  -0.251  -0.251    0.467   0.501   0.575   -0.719  -0.753  -0.826
2026-05-31 12:24:30.115 DATA REST   3.639   3.639   3.639    0.531   0.564   0.636    3.108   3.075   3.003
2026-05-31 12:24:30.125 DATA REST  -3.828  -3.828  -3.828    0.444   0.476   0.547   -4.271  -4.304  -4.374
2026-05-31 12:24:30.135 DATA REST   5.710   5.710   5.710    0.549   0.581   0.650    5.161   5.129   5.060
2026-05-31 12:24:30.145 DATA REST  -3.075  -3.075   0.251    0.477   0.508   0.642   -3.551  -3.583  -0.391
2026-05-31 12:24:30.155 DATA REST   2.573   2.573   2.573    0.518   0.549   0.680    2.054   2.023   1.892
2026-05-31 12:24:30.165 DATA REST   7.780   7.780   7.780    0.664   0.694   0.822    7.117   7.086   6.958
2026-05-31 12:24:30.175 DATA REST  -2.886  -2.886  -2.886    0.593   0.622   0.748   -3.479  -3.509  -3.635
2026-05-31 12:24:30.185 DATA REST  -2.447  -2.447  -2.447    0.532   0.561   0.684   -2.979  -3.008  -3.132
2026-05-31 12:24:30.195 DATA REST   5.145   5.145   5.145    0.624   0.652   0.774    4.521   4.493   4.371
2026-05-31 12:24:30.205 DATA REST   2.196   2.196   2.196    0.656   0.683   0.802    1.540   1.513   1.394
2026-05-31 12:24:30.215 DATA REST  -0.188  -0.188  -0.188    0.639   0.666   0.782   -0.827  -0.854  -0.971
2026-05-31 12:24:30.225 DATA REST  -3.765  -3.765  -3.765    0.551   0.577   0.691   -4.316  -4.342  -4.456
2026-05-31 12:24:30.235 DATA REST   6.902   5.402   5.396    0.678   0.674   0.785    6.224   4.728   4.611
2026-05-31 12:24:30.245 DATA REST   5.898   5.898   5.898    0.782   0.778   0.888    5.116   5.120   5.010
2026-05-31 12:24:30.255 DATA REST   7.718   7.718   7.718    0.921   0.917   1.024    6.797   6.800   6.693
2026-05-31 12:24:30.265 DATA REST  -7.279  -7.279  -7.279    0.757   0.753   0.858   -8.035  -8.032  -8.137
2026-05-31 12:24:30.275 DATA REST   3.702   3.702   3.702    0.816   0.812   0.915    2.886   2.890   2.787
2026-05-31 12:24:30.285 DATA REST  -3.890  -3.890  -3.890    0.722   0.718   0.819   -4.612  -4.608  -4.709
2026-05-31 12:24:30.295 DATA REST  -2.761  -2.761  -2.761    0.652   0.648   0.747   -3.413  -3.409  -3.508
2026-05-31 12:24:30.305 DATA REST   1.255   1.255   1.255    0.664   0.661   0.757    0.591   0.594   0.497
2026-05-31 12:24:30.315 DATA REST   4.518   4.518   4.518    0.741   0.738   0.833    3.777   3.780   3.685
2026-05-31 12:24:30.325 DATA REST   5.772   6.710   6.714    0.842   0.857   0.950    4.931   5.853   5.763
2026-05-31 12:24:30.335 DATA REST  -6.965  -6.965  -6.965    0.686   0.701   0.792   -7.650  -7.666  -7.757
2026-05-31 12:24:30.345 DATA REST  -4.455  -4.455  -4.455    0.583   0.598   0.687   -5.038  -5.053  -5.142
2026-05-31 12:24:30.355 DATA REST  -2.761  -2.761  -2.761    0.516   0.530   0.618   -3.277  -3.291  -3.379
2026-05-31 12:24:30.365 DATA REST  -3.137  -3.137  -3.137    0.443   0.457   0.543   -3.580  -3.595  -3.680
2026-05-31 12:24:30.375 DATA REST  -5.083  -5.083  -5.083    0.332   0.346   0.430   -5.415  -5.429  -5.513
2026-05-31 12:24:30.385 DATA REST  -7.216  -7.216  -7.216    0.181   0.195   0.278   -7.397  -7.411  -7.493
2026-05-31 12:24:30.395 DATA REST   3.890   3.890   3.890    0.256   0.269   0.350    3.635   3.621   3.540
2026-05-31 12:24:30.405 DATA REST  -0.879  -0.879  -0.879    0.233   0.246   0.325   -1.111  -1.125  -1.204
2026-05-31 12:24:30.415 DATA REST  -3.012  -1.130  -1.130    0.168   0.219   0.296   -3.180  -1.348  -1.426
2026-05-31 12:24:30.425 DATA REST   2.447   2.447   2.447    0.214   0.263   0.339    2.233   2.184   2.108
2026-05-31 12:24:30.435 DATA REST   7.341   7.341   7.341    0.356   0.405   0.479    6.985   6.936   6.862
2026-05-31 12:24:30.445 DATA REST  -3.263  -3.263  -3.263    0.284   0.331   0.404   -3.547  -3.594  -3.667
2026-05-31 12:24:30.455 DATA REST   0.188   0.188   0.188    0.282   0.328   0.400   -0.094  -0.140  -0.212
2026-05-31 12:24:30.465 DATA REST  -4.079  -4.079  -4.079    0.195   0.240   0.310   -4.273  -4.319  -4.389
2026-05-31 12:24:30.475 DATA REST  -6.902  -6.902  -6.902    0.053   0.097   0.166   -6.955  -7.000  -7.068
2026-05-31 12:24:30.485 DATA REST   7.404   7.404   7.404    0.200   0.244   0.311    7.204   7.160   7.093
2026-05-31 12:24:30.495 DATA REST   7.216   7.216   7.216    0.340   0.383   0.449    6.876   6.833   6.767
2026-05-31 12:24:30.505 DATA REST  -6.719  -6.714  -6.714    0.199   0.241   0.306   -6.918  -6.955  -7.020
2026-05-31 12:24:30.515 DATA REST  -6.839  -6.839  -6.839    0.058   0.099   0.163   -6.897  -6.939  -7.002
2026-05-31 12:24:30.549 DATA REST   0.000   0.000   0.000    0.057   0.097   0.160   -0.057  -0.097  -0.160
2026-05-31 12:24:30.559 DATA REST  -0.063  -0.063  -0.063    0.054   0.094   0.155   -0.117  -0.157  -0.218
2026-05-31 12:24:30.569 DATA REST   0.565   0.565   0.565    0.065   0.104   0.163    0.500   0.461   0.401
2026-05-31 12:24:30.579 DATA REST   3.827   3.827   3.827    0.140   0.178   0.237    3.687   3.649   3.591
2026-05-31 12:24:30.589 DATA REST   7.906   7.906   7.906    0.295   0.333   0.390    7.610   7.573   7.516
2026-05-31 12:24:30.599 DATA REST  -4.518  -4.518  -4.518    0.199   0.236   0.292   -4.717  -4.754  -4.810
2026-05-31 12:24:30.609 DATA REST  -2.196  -2.196  -2.196    0.151   0.187   0.242   -2.347  -2.383  -2.438
2026-05-31 12:24:30.619 DATA REST  -1.820  -1.820  -1.820    0.112   0.147   0.201   -1.932  -1.967  -2.021
2026-05-31 12:24:30.629 DATA REST  -3.702  -3.702  -3.702    0.035   0.070   0.123   -3.738  -3.772  -3.825
2026-05-31 12:24:30.639 DATA REST   7.906   7.906   7.906    0.193   0.227   0.278    7.713   7.679   7.627
2026-05-31 12:24:30.649 DATA REST   2.071   2.071   2.071    0.230   0.264   0.314    1.840   1.807   1.756
2026-05-31 12:24:30.659 DATA REST  -2.071  -2.071  -2.071    0.184   0.217   0.267   -2.255  -2.288  -2.337
2026-05-31 12:24:30.669 DATA REST  -1.130  -1.130  -1.130    0.158   0.190   0.239   -1.288  -1.320  -1.368
2026-05-31 12:24:30.679 DATA REST   2.384   2.384   2.384    0.203   0.234   0.282    2.182   2.150   2.103
2026-05-31 12:24:30.689 DATA REST   6.023   6.023   6.023    0.319   0.350   0.396    5.704   5.674   5.627
2026-05-31 12:24:30.699 DATA REST  -6.588  -6.588  -6.588    0.181   0.211   0.257   -6.769  -6.799  -6.845
2026-05-31 12:24:30.709 DATA REST  -2.510  -2.510  -2.510    0.127   0.156   0.201   -2.637  -2.666  -2.711
2026-05-31 12:24:30.719 DATA REST  -0.690  -0.690  -0.690    0.111   0.139   0.184   -0.801  -0.830  -0.874
2026-05-31 12:24:30.729 DATA REST  -4.079  -4.079  -4.079    0.027   0.055   0.098   -4.106  -4.134  -4.177
2026-05-31 12:24:30.739 DATA REST  -6.275  -6.275  -6.275   -0.099  -0.071  -0.029   -6.176  -6.203  -6.246
2026-05-31 12:24:30.749 DATA REST  -6.149  -6.149  -6.149   -0.220  -0.193  -0.152   -5.929  -5.956  -5.998
2026-05-31 12:24:30.759 DATA REST  -7.906  -7.906  -7.906   -0.374  -0.347  -0.307   -7.532  -7.559  -7.599
2026-05-31 12:24:30.769 DATA REST   5.459   5.459   5.459   -0.257  -0.231  -0.191    5.716   5.690   5.650
2026-05-31 12:24:30.779 DATA REST   3.765   3.765   3.765   -0.177  -0.151  -0.112    3.941   3.916   3.877
2026-05-31 12:24:30.789 DATA REST   4.078   4.078   4.078   -0.092  -0.067  -0.028    4.170   4.145   4.107
2026-05-31 12:24:30.799 DATA REST   3.765   3.765   3.952   -0.015   0.010   0.051    3.779   3.755   3.901
2026-05-31 12:24:30.809 DATA REST   4.204   4.204   4.204    0.070   0.094   0.134    4.134   4.110   4.070
2026-05-31 12:24:30.819 DATA REST   2.949   2.949   2.949    0.127   0.151   0.191    2.822   2.798   2.758
2026-05-31 12:24:30.829 DATA REST   2.635   2.635   2.635    0.178   0.201   0.239    2.458   2.435   2.396
2026-05-31 12:24:30.839 DATA REST   2.510   2.510   2.510    0.224   0.247   0.285    2.286   2.263   2.225
2026-05-31 12:24:30.849 DATA REST   6.274   6.274   6.274    0.345   0.367   0.405    5.929   5.907   5.870
2026-05-31 12:24:30.859 DATA REST  -6.400  -6.400  -6.400    0.210   0.232   0.269   -6.610  -6.632  -6.669
2026-05-31 12:24:30.869 DATA REST  -4.392  -4.392  -4.392    0.118   0.140   0.175   -4.511  -4.532  -4.568
2026-05-31 12:24:30.879 DATA REST  -3.388  -3.388  -3.388    0.048   0.069   0.104   -3.437  -3.457  -3.492
2026-05-31 12:24:30.889 DATA REST  -2.824  -2.824  -3.765   -0.009   0.011   0.027   -2.814  -2.835  -3.792
2026-05-31 12:24:30.899 DATA REST  -5.208  -5.208  -5.208   -0.113  -0.093  -0.078   -5.095  -5.115  -5.130
2026-05-31 12:24:30.909 DATA REST  -5.835  -5.835  -5.835   -0.228  -0.208  -0.193   -5.608  -5.627  -5.642
2026-05-31 12:24:30.919 DATA REST  -5.020  -5.020  -5.020   -0.324  -0.304  -0.290   -4.696  -4.715  -4.730
2026-05-31 12:24:30.929 DATA REST  -4.267  -4.267  -4.267   -0.402  -0.384  -0.369   -3.864  -3.883  -3.898
2026-05-31 12:24:30.939 DATA REST  -6.149  -6.149  -6.149   -0.517  -0.499  -0.485   -5.632  -5.650  -5.664
2026-05-31 12:24:30.949 DATA REST   7.216   7.216   7.216   -0.363  -0.345  -0.331    7.578   7.560   7.546
2026-05-31 12:24:30.959 DATA REST   4.769   4.769   4.769   -0.260  -0.242  -0.229    5.029   5.011   4.997
2026-05-31 12:24:30.969 DATA REST   4.078   4.078   4.078   -0.173  -0.156  -0.143    4.252   4.234   4.221
2026-05-31 12:24:30.979 DATA REST   5.521   5.521  -7.216   -0.059  -0.042  -0.284    5.581   5.564  -6.932
2026-05-31 12:24:30.989 DATA REST  -3.702  -3.702  -3.702   -0.132  -0.116  -0.353   -3.570  -3.587  -3.350
2026-05-31 12:24:30.999 DATA REST  -2.447  -2.447  -2.447   -0.179  -0.162  -0.394   -2.269  -2.285  -2.053
2026-05-31 12:24:31.009 DATA REST  -1.820  -1.820  -1.820   -0.211  -0.195  -0.423   -1.608  -1.624  -1.397
2026-05-31 12:24:31.019 DATA REST  -2.761  -2.761  -2.761   -0.262  -0.247  -0.470   -2.499  -2.514  -2.291
2026-05-31 12:24:31.054 DATA REST   3.576   3.576   3.576   -0.186  -0.170  -0.389    3.762   3.747   3.965
2026-05-31 12:24:31.064 DATA REST   1.757   1.757   1.757   -0.147  -0.132  -0.346    1.904   1.889   2.103
2026-05-31 12:24:31.074 DATA REST   2.635   2.635   2.635   -0.091  -0.076  -0.286    2.726   2.712   2.921
2026-05-31 12:24:31.084 DATA REST   4.329   4.329   4.329   -0.003   0.012  -0.194    4.332   4.318   4.523
2026-05-31 12:24:31.094 DATA REST  -7.843  -7.843  -7.843   -0.160  -0.145  -0.347   -7.684  -7.698  -7.496
2026-05-31 12:24:31.104 DATA REST  -5.773  -5.773  -5.773   -0.272  -0.258  -0.455   -5.501  -5.515  -5.317
2026-05-31 12:24:31.114 DATA REST  -5.396  -5.396  -5.396   -0.374  -0.361  -0.554   -5.022  -5.036  -4.842
2026-05-31 12:24:31.124 DATA REST  -5.522  -5.522  -5.522   -0.477  -0.464  -0.654   -5.045  -5.058  -4.868
2026-05-31 12:24:31.134 DATA REST  -5.647  -5.647  -5.647   -0.581  -0.568  -0.753   -5.067  -5.080  -4.894
2026-05-31 12:24:31.144 DATA REST   6.776   6.776   6.776   -0.433  -0.421  -0.603    7.210   7.197   7.379
2026-05-31 12:24:31.154 DATA REST   6.337   6.337   6.337   -0.298  -0.286  -0.464    6.635   6.623   6.801
2026-05-31 12:24:31.164 DATA REST   6.274   6.274   6.274   -0.167  -0.154  -0.329    6.441   6.429   6.604
2026-05-31 12:24:31.174 DATA REST   6.212   6.212   6.212   -0.039  -0.027  -0.198    6.251   6.239   6.410
2026-05-31 12:24:31.184 DATA REST   5.584   5.584   5.584    0.073   0.085  -0.083    5.511   5.499   5.667
2026-05-31 12:24:31.194 DATA REST   3.702   3.702   3.702    0.146   0.158  -0.007    3.556   3.544   3.709
2026-05-31 12:24:31.204 DATA REST   3.325   3.325   3.325    0.210   0.221   0.060    3.116   3.105   3.266
2026-05-31 12:24:31.214 DATA REST   4.894   4.894   4.894    0.303   0.314   0.156    4.591   4.580   4.738
2026-05-31 12:24:31.224 DATA REST   7.404   7.404   7.404    0.445   0.456   0.301    6.959   6.948   7.103
2026-05-31 12:24:31.234 DATA REST  -4.706  -4.706  -4.706    0.342   0.353   0.201   -5.048  -5.059  -4.907
2026-05-31 12:24:31.244 DATA REST  -4.016  -4.016  -4.016    0.255   0.266   0.117   -4.271  -4.281  -4.133
2026-05-31 12:24:31.254 DATA REST  -2.259  -2.259  -2.259    0.205   0.215   0.069   -2.464  -2.474  -2.328
2026-05-31 12:24:31.264 DATA REST  -1.945  -1.945  -1.945    0.162   0.172   0.029   -2.107  -2.117  -1.974
2026-05-31 12:24:31.274 DATA REST  -6.212  -6.212  -6.212    0.034   0.044  -0.096   -6.246  -6.256  -6.116
2026-05-31 12:24:31.284 DATA REST   7.780   7.780   7.780    0.189   0.199   0.062    7.591   7.581   7.719
2026-05-31 12:24:31.294 DATA REST  -7.404  -7.404  -7.404    0.037   0.047  -0.088   -7.441  -7.451  -7.316
2026-05-31 12:24:31.304 DATA REST  -5.647  -5.647  -5.647   -0.076  -0.067  -0.199   -5.571  -5.580  -5.448
2026-05-31 12:24:31.314 DATA REST  -5.835  -5.835  -7.085   -0.192  -0.182  -0.337   -5.644  -5.653  -6.749
2026-05-31 12:24:31.324 DATA REST  -7.906  -7.906  -7.906   -0.346  -0.337  -0.488   -7.560  -7.569  -7.418
2026-05-31 12:24:31.334 DATA REST  -7.467  -7.467  -7.467   -0.488  -0.479  -0.628   -6.979  -6.987  -6.839
2026-05-31 12:24:31.344 DATA REST  -5.083  -5.083  -5.083   -0.580  -0.572  -0.717   -4.502  -4.511  -4.366
2026-05-31 12:24:31.354 DATA REST  -2.949  -2.949  -2.949   -0.627  -0.619  -0.761   -2.322  -2.330  -2.188
2026-05-31 12:24:31.364 DATA REST  -4.769  -4.769  -4.769   -0.710  -0.702  -0.841   -4.058  -4.067  -3.927
2026-05-31 12:24:31.374 DATA REST  -5.522  -5.522  -5.522   -0.807  -0.798  -0.935   -4.715  -4.723  -4.587
2026-05-31 12:24:31.384 DATA REST  -6.714  -6.714  -6.714   -0.925  -0.917  -1.051   -5.789  -5.797  -5.663
2026-05-31 12:24:31.394 DATA REST  -7.090  -7.090  -7.090   -1.048  -1.040  -1.171   -6.042  -6.050  -5.919
2026-05-31 12:24:31.404 DATA REST  -5.584  -5.584  -3.272   -1.139  -1.131  -1.213   -4.446  -4.453  -2.058
2026-05-31 12:24:31.414 DATA REST  -1.820  -1.820  -1.820   -1.152  -1.145  -1.226   -0.667  -0.675  -0.594
2026-05-31 12:24:31.424 DATA REST  -2.447  -2.447  -2.447   -1.178  -1.171  -1.250   -1.269  -1.276  -1.197
2026-05-31 12:24:31.434 DATA REST  -4.392  -4.392  -4.392   -1.243  -1.235  -1.313   -3.150  -3.157  -3.079
2026-05-31 12:24:31.444 DATA REST  -6.400  -6.400  -6.400   -1.346  -1.339  -1.415   -5.054  -5.061  -4.986
2026-05-31 12:24:31.454 DATA REST   6.714   6.714   6.714   -1.184  -1.178  -1.252    7.898   7.891   7.966
2026-05-31 12:24:31.464 DATA REST   6.086   6.086   6.086   -1.039  -1.032  -1.105    7.125   7.119   7.191
2026-05-31 12:24:31.474 DATA REST   5.459   5.459   5.459   -0.909  -0.903  -0.974    6.368   6.361   6.433
2026-05-31 12:24:31.484 DATA REST   5.835   5.835   5.835   -0.774  -0.768  -0.838    6.609   6.603   6.673
2026-05-31 12:24:31.494 DATA REST   6.400   6.212   6.212   -0.631  -0.628  -0.697    7.031   6.841   6.909
2026-05-31 12:24:31.504 DATA REST   5.208   5.208   5.208   -0.514  -0.511  -0.579    5.722   5.719   5.787
2026-05-31 12:24:31.514 DATA REST   4.894   4.894   4.894   -0.406  -0.403  -0.469    5.300   5.297   5.363
2026-05-31 12:24:31.524 DATA REST   6.023   6.023   6.023   -0.277  -0.275  -0.339    6.301   6.298   6.363
2026-05-31 12:24:31.559 DATA REST  -7.341  -7.341  -7.341   -0.419  -0.416  -0.479   -6.923  -6.925  -6.862
2026-05-31 12:24:31.569 DATA REST   6.651   6.651   6.651   -0.277  -0.275  -0.337    6.928   6.926   6.988
2026-05-31 12:24:31.579 DATA REST   7.153   7.153   7.153   -0.129  -0.126  -0.187    7.281   7.279   7.340
2026-05-31 12:24:31.589 DATA REST  -7.906  -7.906  -7.906   -0.284  -0.282  -0.341   -7.622  -7.624  -7.565
2026-05-31 12:24:31.599 DATA REST  -7.592  -7.592  -7.592   -0.430  -0.428  -0.486   -7.162  -7.164  -7.106
2026-05-31 12:24:31.609 DATA REST  -7.090  -7.090  -7.090   -0.563  -0.561  -0.619   -6.527  -6.529  -6.472
2026-05-31 12:24:31.619 DATA REST  -6.400  -6.400  -6.400   -0.680  -0.678  -0.734   -5.720  -5.722  -5.666
2026-05-31 12:24:31.629 DATA REST  -6.526  -6.526  -6.526   -0.797  -0.795  -0.850   -5.729  -5.731  -5.676
2026-05-31 12:24:31.639 DATA REST  -7.530  -7.530  -7.530   -0.932  -0.930  -0.984   -6.598  -6.600  -6.546
2026-05-31 12:24:31.649 DATA REST   7.341   7.341   7.341   -0.766  -0.764  -0.817    8.107   8.105   8.158
2026-05-31 12:24:31.659 DATA REST   5.521   5.521   5.521   -0.641  -0.639  -0.690    6.162   6.160   6.212
2026-05-31 12:24:31.669 DATA REST   4.518   4.518   4.518   -0.537  -0.535  -0.586    5.055   5.053   5.104
2026-05-31 12:24:31.679 DATA REST   4.016   4.016   4.016   -0.446  -0.444  -0.494    4.462   4.460   4.510
2026-05-31 12:24:31.689 DATA REST   4.455   4.455   4.455   -0.348  -0.346  -0.395    4.803   4.801   4.850
2026-05-31 12:24:31.699 DATA REST   5.835   5.835   5.835   -0.225  -0.223  -0.271    6.060   6.058   6.106
2026-05-31 12:24:31.709 DATA REST   7.529   7.529   7.529   -0.070  -0.068  -0.115    7.599   7.597   7.644
2026-05-31 12:24:31.719 DATA REST  -7.090  -7.090  -7.090   -0.210  -0.208  -0.254   -6.880  -6.882  -6.836
2026-05-31 12:24:31.729 DATA REST  -6.400  -6.400  -6.400   -0.334  -0.332  -0.377   -6.066  -6.068  -6.023
2026-05-31 12:24:31.739 DATA REST  -5.835  -5.835  -5.835   -0.444  -0.442  -0.486   -5.392  -5.393  -5.349
2026-05-31 12:24:31.749 DATA REST  -2.635  -2.635  -2.635   -0.488  -0.486  -0.529   -2.148  -2.149  -2.106
2026-05-31 12:24:31.759 DATA REST  -1.945  -1.945  -1.945   -0.517  -0.515  -0.557   -1.429  -1.430  -1.388
2026-05-31 12:24:31.769 DATA REST  -2.134  -2.134  -2.134   -0.549  -0.548  -0.589   -1.584  -1.586  -1.545
2026-05-31 12:24:31.779 DATA REST  -3.890  -3.890  -3.890   -0.616  -0.614  -0.655   -3.274  -3.276  -3.235
2026-05-31 12:24:31.789 DATA REST   3.388   3.388   3.388   -0.536  -0.534  -0.574    3.924   3.923   3.962
2026-05-31 12:24:31.799 DATA REST  -0.439  -0.439  -0.439   -0.534  -0.532  -0.571    0.094   0.093   0.132
2026-05-31 12:24:31.809 DATA REST  -2.322  -2.322  -2.322   -0.570  -0.568  -0.606   -1.752  -1.754  -1.715
2026-05-31 12:24:31.819 DATA REST  -1.632  -1.632  -1.632   -0.591  -0.590  -0.627   -1.041  -1.042  -1.005
2026-05-31 12:24:31.829 DATA REST   1.129   1.129   1.129   -0.557  -0.555  -0.592    1.686   1.685   1.721
2026-05-31 12:24:31.839 DATA REST  -7.906  -7.906  -7.906   -0.704  -0.702  -0.738   -7.203  -7.204  -7.168
2026-05-31 12:24:31.849 DATA REST  -5.584  -5.584  -5.584   -0.801  -0.800  -0.835   -4.783  -4.785  -4.749
2026-05-31 12:24:31.859 DATA REST  -2.510  -2.510  -2.510   -0.835  -0.834  -0.869   -1.675  -1.676  -1.641
2026-05-31 12:24:31.869 DATA REST   1.631   1.631   1.631   -0.786  -0.785  -0.819    2.417   2.416   2.450
2026-05-31 12:24:31.879 DATA REST  -1.506  -1.506  -1.506   -0.800  -0.799  -0.832   -0.706  -0.707  -0.674
2026-05-31 12:24:31.889 DATA REST  -7.153  -7.153  -7.153   -0.927  -0.926  -0.959   -6.226  -6.227  -6.194
2026-05-31 12:24:31.899 DATA REST   0.690   0.690   0.690   -0.895  -0.894  -0.926    1.585   1.584   1.616
2026-05-31 12:24:31.909 DATA REST  -6.588  -6.588  -6.588   -1.009  -1.008  -1.039   -5.579  -5.581  -5.549
2026-05-31 12:24:31.919 DATA REST   7.467   7.467  -5.283   -0.839  -0.838  -1.124    8.306   8.305  -4.160
2026-05-31 12:24:31.929 DATA REST   1.757   1.757   1.757   -0.788  -0.786  -1.066    2.544   2.543   2.823
2026-05-31 12:24:31.939 DATA REST  -7.718  -7.718  -7.718   -0.926  -0.925  -1.199   -6.792  -6.793  -6.518
2026-05-31 12:24:31.949 DATA REST  -5.584  -5.584  -5.584   -1.019  -1.018  -1.287   -4.565  -4.566  -4.297
2026-05-31 12:24:31.959 DATA REST  -6.714  -6.714  -6.714   -1.133  -1.132  -1.396   -5.581  -5.582  -5.318
2026-05-31 12:24:31.969 DATA REST   2.761   2.761   2.761   -1.055  -1.054  -1.312    3.816   3.815   4.073
2026-05-31 12:24:31.979 DATA REST   1.820   1.820   1.820   -0.998  -0.997  -1.250    2.817   2.816   3.069
2026-05-31 12:24:31.989 DATA REST   5.898   5.898   5.898   -0.860  -0.859  -1.107    6.758   6.757   7.005
2026-05-31 12:24:31.999 DATA REST  -3.828  -3.828  -3.828   -0.919  -0.918  -1.161   -2.908  -2.909  -2.666
2026-05-31 12:24:32.009 DATA REST   1.631   1.631   2.133   -0.868  -0.867  -1.095    2.500   2.499   3.229
2026-05-31 12:24:32.019 DATA REST  -0.439  -0.439  -0.439   -0.860  -0.859  -1.082    0.420   0.419   0.643
2026-05-31 12:24:32.029 DATA REST  -3.326  -3.326  -3.326   -0.909  -0.908  -1.127   -2.417  -2.418  -2.199
2026-05-31 12:24:32.064 DATA REST   4.392   4.392   4.392   -0.803  -0.802  -1.017    5.195   5.194   5.409
2026-05-31 12:24:32.074 DATA REST   4.016   4.016   4.016   -0.707  -0.706  -0.916    4.722   4.721   4.932
2026-05-31 12:24:32.084 DATA REST   2.886   2.886   2.886   -0.635  -0.634  -0.840    3.521   3.520   3.726
2026-05-31 12:24:32.094 DATA REST   3.012   3.012   3.012   -0.562  -0.561  -0.763    3.574   3.573   3.775
2026-05-31 12:24:32.104 DATA REST   4.267   4.267   4.267   -0.465  -0.464  -0.662    4.732   4.731   4.929
2026-05-31 12:24:32.114 DATA REST   6.651   6.651   6.651   -0.323  -0.322  -0.516    6.974   6.973   7.167
2026-05-31 12:24:32.124 DATA REST  -7.279  -7.279  -7.279   -0.462  -0.461  -0.651   -6.817  -6.817  -6.627
2026-05-31 12:24:32.134 DATA REST  -6.588  -6.588  -6.588   -0.585  -0.584  -0.770   -6.004  -6.005  -5.818
2026-05-31 12:24:32.144 DATA REST  -7.906  -7.906  -7.906   -0.731  -0.730  -0.913   -7.175  -7.176  -6.993
2026-05-31 12:24:32.154 DATA REST   6.965   6.965   6.965   -0.577  -0.576  -0.755    7.542   7.541   7.720
2026-05-31 12:24:32.164 DATA REST   6.902   6.902   6.902   -0.427  -0.427  -0.602    7.329   7.329   7.504
2026-05-31 12:24:32.174 DATA REST  -4.581  -4.581  -4.581   -0.511  -0.510  -0.682   -4.070  -4.071  -3.899
2026-05-31 12:24:32.184 DATA REST  -2.385  -2.385  -2.385   -0.548  -0.547  -0.716   -1.836  -1.837  -1.669
2026-05-31 12:24:32.194 DATA REST   0.125   0.125   0.125   -0.535  -0.534  -0.699    0.660   0.659   0.824
2026-05-31 12:24:32.204 DATA REST   1.443   1.443   1.443   -0.495  -0.494  -0.656    1.938   1.937   2.099
2026-05-31 12:24:32.214 DATA REST  -7.341  -7.341  -7.341   -0.632  -0.631  -0.790   -6.709  -6.710  -6.552
2026-05-31 12:24:32.224 DATA REST  -6.149  -6.149  -6.149   -0.742  -0.742  -0.897   -5.407  -5.408  -5.252
2026-05-31 12:24:32.234 DATA REST   7.592   7.592   7.592   -0.576  -0.575  -0.727    8.168   8.167   8.319
2026-05-31 12:24:32.244 DATA REST   6.965   6.965   6.965   -0.425  -0.424  -0.573    7.389   7.389   7.538
2026-05-31 12:24:32.254 DATA REST   6.839   6.839   6.839   -0.280  -0.279  -0.425    7.119   7.118   7.264
2026-05-31 12:24:32.264 DATA REST   4.141   4.141   4.141   -0.191  -0.190  -0.334    4.332   4.332   4.475
2026-05-31 12:24:32.274 DATA REST   3.200   3.200   3.200   -0.123  -0.123  -0.263    3.323   3.323   3.463
2026-05-31 12:24:32.284 DATA REST   2.008   2.008   2.008   -0.081  -0.080  -0.218    2.088   2.088   2.226
2026-05-31 12:24:32.294 DATA REST   0.188   0.188   0.188   -0.075  -0.075  -0.210    0.264   0.263   0.398
2026-05-31 12:24:32.304 DATA REST  -2.196  -2.196  -2.196   -0.118  -0.117  -0.249   -2.079  -2.079  -1.947
2026-05-31 12:24:32.314 DATA REST  -4.392  -4.392  -4.392   -0.203  -0.203  -0.332   -4.189  -4.190  -4.060
2026-05-31 12:24:32.324 DATA REST  -4.204  -4.204  -4.204   -0.283  -0.283  -0.410   -3.921  -3.921  -3.794
2026-05-31 12:24:32.334 DATA REST  -2.134  -2.134  -2.134   -0.320  -0.320  -0.444   -1.813  -1.814  -1.689
2026-05-31 12:24:32.344 DATA REST   0.314   0.314   0.314   -0.308  -0.307  -0.429    0.621   0.621   0.743
2026-05-31 12:24:32.354 DATA REST   3.827   3.827   3.827   -0.225  -0.224  -0.344    4.052   4.052   4.171
2026-05-31 12:24:32.364 DATA REST  -1.443  -1.443  -1.443   -0.249  -0.249  -0.366   -1.194  -1.195  -1.078
2026-05-31 12:24:32.374 DATA REST   7.780   7.780   7.780   -0.089  -0.088  -0.203    7.869   7.868   7.983
2026-05-31 12:24:32.384 DATA REST   3.827   3.827   3.827   -0.010  -0.010  -0.122    3.838   3.837   3.950
2026-05-31 12:24:32.394 DATA REST   6.525   6.525   6.525    0.120   0.121   0.011    6.405   6.405   6.515
2026-05-31 12:24:32.404 DATA REST  -7.969  -7.969  -7.969   -0.041  -0.041  -0.149   -7.927  -7.928  -7.820
2026-05-31 12:24:32.414 DATA REST  -5.647  -5.647  -5.647   -0.153  -0.153  -0.259   -5.494  -5.494  -5.388
2026-05-31 12:24:32.424 DATA REST  -5.145  -5.145  -5.145   -0.253  -0.253  -0.357   -4.892  -4.892  -4.789
2026-05-31 12:24:32.434 DATA REST  -7.341  -7.341  -7.341   -0.395  -0.395  -0.496   -6.946  -6.947  -6.845
2026-05-31 12:24:32.444 DATA REST   5.772   5.772   5.772   -0.272  -0.271  -0.371    6.044   6.044   6.143
2026-05-31 12:24:32.454 DATA REST   6.463   6.463   6.463   -0.137  -0.137  -0.234    6.600   6.599   6.697
2026-05-31 12:24:32.464 DATA REST  -7.216  -7.216  -7.216   -0.279  -0.278  -0.374   -6.937  -6.938  -6.842
2026-05-31 12:24:32.474 DATA REST  -6.902  -6.902  -6.902   -0.411  -0.411  -0.504   -6.491  -6.491  -6.398
2026-05-31 12:24:32.484 DATA REST  -0.377  -0.377  -0.377   -0.410  -0.410  -0.502    0.034   0.033   0.125
2026-05-31 12:24:32.494 DATA REST  -0.188  -0.188  -0.188   -0.406  -0.406  -0.496    0.217   0.217   0.307
2026-05-31 12:24:32.504 DATA REST  -2.259  -2.259  -2.259   -0.443  -0.443  -0.531   -1.816  -1.816  -1.728
2026-05-31 12:24:32.514 DATA REST  -7.655  -7.655  -7.655   -0.587  -0.587  -0.673   -7.068  -7.068  -6.982
2026-05-31 12:24:32.524 DATA REST   3.200   3.200   3.200   -0.512  -0.511  -0.596    3.711   3.711   3.796
2026-05-31 12:24:32.534 DATA REST   6.212   6.212   6.212   -0.377  -0.377  -0.460    6.589   6.588   6.671
2026-05-31 12:24:32.569 DATA REST   6.588   6.588   6.588   -0.238  -0.237  -0.319    6.826   6.826   6.907
2026-05-31 12:24:32.579 DATA REST   2.196   2.196   2.196   -0.189  -0.189  -0.269    2.385   2.385   2.465
2026-05-31 12:24:32.589 DATA REST  -1.067  -1.067  -1.067   -0.207  -0.206  -0.284   -0.860  -0.861  -0.782
2026-05-31 12:24:32.599 DATA REST   1.506   1.506   1.506   -0.172  -0.172  -0.249    1.678   1.678   1.755
2026-05-31 12:24:32.609 DATA REST  -1.569  -1.569  -1.569   -0.200  -0.200  -0.275   -1.369  -1.369  -1.294
2026-05-31 12:24:32.619 DATA REST  -4.518  -4.518  -4.518   -0.287  -0.286  -0.360   -4.231  -4.231  -4.158
2026-05-31 12:24:32.629 DATA REST  -5.522  -5.522  -5.522   -0.391  -0.391  -0.463   -5.130  -5.131  -5.059
2026-05-31 12:24:32.639 DATA REST  -3.890  -3.890  -3.890   -0.461  -0.461  -0.532   -3.429  -3.429  -3.359
2026-05-31 12:24:32.649 DATA REST   2.071   2.071   2.071   -0.411  -0.410  -0.480    2.481   2.481   2.550
2026-05-31 12:24:32.659 DATA REST  -2.886  -2.886  -2.886   -0.460  -0.460  -0.528   -2.426  -2.427  -2.359
2026-05-31 12:24:32.669 DATA REST  -2.510  -2.510  -2.510   -0.501  -0.501  -0.567   -2.009  -2.009  -1.943
2026-05-31 12:24:32.679 DATA REST  -0.879  -0.879  -0.879   -0.509  -0.508  -0.574   -0.370  -0.370  -0.305
2026-05-31 12:24:32.689 DATA REST  -3.828  -3.828  -3.828   -0.575  -0.575  -0.639   -3.252  -3.253  -3.189
2026-05-31 12:24:32.699 DATA REST  -6.212  -6.212  -6.212   -0.688  -0.688  -0.750   -5.524  -5.524  -5.462
2026-05-31 12:24:32.709 DATA REST   4.769   4.769   4.769   -0.579  -0.578  -0.640    5.347   5.347   5.408
2026-05-31 12:24:32.719 DATA REST  -7.028  -7.028  -7.028   -0.708  -0.707  -0.768   -6.320  -6.320  -6.260
2026-05-31 12:24:32.729 DATA REST  -1.694  -1.694  -1.694   -0.727  -0.727  -0.786   -0.967  -0.967  -0.908
2026-05-31 12:24:32.739 DATA REST  -1.506  -1.506  -1.506   -0.743  -0.743  -0.801   -0.763  -0.763  -0.706
2026-05-31 12:24:32.749 DATA REST  -5.333  -5.333  -5.333   -0.835  -0.835  -0.891   -4.499  -4.499  -4.442
2026-05-31 12:24:32.759 DATA REST  -2.008  -2.008  -2.008   -0.858  -0.858  -0.914   -1.150  -1.150  -1.095
2026-05-31 12:24:32.769 DATA REST  -0.816  -0.816  -0.816   -0.857  -0.857  -0.912    0.042   0.041   0.096
2026-05-31 12:24:32.779 DATA REST   7.216   7.216   7.216   -0.696  -0.696  -0.749    7.912   7.911   7.965
2026-05-31 12:24:32.789 DATA REST  -5.898  -5.898  -5.898   -0.800  -0.800  -0.852   -5.098  -5.098  -5.046
2026-05-31 12:24:32.799 DATA REST   4.204   4.204   4.204   -0.700  -0.700  -0.751    4.904   4.904   4.955
2026-05-31 12:24:32.809 DATA REST  -3.953  -3.953  -3.953   -0.765  -0.765  -0.815   -3.188  -3.188  -3.138
2026-05-31 12:24:32.819 DATA REST  -2.447  -2.447  -2.447   -0.799  -0.798  -0.848   -1.649  -1.649  -1.600
2026-05-31 12:24:32.829 DATA REST  -7.969  -7.969  -7.969   -0.942  -0.942  -0.990   -7.027  -7.027  -6.979
2026-05-31 12:24:32.839 DATA REST   1.882   1.882   1.882   -0.886  -0.885  -0.933    2.768   2.768   2.815
2026-05-31 12:24:32.849 DATA REST   4.267   4.267   4.267   -0.783  -0.782  -0.829    5.049   5.049   5.095
2026-05-31 12:24:32.859 DATA REST  -6.024  -6.024  -6.024   -0.887  -0.887  -0.932   -5.136  -5.137  -5.091
2026-05-31 12:24:32.869 DATA REST   4.957   4.957   4.957   -0.770  -0.770  -0.815    5.727   5.727   5.771
2026-05-31 12:24:32.879 DATA REST  -2.196  -2.196  -2.196   -0.799  -0.799  -0.842   -1.397  -1.397  -1.354
2026-05-31 12:24:32.889 DATA REST  -7.467  -7.467  -7.467   -0.932  -0.932  -0.975   -6.534  -6.535  -6.492
2026-05-31 12:24:32.899 DATA REST   7.467   7.467   7.467   -0.764  -0.764  -0.806    8.231   8.231   8.273
2026-05-31 12:24:32.909 DATA REST  -3.577  -3.577  -3.577   -0.821  -0.820  -0.861   -2.756  -2.756  -2.715
2026-05-31 12:24:32.919 DATA REST   7.341   7.341   7.341   -0.657  -0.657  -0.697    7.998   7.998   8.038
2026-05-31 12:24:32.929 DATA REST  -0.879  -0.879  -0.879   -0.662  -0.662  -0.701   -0.217  -0.217  -0.178
2026-05-31 12:24:32.939 DATA REST   0.000   0.000   0.000   -0.649  -0.648  -0.687    0.649   0.648   0.687
2026-05-31 12:24:32.949 DATA REST  -3.263  -3.263  -3.263   -0.701  -0.701  -0.738   -2.562  -2.562  -2.524
2026-05-31 12:24:32.959 DATA REST   2.447   2.447   2.447   -0.638  -0.638  -0.675    3.085   3.085   3.122
2026-05-31 12:24:32.969 DATA REST   3.576   3.576   3.576   -0.554  -0.553  -0.590    4.130   4.130   4.166
2026-05-31 12:24:32.979 DATA REST  -6.463  -6.463  -6.463   -0.672  -0.672  -0.707   -5.791  -5.791  -5.756
2026-05-31 12:24:32.989 DATA REST   7.655   7.655   7.655   -0.505  -0.505  -0.540    8.160   8.160   8.195
2026-05-31 12:24:32.999 DATA REST   7.592   7.592   7.592   -0.343  -0.343  -0.377    7.935   7.935   7.969
2026-05-31 12:24:33.009 DATA REST   3.200   3.200   3.200   -0.272  -0.272  -0.306    3.472   3.472   3.506
2026-05-31 12:24:33.019 DATA REST   4.329   4.329   4.329   -0.180  -0.180  -0.213    4.510   4.510   4.542
2026-05-31 12:24:33.029 DATA REST  -5.584  -5.584  -5.584   -0.289  -0.288  -0.321   -5.296  -5.296  -5.264
2026-05-31 12:24:33.039 DATA REST  -1.632  -1.632  -1.632   -0.315  -0.315  -0.347   -1.316  -1.316  -1.285
2026-05-31 12:24:33.073 DATA REST  -6.400  -6.400  -6.400   -0.437  -0.437  -0.468   -5.963  -5.963  -5.932
2026-05-31 12:24:33.083 DATA REST  -5.396  -5.396  -5.396   -0.536  -0.536  -0.566   -4.860  -4.860  -4.830
2026-05-31 12:24:33.093 DATA REST  -0.063  -0.063  -0.063   -0.527  -0.527  -0.556    0.464   0.464   0.493
2026-05-31 12:24:33.103 DATA REST   4.643   4.643   4.643   -0.423  -0.423  -0.452    5.066   5.066   5.095
2026-05-31 12:24:33.113 DATA REST   3.827   0.202   0.188   -0.338  -0.411  -0.440    4.166   0.613   0.628
2026-05-31 12:24:33.123 DATA REST  -4.706  -4.706  -4.706   -0.426  -0.497  -0.525   -4.280  -4.209  -4.181
2026-05-31 12:24:33.133 DATA REST   7.341   7.341   7.341   -0.270  -0.340  -0.368    7.611   7.681   7.709
2026-05-31 12:24:33.143 DATA REST   0.816   0.816   0.816   -0.249  -0.317  -0.344    1.064   1.132   1.160
2026-05-31 12:24:33.153 DATA REST   4.831   4.831   4.831   -0.147  -0.214  -0.240    4.978   5.045   5.072
2026-05-31 12:24:33.163 DATA REST  -6.149  -6.149  -6.149   -0.267  -0.333  -0.359   -5.882  -5.817  -5.791
2026-05-31 12:24:33.173 DATA REST  -3.012  -3.012  -3.012   -0.322  -0.386  -0.412   -2.690  -2.626  -2.600
2026-05-31 12:24:33.183 DATA REST  -4.832  -4.832  -4.832   -0.412  -0.475  -0.500   -4.419  -4.357  -4.332
2026-05-31 12:24:33.193 DATA REST   7.341   7.341   7.341   -0.257  -0.319  -0.343    7.598   7.660   7.684
2026-05-31 12:24:33.203 DATA REST  -7.153   5.082   5.082   -0.395  -0.211  -0.235   -6.758   5.293   5.317
2026-05-31 12:24:33.213 DATA REST   4.518   4.518   4.518   -0.297  -0.116  -0.140    4.814   4.634   4.657
2026-05-31 12:24:33.223 DATA REST  -2.259  -2.259  -2.259   -0.336  -0.159  -0.182   -1.923  -2.100  -2.077
2026-05-31 12:24:33.233 DATA REST   7.906   7.906   7.906   -0.171   0.002  -0.020    8.077   7.903   7.926
2026-05-31 12:24:33.243 DATA REST   0.878   0.878   0.878   -0.150   0.020  -0.002    1.029   0.859   0.881
2026-05-31 12:24:33.253 DATA REST  -2.635  -2.635  -2.635   -0.200  -0.033  -0.055   -2.436  -2.602  -2.581
2026-05-31 12:24:33.263 DATA REST   6.274   6.274   6.274   -0.070   0.093   0.072    6.345   6.182   6.203
2026-05-31 12:24:33.273 DATA REST   4.016   4.016   4.016    0.011   0.171   0.151    4.004   3.844   3.865
2026-05-31 12:24:33.283 DATA REST   0.502   0.502   0.502    0.021   0.178   0.158    0.481   0.324   0.344
2026-05-31 12:24:33.293 DATA REST   7.341   3.953   3.953    0.168   0.253   0.233    7.174   3.699   3.719
2026-05-31 12:24:33.303 DATA REST   2.071   2.071   2.071    0.206   0.290   0.270    1.865   1.781   1.800
2026-05-31 12:24:33.313 DATA REST  -6.777  -6.777  -6.777    0.066   0.148   0.129   -6.843  -6.925  -6.906
2026-05-31 12:24:33.323 DATA REST   6.149   6.149   6.149    0.188   0.268   0.250    5.961   5.880   5.899
2026-05-31 12:24:33.333 DATA REST  -6.965  -6.965  -6.965    0.045   0.124   0.105   -7.009  -7.089  -7.070
2026-05-31 12:24:33.343 DATA REST  -4.016  -4.016  -4.016   -0.037   0.041   0.023   -3.979  -4.057  -4.039
2026-05-31 12:24:33.353 DATA REST  -6.024  -6.024  -6.024   -0.156  -0.080  -0.098   -5.867  -5.943  -5.926
2026-05-31 12:24:33.363 DATA REST  -7.843  -7.843  -7.843   -0.310  -0.236  -0.253   -7.533  -7.608  -7.590
2026-05-31 12:24:33.373 DATA REST   4.957   4.957   4.957   -0.205  -0.132  -0.149    5.162   5.088   5.105
2026-05-31 12:24:33.383 DATA REST  -6.383  -6.400  -6.400   -0.328  -0.257  -0.274   -6.054  -6.143  -6.126
2026-05-31 12:24:33.393 DATA REST   7.906   7.906   7.906   -0.164  -0.094  -0.110    8.069   8.000   8.016
2026-05-31 12:24:33.403 DATA REST  -7.843  -7.843  -7.843   -0.317  -0.249  -0.265   -7.526  -7.594  -7.578
2026-05-31 12:24:33.413 DATA REST  -5.647  -5.647  -5.647   -0.424  -0.357  -0.372   -5.223  -5.290  -5.275
2026-05-31 12:24:33.423 DATA REST  -3.137  -3.137  -3.137   -0.478  -0.412  -0.428   -2.659  -2.725  -2.710
2026-05-31 12:24:33.433 DATA REST   0.000   0.000   0.000   -0.469  -0.404  -0.419    0.469   0.404   0.419
2026-05-31 12:24:33.443 DATA REST   2.071   2.071   2.071   -0.418  -0.355  -0.369    2.488   2.425   2.440
2026-05-31 12:24:33.453 DATA REST   3.890   3.890   3.890   -0.332  -0.270  -0.284    4.222   4.160   4.174
2026-05-31 12:24:33.463 DATA REST   5.898   5.898   5.898   -0.207  -0.146  -0.161    6.105   6.044   6.059
2026-05-31 12:24:33.473 DATA REST   6.023   6.023   6.023   -0.082  -0.023  -0.037    6.106   6.046   6.060
2026-05-31 12:24:33.483 DATA REST   5.647   5.647   5.647    0.032   0.090   0.077    5.615   5.557   5.570
2026-05-31 12:24:33.493 DATA REST  -7.718  -7.718  -7.718   -0.123  -0.066  -0.079   -7.595  -7.652  -7.639
2026-05-31 12:24:33.503 DATA REST   7.906   7.906   7.906    0.038   0.094   0.081    7.868   7.812   7.825
2026-05-31 12:24:33.513 DATA REST  -7.843  -7.843  -7.843   -0.120  -0.065  -0.078   -7.723  -7.778  -7.765
2026-05-31 12:24:33.523 DATA REST  -7.718  -7.718  -7.718   -0.272  -0.218  -0.231   -7.446  -7.500  -7.487
2026-05-31 12:24:33.533 DATA REST   7.278   7.278   7.278   -0.121  -0.068  -0.080    7.399   7.347   7.359
2026-05-31 12:24:33.543 DATA REST   6.023   6.023   6.023    0.002   0.054   0.042    6.021   5.970   5.982
2026-05-31 12:24:33.578 DATA REST   5.396   5.396   5.396    0.110   0.160   0.149    5.286   5.236   5.247
2026-05-31 12:24:33.588 DATA REST   7.341   7.341   7.341    0.255   0.304   0.293    7.087   7.037   7.049
2026-05-31 12:24:33.598 DATA REST  -7.843  -7.843  -7.843    0.093   0.141   0.130   -7.936  -7.984  -7.973
2026-05-31 12:24:33.608 DATA REST  -7.530  -7.530  -7.530   -0.060  -0.012  -0.023   -7.470  -7.517  -7.506
2026-05-31 12:24:33.618 DATA REST  -7.655  -7.655  -7.655   -0.212  -0.165  -0.176   -7.443  -7.490  -7.479
2026-05-31 12:24:33.628 DATA REST   7.655   7.655   6.651   -0.054  -0.009  -0.039    7.709   7.664   6.690
2026-05-31 12:24:33.638 DATA REST   5.647   5.647   5.647    0.060   0.104   0.074    5.587   5.543   5.573
2026-05-31 12:24:33.648 DATA REST   4.706   4.706   4.706    0.153   0.196   0.167    4.553   4.509   4.539
2026-05-31 12:24:33.658 DATA REST   4.204   4.204   4.204    0.234   0.277   0.248    3.970   3.927   3.956
2026-05-31 12:24:33.668 DATA REST   4.518   4.518   4.518    0.319   0.361   0.333    4.198   4.156   4.185
2026-05-31 12:24:33.678 DATA REST  -7.781  -7.781  -7.781    0.157   0.199   0.171   -7.938  -7.979  -7.951
2026-05-31 12:24:33.688 DATA REST  -4.455  -4.455  -4.455    0.065   0.105   0.078   -4.520  -4.561  -4.533
2026-05-31 12:24:33.698 DATA REST  -2.510  -2.510  -2.510    0.013   0.053   0.026   -2.523  -2.563  -2.536
2026-05-31 12:24:33.708 DATA REST  -3.639  -3.639  -3.639   -0.060  -0.021  -0.047   -3.580  -3.619  -3.593
2026-05-31 12:24:33.718 DATA REST  -6.839   6.786   6.776   -0.195   0.115   0.090   -6.644   6.670   6.687
2026-05-31 12:24:33.728 DATA REST   5.396   5.396   5.396   -0.083   0.221   0.196    5.479   5.175   5.200
2026-05-31 12:24:33.738 DATA REST   5.082   5.082   5.082    0.020   0.318   0.293    5.062   4.764   4.789
2026-05-31 12:24:33.748 DATA REST   5.521   5.521   5.521    0.130   0.422   0.398    5.391   5.099   5.123
2026-05-31 12:24:33.758 DATA REST   6.776   6.776   6.776    0.263   0.549   0.526    6.513   6.227   6.251
2026-05-31 12:24:33.768 DATA REST  -6.588  -6.588  -6.588    0.126   0.407   0.383   -6.714  -6.995  -6.972
2026-05-31 12:24:33.778 DATA REST  -6.902  -6.902  -6.902   -0.015   0.260   0.238   -6.887  -7.163  -7.140
2026-05-31 12:24:33.788 DATA REST  -7.592  -7.592  -7.592   -0.166   0.103   0.081   -7.426  -7.696  -7.673
2026-05-31 12:24:33.798 DATA REST   7.969   7.969   7.969   -0.004   0.261   0.239    7.972   7.708   7.730
2026-05-31 12:24:33.808 DATA REST   7.216   6.466   6.463    0.141   0.385   0.363    7.075   6.081   6.099
2026-05-31 12:24:33.818 DATA REST   6.023   6.023   6.023    0.259   0.498   0.476    5.765   5.526   5.547
2026-05-31 12:24:33.828 DATA REST   6.212   6.212   6.212    0.378   0.612   0.591    5.834   5.600   5.621
2026-05-31 12:24:33.838 DATA REST   6.463   6.463   6.463    0.499   0.729   0.709    5.963   5.734   5.754
2026-05-31 12:24:33.848 DATA REST   7.090   7.090   7.090    0.631   0.856   0.836    6.459   6.234   6.254
2026-05-31 12:24:33.858 DATA REST   7.906   7.906   7.906    0.777   0.997   0.978    7.129   6.909   6.928
2026-05-31 12:24:33.868 DATA REST   7.843   7.843   7.843    0.918   1.134   1.115    6.925   6.709   6.728
2026-05-31 12:24:33.878 DATA REST   7.153   7.153   7.153    1.043   1.254   1.236    6.110   5.898   5.917
2026-05-31 12:24:33.888 DATA REST   5.961   5.961   5.961    1.141   1.349   1.330    4.820   4.612   4.631
2026-05-31 12:24:33.898 DATA REST   4.643   3.890   3.890    1.211   1.399   1.381    3.432   2.491   2.509
2026-05-31 12:24:33.908 DATA REST   3.953   3.953   3.953    1.266   1.450   1.433    2.687   2.502   2.520
2026-05-31 12:24:33.918 DATA REST   4.643   4.643   4.643    1.333   1.514   1.497    3.310   3.129   3.146
2026-05-31 12:24:33.928 DATA REST   5.772   5.772   5.772    1.422   1.599   1.583    4.350   4.173   4.190
2026-05-31 12:24:33.938 DATA REST   5.772   5.772   5.772    1.509   1.683   1.666    4.263   4.090   4.106
2026-05-31 12:24:33.948 DATA REST   6.463   6.463   6.463    1.608   1.779   1.762    4.854   4.684   4.700
2026-05-31 12:24:33.958 DATA REST   6.776   6.776   6.776    1.712   1.878   1.863    5.065   4.898   4.914
2026-05-31 12:24:33.968 DATA REST   6.902   6.902   6.902    1.815   1.979   1.963    5.086   4.923   4.939
2026-05-31 12:24:33.978 DATA REST   7.278   7.278   7.278    1.925   2.085   2.070    5.354   5.193   5.209
2026-05-31 12:24:33.988 DATA REST   7.217   7.216   7.216    2.031   2.188   2.173    5.187   5.028   5.043
2026-05-31 12:24:33.998 DATA REST   6.839   6.839   6.839    2.127   2.281   2.266    4.712   4.559   4.573
2026-05-31 12:24:34.008 DATA REST   7.278   7.278   7.278    2.230   2.381   2.366    5.049   4.898   4.912
2026-05-31 12:24:34.018 DATA REST   7.655   7.655   7.655    2.338   2.486   2.472    5.317   5.169   5.183
2026-05-31 12:24:34.028 DATA REST   7.906   7.906   7.906    2.450   2.594   2.581    5.456   5.311   5.325
2026-05-31 12:24:34.038 DATA REST   6.839   6.839   6.839    2.537   2.679   2.666    4.302   4.160   4.173
2026-05-31 12:24:34.048 DATA REST   6.212   6.212   6.212    2.611   2.750   2.737    3.601   3.462   3.475
2026-05-31 12:24:34.083 DATA REST   3.012   3.012   3.012    2.619   2.755   2.742    0.393   0.257   0.270
2026-05-31 12:24:34.093 DATA REST   4.204   4.204   4.204    2.651   2.784   2.771    1.553   1.420   1.432
2026-05-31 12:24:34.103 DATA REST   6.337   6.337   6.337    2.724   2.855   2.843    3.613   3.482   3.494
2026-05-31 12:24:34.113 DATA REST   6.463   6.463   6.463    2.799   2.927   2.915    3.664   3.535   3.548
2026-05-31 12:24:34.123 DATA REST   6.337   6.337   6.337    2.870   2.996   2.984    3.467   3.342   3.354
2026-05-31 12:24:34.133 DATA REST   6.023   6.023   6.023    2.933   3.056   3.044    3.091   2.967   2.979
2026-05-31 12:24:34.143 DATA REST   5.521   5.521   5.521    2.985   3.105   3.094    2.537   2.416   2.428
2026-05-31 12:24:34.153 DATA REST   5.710   5.710   5.710    3.039   3.158   3.146    2.671   2.552   2.564
2026-05-31 12:24:34.163 DATA REST   5.710   5.710   5.710    3.093   3.209   3.197    2.617   2.501   2.512
2026-05-31 12:24:34.173 DATA REST   5.835   5.835   5.835    3.147   3.261   3.250    2.688   2.574   2.585
2026-05-31 12:24:34.183 DATA REST   6.212   6.212   6.212    3.209   3.320   3.309    3.003   2.892   2.902
2026-05-31 12:24:34.193 DATA REST   6.965   6.965   6.965    3.284   3.393   3.383    3.681   3.572   3.582
2026-05-31 12:24:34.203 DATA REST   7.467   7.467   7.467    3.367   3.474   3.464    4.099   3.992   4.002
2026-05-31 12:24:34.213 DATA REST   7.843   7.843   7.843    3.457   3.562   3.552    4.386   4.281   4.291
2026-05-31 12:24:34.223 DATA REST   7.906   7.906   7.906    3.546   3.649   3.639    4.360   4.257   4.267
2026-05-31 12:24:34.233 DATA REST   7.341   7.341   6.779    3.622   3.723   3.702    3.719   3.619   3.077
2026-05-31 12:24:34.243 DATA REST   6.651   6.651   6.651    3.682   3.781   3.761    2.968   2.870   2.890
2026-05-31 12:24:34.253 DATA REST   6.274   6.274   6.274    3.734   3.831   3.811    2.540   2.443   2.463
2026-05-31 12:24:34.263 DATA REST   5.898   5.898   5.898    3.778   3.872   3.853    2.120   2.026   2.045
2026-05-31 12:24:34.273 DATA REST   5.961   5.961   5.961    3.821   3.914   3.895    2.139   2.047   2.066
2026-05-31 12:24:34.283 DATA REST   6.525   6.525   6.525    3.875   3.966   3.947    2.650   2.559   2.578
2026-05-31 12:24:34.293 DATA REST   6.965   6.965   6.965    3.937   4.026   4.008    3.027   2.938   2.957
2026-05-31 12:24:34.303 DATA REST   7.027   7.027   7.027    3.999   4.086   4.068    3.028   2.941   2.959
2026-05-31 12:24:34.313 DATA REST   6.651   6.651   6.651    4.052   4.138   4.120    2.599   2.513   2.531
2026-05-31 12:24:34.323 DATA REST   6.274   6.274   6.212    4.096   4.180   4.162    2.178   2.094   2.050
2026-05-31 12:24:34.333 DATA REST   6.023   6.023   6.023    4.135   4.217   4.199    1.888   1.806   1.825
2026-05-31 12:24:34.343 DATA REST   5.710   5.710   5.710    4.166   4.247   4.229    1.543   1.463   1.481
2026-05-31 12:24:34.353 DATA REST   5.835   5.835   5.835    4.200   4.279   4.261    1.635   1.556   1.574
2026-05-31 12:24:34.363 DATA REST   5.772   5.772   5.772    4.231   4.309   4.291    1.541   1.464   1.481
2026-05-31 12:24:34.373 DATA REST   5.521   5.521   5.521    4.257   4.333   4.316    1.264   1.189   1.205
2026-05-31 12:24:34.383 DATA REST   5.898   5.898   5.898    4.290   4.364   4.348    1.608   1.534   1.550
2026-05-31 12:24:34.393 DATA REST   5.710   5.710   5.710    4.318   4.391   4.375    1.391   1.319   1.335
2026-05-31 12:24:34.403 DATA REST   5.521   5.521   5.521    4.342   4.414   4.398    1.179   1.108   1.124
2026-05-31 12:24:34.413 DATA REST   5.835   5.835   5.835    4.372   4.442   4.427    1.463   1.393   1.409
2026-05-31 12:24:34.423 DATA REST   5.710   5.710   5.710    4.399   4.468   4.452    1.311   1.242   1.257
2026-05-31 12:24:34.433 DATA REST   5.772   5.772   5.772    4.426   4.494   4.479    1.346   1.279   1.294
2026-05-31 12:24:34.443 DATA REST   5.772   5.772   5.772    4.453   4.519   4.505    1.319   1.253   1.268
2026-05-31 12:24:34.453 DATA REST   5.647   5.647   5.647    4.477   4.542   4.527    1.170   1.105   1.120
2026-05-31 12:24:34.463 DATA REST   5.521   5.521   5.521    4.498   4.561   4.547    1.023   0.960   0.974
2026-05-31 12:24:34.473 DATA REST   5.082   5.082   5.082    4.510   4.572   4.558    0.572   0.510   0.524
2026-05-31 12:24:34.483 DATA REST   5.145   5.145   5.145    4.522   4.583   4.570    0.623   0.562   0.575
2026-05-31 12:24:34.493 DATA REST   5.521   5.521   5.521    4.542   4.602   4.589    0.979   0.919   0.933
2026-05-31 12:24:34.503 DATA REST   5.961   6.212   6.212    4.571   4.634   4.621    1.390   1.577   1.590
2026-05-31 12:24:34.513 DATA REST   6.525   6.525   6.525    4.610   4.672   4.659    1.915   1.853   1.866
2026-05-31 12:24:34.514 PROMPT shake_start cycle=9
2026-05-31 12:24:34.548 DATA SHAKE   4.078   4.078   4.078    4.599   4.660   4.648   -0.521  -0.582  -0.569
2026-05-31 12:24:34.558 DATA SHAKE   3.388   3.388   3.388    4.575   4.635   4.623   -1.187  -1.247  -1.234
2026-05-31 12:24:34.568 DATA SHAKE   3.702   3.702   3.702    4.558   4.616   4.604   -0.856  -0.914  -0.902
2026-05-31 12:24:34.578 DATA SHAKE  -7.969  -7.969  -7.969    4.307   4.364   4.353  -12.276 -12.333 -12.321
2026-05-31 12:24:34.588 DATA SHAKE  -4.894  -4.894  -4.894    4.123   4.179   4.168   -9.017  -9.073  -9.062
2026-05-31 12:24:34.598 DATA SHAKE  -3.012  -3.012  -3.012    3.980   4.035   4.024   -6.992  -7.047  -7.036
2026-05-31 12:24:34.608 DATA SHAKE  -4.643  -4.643  -4.643    3.808   3.862   3.851   -8.451  -8.505  -8.494
2026-05-31 12:24:34.618 DATA SHAKE   5.396   5.396   5.396    3.840   3.892   3.882    1.556   1.504   1.514
2026-05-31 12:24:34.628 DATA SHAKE   3.827   3.827   3.827    3.839   3.891   3.881   -0.012  -0.064  -0.053
2026-05-31 12:24:34.638 DATA SHAKE   3.765   3.765   3.765    3.838   3.889   3.878   -0.073  -0.124  -0.114
2026-05-31 12:24:34.648 DATA SHAKE   4.392   4.392   4.392    3.849   3.899   3.889    0.543   0.493   0.504
2026-05-31 12:24:34.658 DATA SHAKE   5.271   5.271   5.271    3.877   3.926   3.916    1.393   1.344   1.354
2026-05-31 12:24:34.668 DATA SHAKE   6.212   6.212   6.212    3.924   3.972   3.962    2.288   2.240   2.250
2026-05-31 12:24:34.678 DATA SHAKE   5.145   5.145   5.145    3.949   3.995   3.986    1.196   1.150   1.159
2026-05-31 12:24:34.688 DATA SHAKE   4.078   4.078   4.078    3.951   3.997   3.988    0.127   0.081   0.091
2026-05-31 12:24:34.698 DATA SHAKE   3.074   3.074   3.074    3.934   3.979   3.969   -0.859  -0.904  -0.895
2026-05-31 12:24:34.708 DATA SHAKE   4.392   4.392   4.392    3.943   3.987   3.978    0.449   0.405   0.414
2026-05-31 12:24:34.718 DATA SHAKE   6.023   6.023   6.023    3.984   4.028   4.019    2.039   1.996   2.005
2026-05-31 12:24:34.728 DATA SHAKE   7.467   7.467   7.467    4.054   4.096   4.088    3.413   3.370   3.379
2026-05-31 12:24:34.738 DATA SHAKE  -7.906  -7.906  -7.906    3.815   3.856   3.848  -11.721 -11.762 -11.754
2026-05-31 12:24:34.748 DATA SHAKE   7.655   7.655   6.842    3.892   3.932   3.908    3.763   3.723   2.935
2026-05-31 12:24:34.758 DATA SHAKE   6.212   6.212   6.212    3.938   3.978   3.954    2.274   2.234   2.258
2026-05-31 12:24:34.768 DATA SHAKE   5.521   5.521   5.521    3.970   4.009   3.985    1.552   1.513   1.536
2026-05-31 12:24:34.778 DATA SHAKE   5.208   5.208   5.208    3.994   4.033   4.010    1.213   1.175   1.198
2026-05-31 12:24:34.788 DATA SHAKE   4.894   4.894   4.894    4.012   4.050   4.027    0.882   0.844   0.867
2026-05-31 12:24:34.798 DATA SHAKE   5.208   5.208   5.208    4.036   4.073   4.051    1.171   1.135   1.157
2026-05-31 12:24:34.808 DATA SHAKE   5.710   5.710   5.710    4.070   4.106   4.084    1.640   1.604   1.626
2026-05-31 12:24:34.818 DATA SHAKE   6.086   6.086   6.086    4.110   4.145   4.124    1.976   1.941   1.962
2026-05-31 12:24:34.828 DATA SHAKE   6.337   6.337   6.337    4.155   4.189   4.168    2.182   2.148   2.169
2026-05-31 12:24:34.838 DATA SHAKE   6.588   6.588   6.651    4.203   4.237   4.218    2.385   2.351   2.433
2026-05-31 12:24:34.848 DATA SHAKE   7.027   7.027   7.027    4.260   4.293   4.274    2.768   2.734   2.753
2026-05-31 12:24:34.858 DATA SHAKE   7.529   7.529   7.529    4.325   4.358   4.339    3.204   3.172   3.190
2026-05-31 12:24:34.868 DATA SHAKE   7.780   7.780   7.780    4.394   4.426   4.408    3.386   3.354   3.372
2026-05-31 12:24:34.878 DATA SHAKE  -7.969  -7.969  -7.969    4.147   4.178   4.161  -12.116 -12.147 -12.129
2026-05-31 12:24:34.888 DATA SHAKE   6.902   6.902   6.902    4.202   4.233   4.215    2.700   2.669   2.686
2026-05-31 12:24:34.898 DATA SHAKE   6.212   6.212   6.212    4.242   4.272   4.255    1.969   1.939   1.956
2026-05-31 12:24:34.908 DATA SHAKE   6.337   6.337   6.337    4.284   4.314   4.297    2.053   2.024   2.040
2026-05-31 12:24:34.918 DATA SHAKE   6.714   6.714   6.714    4.333   4.362   4.345    2.381   2.352   2.368
2026-05-31 12:24:34.928 DATA SHAKE   7.027   7.215   7.216    4.387   4.419   4.403    2.641   2.796   2.813
2026-05-31 12:24:34.938 DATA SHAKE   6.588   6.588   6.588    4.431   4.462   4.446    2.157   2.126   2.142
2026-05-31 12:24:34.948 DATA SHAKE   6.525   6.525   6.525    4.473   4.503   4.488    2.053   2.022   2.037
2026-05-31 12:24:34.958 DATA SHAKE   6.149   6.149   6.149    4.506   4.536   4.521    1.643   1.613   1.628
2026-05-31 12:24:34.968 DATA SHAKE   5.772   5.772   5.772    4.531   4.561   4.546    1.241   1.211   1.226
2026-05-31 12:24:34.978 DATA SHAKE   5.898   5.898   5.898    4.559   4.588   4.573    1.339   1.310   1.325
2026-05-31 12:24:34.988 DATA SHAKE   6.400   6.400   6.400    4.596   4.624   4.610    1.804   1.776   1.790
2026-05-31 12:24:34.998 DATA SHAKE   6.588   6.588   6.588    4.635   4.663   4.649    1.953   1.925   1.939
2026-05-31 12:24:35.008 DATA SHAKE   6.525   6.525   6.525    4.673   4.701   4.687    1.852   1.825   1.839
2026-05-31 12:24:35.018 DATA SHAKE   6.588   6.651   6.651    4.712   4.740   4.726    1.877   1.911   1.925
2026-05-31 12:24:35.053 DATA SHAKE  -7.592  -7.592  -7.592    4.466   4.493   4.480  -12.058 -12.085 -12.072
2026-05-31 12:24:35.063 DATA SHAKE  -6.149  -6.149  -6.149    4.253   4.280   4.267  -10.402 -10.429 -10.416
2026-05-31 12:24:35.073 DATA SHAKE  -4.392  -4.392  -4.392    4.080   4.107   4.094   -8.473  -8.499  -8.486
2026-05-31 12:24:35.083 DATA SHAKE  -3.765  -3.765  -3.765    3.923   3.949   3.937   -7.688  -7.714  -7.702
2026-05-31 12:24:35.093 DATA SHAKE  -5.020  -5.020  -5.020    3.745   3.770   3.758   -8.764  -8.790  -8.777
2026-05-31 12:24:35.103 DATA SHAKE   7.027   7.027   7.027    3.810   3.835   3.823    3.217   3.192   3.204
2026-05-31 12:24:35.113 DATA SHAKE   3.953   3.953   3.953    3.813   3.837   3.826    0.140   0.116   0.127
2026-05-31 12:24:35.123 DATA SHAKE   1.380   1.380   1.380    3.764   3.788   3.777   -2.384  -2.408  -2.396
2026-05-31 12:24:35.133 DATA SHAKE  -5.647  -5.647  -5.647    3.576   3.599   3.588   -9.223  -9.247  -9.236
2026-05-31 12:24:35.143 DATA SHAKE   6.212   6.212   6.212    3.629   3.652   3.641    2.583   2.560   2.571
2026-05-31 12:24:35.153 DATA SHAKE   3.702   3.702   3.702    3.630   3.653   3.642    0.072   0.049   0.060
2026-05-31 12:24:35.163 DATA SHAKE   7.718   7.718   7.718    3.712   3.734   3.724    4.005   3.984   3.994
2026-05-31 12:24:35.173 DATA SHAKE  -3.137  -3.137  -3.137    3.575   3.597   3.586   -6.713  -6.734  -6.724
2026-05-31 12:24:35.183 DATA SHAKE  -6.275  -6.275  -6.275    3.378   3.399   3.389   -9.653  -9.674  -9.664
2026-05-31 12:24:35.193 DATA SHAKE   1.192   1.192   1.192    3.334   3.355   3.345   -2.142  -2.163  -2.153
2026-05-31 12:24:35.203 DATA SHAKE  -1.632  -1.632  -1.632    3.235   3.255   3.246   -4.867  -4.887  -4.877
2026-05-31 12:24:35.213 DATA SHAKE   2.949   2.949   2.949    3.229   3.249   3.240   -0.280  -0.300  -0.291
2026-05-31 12:24:35.223 DATA SHAKE  -6.839  -6.839  -6.839    3.028   3.047   3.038   -9.867  -9.887  -9.877
2026-05-31 12:24:35.233 DATA SHAKE  -1.945  -1.945  -1.945    2.928   2.948   2.938   -4.874  -4.893  -4.884
2026-05-31 12:24:35.243 DATA SHAKE   6.965   6.965   6.965    3.009   3.028   3.019    3.955   3.937   3.946
2026-05-31 12:24:35.253 DATA SHAKE  -3.326  -3.326  -3.326    2.883   2.901   2.892   -6.208  -6.226  -6.218
2026-05-31 12:24:35.263 DATA SHAKE  -7.153  -7.153   5.284    2.682   2.700   2.940   -9.835  -9.853   2.345
2026-05-31 12:24:35.273 DATA SHAKE  -4.643  -4.643  -4.643    2.535   2.553   2.788   -7.179  -7.196  -7.432
2026-05-31 12:24:35.283 DATA SHAKE  -2.698  -2.698  -2.698    2.431   2.448   2.679   -5.129  -5.146  -5.377
2026-05-31 12:24:35.293 DATA SHAKE  -4.016  -4.016  -4.016    2.302   2.319   2.545   -6.318  -6.334  -6.560
2026-05-31 12:24:35.303 DATA SHAKE  -6.588  -6.588  -6.588    2.124   2.140   2.362   -8.712  -8.729  -8.950
2026-05-31 12:24:35.313 DATA SHAKE   2.133   2.133   2.133    2.124   2.140   2.357    0.009  -0.007  -0.224
2026-05-31 12:24:35.323 DATA SHAKE  -7.153  -7.153  -7.153    1.939   1.954   2.167   -9.092  -9.107  -9.320
2026-05-31 12:24:35.333 DATA SHAKE   0.376   0.376   0.376    1.907   1.923   2.131   -1.531  -1.546  -1.755
2026-05-31 12:24:35.343 DATA SHAKE   1.067   1.067   1.067    1.890   1.906   2.110   -0.824  -0.839  -1.043
2026-05-31 12:24:35.353 DATA SHAKE  -3.012  -3.012  -7.467    1.792   1.807   1.919   -4.804  -4.819  -9.385
2026-05-31 12:24:35.363 DATA SHAKE  -2.573  -2.573  -2.573    1.705   1.720   1.829   -4.278  -4.293  -4.401
2026-05-31 12:24:35.373 DATA SHAKE   4.204   4.204   4.204    1.755   1.769   1.876    2.449   2.434   2.328
2026-05-31 12:24:35.383 DATA SHAKE  -4.016  -4.016  -4.016    1.640   1.654   1.758   -5.656  -5.670  -5.774
2026-05-31 12:24:35.393 DATA SHAKE  -4.330  -4.330  -4.330    1.520   1.534   1.637   -5.850  -5.864  -5.966
2026-05-31 12:24:35.403 DATA SHAKE   3.074   3.074   3.074    1.551   1.565   1.665    1.523   1.510   1.409
2026-05-31 12:24:35.413 DATA SHAKE  -7.279  -7.279  -7.279    1.375   1.388   1.486   -8.653  -8.667  -8.765
2026-05-31 12:24:35.423 DATA SHAKE  -5.522  -5.522  -5.522    1.237   1.250   1.346   -6.759  -6.772  -6.868
2026-05-31 12:24:35.433 DATA SHAKE  -4.455  -4.455  -4.455    1.123   1.136   1.230   -5.578  -5.591  -5.685
2026-05-31 12:24:35.443 DATA SHAKE   3.388  -1.924  -1.883    1.168   1.075   1.168    2.220  -2.999  -3.051
2026-05-31 12:24:35.453 DATA SHAKE  -1.067  -1.067  -1.067    1.124   1.032   1.123   -2.191  -2.099  -2.190
2026-05-31 12:24:35.463 DATA SHAKE   1.255   1.255   1.255    1.126   1.036   1.126    0.129   0.219   0.129
2026-05-31 12:24:35.473 DATA SHAKE  -4.581  -4.581  -4.581    1.012   0.924   1.012   -5.593  -5.504  -5.592
2026-05-31 12:24:35.483 DATA SHAKE  -6.337  -6.337  -6.337    0.865   0.779   0.865   -7.203  -7.116  -7.202
2026-05-31 12:24:35.493 DATA SHAKE   2.008   2.008   2.008    0.888   0.803   0.888    1.120   1.205   1.120
2026-05-31 12:24:35.503 DATA SHAKE   6.839   6.839   6.839    1.007   0.924   1.007    5.832   5.915   5.832
2026-05-31 12:24:35.513 DATA SHAKE   1.882   1.882   1.882    1.025   0.943   1.024    0.858   0.939   0.858
2026-05-31 12:24:35.523 DATA SHAKE  -2.071  -2.071  -2.071    0.963   0.883   0.962   -3.033  -2.954  -3.033
2026-05-31 12:24:35.558 DATA SHAKE   3.639   3.639   3.639    1.016   0.938   1.016    2.623   2.701   2.623
2026-05-31 12:24:35.568 DATA SHAKE  -6.463  -6.463  -6.463    0.867   0.790   0.866   -7.329  -7.253  -7.329
2026-05-31 12:24:35.578 DATA SHAKE   7.341   7.341   7.341    0.996   0.921   0.996    6.345   6.420   6.345
2026-05-31 12:24:35.588 DATA SHAKE  -5.020  -5.020  -5.020    0.876   0.802   0.875   -5.895  -5.822  -5.895
2026-05-31 12:24:35.598 DATA SHAKE  -4.894  -4.894  -4.894    0.760   0.688   0.760   -5.655  -5.582  -5.654
2026-05-31 12:24:35.608 DATA SHAKE   2.949   2.949   2.949    0.804   0.733   0.804    2.145   2.216   2.145
2026-05-31 12:24:35.618 DATA SHAKE   5.647   5.647   5.647    0.901   0.832   0.901    4.746   4.815   4.746
2026-05-31 12:24:35.628 DATA SHAKE   1.129   1.129   1.129    0.906   0.838   0.905    0.224   0.292   0.224
2026-05-31 12:24:35.638 DATA SHAKE  -0.188  -0.188  -0.188    0.884   0.817   0.883   -1.072  -1.006  -1.072
2026-05-31 12:24:35.648 DATA SHAKE  -7.530  -7.530  -7.530    0.715   0.650   0.715   -8.245  -8.180  -8.245
2026-05-31 12:24:35.658 DATA SHAKE   2.196   2.196   2.196    0.745   0.681   0.745    1.451   1.515   1.451
2026-05-31 12:24:35.668 DATA SHAKE  -5.208  -5.208  -5.208    0.626   0.563   0.626   -5.834  -5.771  -5.834
2026-05-31 12:24:35.678 DATA SHAKE   7.843   7.843   7.843    0.770   0.709   0.770    7.073   7.134   7.073
2026-05-31 12:24:35.688 DATA SHAKE  -1.130  -1.130  -1.130    0.732   0.672   0.732   -1.862  -1.802  -1.862
2026-05-31 12:24:35.698 DATA SHAKE  -2.071  -2.071  -2.071    0.676   0.617   0.676   -2.747  -2.688  -2.747
2026-05-31 12:24:35.708 DATA SHAKE   7.216   7.216   7.216    0.807   0.749   0.807    6.409   6.466   6.409
2026-05-31 12:24:35.718 DATA SHAKE   1.380   1.380   1.380    0.818   0.762   0.818    0.562   0.619   0.562
2026-05-31 12:24:35.728 DATA SHAKE   3.639   3.639   3.639    0.875   0.819   0.875    2.764   2.820   2.764
2026-05-31 12:24:35.738 DATA SHAKE  -5.522  -5.522  -5.522    0.747   0.693   0.747   -6.269  -6.214  -6.269
2026-05-31 12:24:35.748 DATA SHAKE   0.251   0.251   0.251    0.737   0.684   0.737   -0.486  -0.433  -0.486
2026-05-31 12:24:35.758 DATA SHAKE  -6.588  -6.588  -6.588    0.591   0.538   0.590   -7.179  -7.127  -7.179
2026-05-31 12:24:35.768 DATA SHAKE   1.318   1.318   1.318    0.605   0.554   0.605    0.713   0.764   0.713
2026-05-31 12:24:35.778 DATA SHAKE  -0.314  -0.314   0.186    0.587   0.537   0.597   -0.901  -0.851  -0.410
2026-05-31 12:24:35.788 DATA SHAKE   4.267   4.267   4.267    0.660   0.611   0.670    3.606   3.655   3.597
2026-05-31 12:24:35.798 DATA SHAKE   4.769   4.769   4.769    0.742   0.694   0.752    4.026   4.074   4.017
2026-05-31 12:24:35.808 DATA SHAKE  -5.773  -5.773  -5.773    0.612   0.565   0.621   -6.385  -6.338  -6.394
2026-05-31 12:24:35.818 DATA SHAKE   1.067   1.067   1.067    0.621   0.575   0.630    0.445   0.492   0.436
2026-05-31 12:24:35.828 DATA SHAKE  -7.341  -7.341  -7.341    0.462   0.417   0.471   -7.803  -7.758  -7.812
2026-05-31 12:24:35.838 DATA SHAKE   6.400   6.400   6.400    0.581   0.536   0.589    5.819   5.864   5.810
2026-05-31 12:24:35.848 DATA SHAKE  -0.314  -0.314  -0.314    0.563   0.519   0.571   -0.877  -0.833  -0.885
2026-05-31 12:24:35.858 DATA SHAKE   4.894   4.894   4.894    0.649   0.607   0.658    4.245   4.287   4.236
2026-05-31 12:24:35.868 DATA SHAKE   5.271   5.271  -5.208    0.742   0.700   0.541    4.529   4.570  -5.749
2026-05-31 12:24:35.878 DATA SHAKE   2.635   2.635   2.635    0.780   0.739   0.582    1.855   1.896   2.053
2026-05-31 12:24:35.888 DATA SHAKE  -4.706  -4.706  -4.706    0.670   0.630   0.477   -5.376  -5.336  -5.183
2026-05-31 12:24:35.898 DATA SHAKE   5.710   5.710   5.710    0.771   0.731   0.581    4.939   4.978   5.128
2026-05-31 12:24:35.908 DATA SHAKE   0.941   0.941   0.941    0.774   0.736   0.589    0.167   0.205   0.353
2026-05-31 12:24:35.918 DATA SHAKE  -7.655  -7.655  -7.655    0.606   0.568   0.424   -8.261  -8.223  -8.079
2026-05-31 12:24:35.928 DATA SHAKE  -1.820  -1.820  -1.820    0.557   0.520   0.379   -2.377  -2.340  -2.199
2026-05-31 12:24:35.938 DATA SHAKE  -4.894  -4.894  -4.894    0.448   0.412   0.273   -5.342  -5.306  -5.168
2026-05-31 12:24:35.948 DATA SHAKE   2.071   2.071   2.071    0.481   0.445   0.309    1.590   1.626   1.761
2026-05-31 12:24:35.958 DATA SHAKE   2.510  -1.303  -1.255    0.521   0.410   0.278    1.989  -1.713  -1.533
2026-05-31 12:24:35.968 DATA SHAKE  -4.957  -4.957  -4.957    0.412   0.303   0.173   -5.369  -5.260  -5.130
2026-05-31 12:24:35.978 DATA SHAKE   7.467   7.467   7.467    0.553   0.446   0.319    6.914   7.021   7.147
2026-05-31 12:24:35.988 DATA SHAKE  -6.588  -6.588  -6.588    0.410   0.305   0.181   -6.998  -6.894  -6.769
2026-05-31 12:24:35.998 DATA SHAKE   4.204   4.204   4.204    0.486   0.383   0.261    3.718   3.821   3.942
2026-05-31 12:24:36.008 DATA SHAKE  -7.028  -7.028  -7.028    0.335   0.235   0.116   -7.363  -7.263  -7.143
2026-05-31 12:24:36.018 DATA SHAKE  -4.957  -4.957  -4.957    0.230   0.131   0.014   -5.187  -5.088  -4.971
2026-05-31 12:24:36.028 DATA SHAKE   0.816   0.816   0.816    0.241   0.145   0.030    0.574   0.671   0.785
2026-05-31 12:24:36.063 DATA SHAKE   6.839   6.839   6.839    0.373   0.279   0.166    6.466   6.560   6.673
2026-05-31 12:24:36.073 DATA SHAKE  -3.012  -3.012  -3.012    0.306   0.213   0.103   -3.318  -3.225  -3.115
2026-05-31 12:24:36.083 DATA SHAKE  -6.714  -6.714  -6.714    0.165   0.074  -0.033   -6.879  -6.788  -6.680
2026-05-31 12:24:36.093 DATA SHAKE   4.518   4.518   4.518    0.252   0.163   0.058    4.265   4.354   4.460
2026-05-31 12:24:36.103 DATA SHAKE   7.404   7.404   7.404    0.395   0.308   0.204    7.009   7.096   7.199
2026-05-31 12:24:36.113 DATA SHAKE   1.631   1.631   1.631    0.420   0.335   0.233    1.211   1.297   1.398
2026-05-31 12:24:36.123 DATA SHAKE  -3.765  -3.765  -3.765    0.336   0.253   0.153   -4.101  -4.017  -3.918
2026-05-31 12:24:36.133 DATA SHAKE  -5.020  -5.020  -5.020    0.229   0.147   0.050   -5.249  -5.167  -5.069
2026-05-31 12:24:36.143 DATA SHAKE  -0.314  -0.314  -0.314    0.218   0.138   0.042   -0.532  -0.452  -0.356
2026-05-31 12:24:36.153 DATA SHAKE  -2.761  -2.761  -2.761    0.159   0.080  -0.014   -2.920  -2.841  -2.747
2026-05-31 12:24:36.163 DATA SHAKE   6.839   6.839   6.839    0.292   0.215   0.123    6.547   6.624   6.716
2026-05-31 12:24:36.173 DATA SHAKE   6.714   6.714   6.714    0.421   0.345   0.255    6.293   6.369   6.459
2026-05-31 12:24:36.183 DATA SHAKE  -7.028  -7.028  -7.028    0.272   0.198   0.109   -7.299  -7.225  -7.137
2026-05-31 12:24:36.193 DATA SHAKE   1.694   1.694   1.694    0.300   0.228   0.141    1.394   1.467   1.553
2026-05-31 12:24:36.203 DATA SHAKE   2.008   2.008   2.008    0.334   0.263   0.178    1.673   1.745   1.829
2026-05-31 12:24:36.213 DATA SHAKE   7.216   7.216   7.216    0.472   0.402   0.319    6.744   6.813   6.896
2026-05-31 12:24:36.223 DATA SHAKE  -0.439  -0.439  -0.439    0.454   0.385   0.304   -0.893  -0.825  -0.744
2026-05-31 12:24:36.233 DATA SHAKE   0.376   0.376   0.376    0.452   0.385   0.305   -0.076  -0.009   0.071
2026-05-31 12:24:36.243 DATA SHAKE   3.200   3.200   3.200    0.507   0.441   0.363    2.693   2.758   2.837
2026-05-31 12:24:36.253 DATA SHAKE   7.027   7.027   7.027    0.638   0.573   0.497    6.390   6.454   6.531
2026-05-31 12:24:36.263 DATA SHAKE   3.388   3.388   3.388    0.693   0.630   0.554    2.696   2.759   2.834
2026-05-31 12:24:36.273 DATA SHAKE  -0.502  -0.502  -0.502    0.669   0.607   0.533   -1.171  -1.109  -1.036
2026-05-31 12:24:36.283 DATA SHAKE   7.027   7.027   7.027    0.796   0.735   0.663    6.231   6.292   6.364
2026-05-31 12:24:36.293 DATA SHAKE   0.878   0.878   3.451    0.798   0.738   0.719    0.081   0.140   2.732
2026-05-31 12:24:36.303 DATA SHAKE  -4.267  -4.267  -4.267    0.696   0.638   0.619   -4.963  -4.905  -4.886
2026-05-31 12:24:36.313 DATA SHAKE   7.780   7.780   7.780    0.838   0.781   0.762    6.942   6.999   7.018
2026-05-31 12:24:36.323 DATA SHAKE   7.027   7.027   7.027    0.962   0.906   0.888    6.066   6.122   6.140
2026-05-31 12:24:36.333 DATA SHAKE   5.710   5.710   5.710    1.057   1.002   0.984    4.653   4.708   4.725
2026-05-31 12:24:36.343 DATA SHAKE   5.333   5.333   5.333    1.142   1.089   1.071    4.191   4.245   4.262
2026-05-31 12:24:36.353 DATA SHAKE   1.443   1.443   1.443    1.148   1.096   1.079    0.295   0.347   0.364
2026-05-31 12:24:36.363 DATA SHAKE   0.251   0.251   0.251    1.130   1.079   1.062   -0.879  -0.828  -0.811
2026-05-31 12:24:36.373 DATA SHAKE  -0.816  -0.816  -0.816    1.091   1.041   1.025   -1.907  -1.857  -1.840
2026-05-31 12:24:36.383 DATA SHAKE   1.380   7.443   7.467    1.097   1.169   1.153    0.283   6.274   6.313
2026-05-31 12:24:36.393 DATA SHAKE   2.071   2.071   2.071    1.117   1.187   1.172    0.954   0.884   0.899
2026-05-31 12:24:36.403 DATA SHAKE  -4.643  -4.643  -4.643    1.001   1.070   1.055   -5.645  -5.714  -5.699
2026-05-31 12:24:36.413 DATA SHAKE  -2.573  -2.573  -2.573    0.930   0.997   0.983   -3.503  -3.570  -3.556
2026-05-31 12:24:36.423 DATA SHAKE  -7.341  -7.341  -7.341    0.765   0.831   0.816   -8.106  -8.172  -8.158
2026-05-31 12:24:36.433 DATA SHAKE   6.588   6.588   6.588    0.881   0.946   0.932    5.707   5.642   5.656
2026-05-31 12:24:36.443 DATA SHAKE  -3.200  -3.200  -3.200    0.799   0.863   0.849   -4.000  -4.063  -4.049
2026-05-31 12:24:36.453 DATA SHAKE  -4.016  -4.016  -4.016    0.703   0.765   0.752   -4.719  -4.781  -4.768
2026-05-31 12:24:36.463 DATA SHAKE   7.404   7.404   7.404    0.837   0.898   0.885    6.567   6.506   6.519
2026-05-31 12:24:36.473 DATA SHAKE   0.941  -7.404  -7.404    0.839   0.732   0.719    0.102  -8.136  -8.123
2026-05-31 12:24:36.483 DATA SHAKE  -7.655  -7.655  -7.655    0.669   0.564   0.552   -8.324  -8.219  -8.207
2026-05-31 12:24:36.493 DATA SHAKE   5.835   5.835   5.835    0.773   0.670   0.657    5.063   5.165   5.178
2026-05-31 12:24:36.503 DATA SHAKE   4.769   4.769   4.769    0.853   0.752   0.740    3.916   4.017   4.029
2026-05-31 12:24:36.513 DATA SHAKE  -3.828  -3.828  -3.828    0.759   0.660   0.648   -4.587  -4.488  -4.476
2026-05-31 12:24:36.523 DATA SHAKE  -5.208  -5.208  -5.208    0.640   0.543   0.531   -5.848  -5.751  -5.739
2026-05-31 12:24:36.524 PROMPT rest_start cycle=9
2026-05-31 12:24:36.558 DATA REST   0.941   0.941   0.941    0.646   0.551   0.539    0.296   0.390   0.402
2026-05-31 12:24:36.568 DATA REST  -5.145  -5.145  -5.145    0.530   0.437   0.426   -5.675  -5.582  -5.571
2026-05-31 12:24:36.578 DATA REST  -5.647  -5.647  -5.647    0.406   0.315   0.304   -6.053  -5.962  -5.951
2026-05-31 12:24:36.588 DATA REST   7.969   7.969   7.969    0.557   0.468   0.457    7.411   7.500   7.511
2026-05-31 12:24:36.598 DATA REST  -5.271  -5.271  -5.271    0.441   0.353   0.343   -5.712  -5.624  -5.614
2026-05-31 12:24:36.608 DATA REST   3.576   3.576   3.576    0.504   0.418   0.408    3.073   3.159   3.169
2026-05-31 12:24:36.618 DATA REST   2.635   2.635   2.635    0.546   0.462   0.452    2.089   2.173   2.183
2026-05-31 12:24:36.628 DATA REST   5.521   5.521   5.521    0.646   0.563   0.553    4.876   4.958   4.968
2026-05-31 12:24:36.638 DATA REST  -0.063  -0.063  -0.063    0.632   0.551   0.541   -0.695  -0.614  -0.604
2026-05-31 12:24:36.648 DATA REST   1.945   1.945   1.945    0.658   0.579   0.569    1.287   1.366   1.376
2026-05-31 12:24:36.658 DATA REST  -1.757  -1.757  -1.757    0.610   0.532   0.523   -2.367  -2.289  -2.280
2026-05-31 12:24:36.668 DATA REST  -0.251  -0.251  -0.251    0.592   0.516   0.507   -0.844  -0.768  -0.758
2026-05-31 12:24:36.678 DATA REST   6.588   6.588   6.588    0.712   0.638   0.629    5.876   5.950   5.959
2026-05-31 12:24:36.688 DATA REST   0.063   0.063   0.063    0.699   0.626   0.618   -0.637  -0.564  -0.555
2026-05-31 12:24:36.698 DATA REST  -1.381  -1.381  -1.381    0.658   0.586   0.578   -2.038  -1.967  -1.958
2026-05-31 12:24:36.708 DATA REST   1.882   1.882   1.882    0.682   0.612   0.604    1.200   1.270   1.279
2026-05-31 12:24:36.718 DATA REST  -5.396  -5.396   1.041    0.561   0.492   0.612   -5.957  -5.888   0.429
2026-05-31 12:24:36.728 DATA REST  -6.965  -6.965  -6.965    0.410   0.343   0.461   -7.375  -7.308  -7.426
2026-05-31 12:24:36.738 DATA REST  -0.565  -0.565  -0.565    0.391   0.325   0.440   -0.956  -0.890  -1.005
2026-05-31 12:24:36.748 DATA REST  -1.757  -1.757  -1.757    0.348   0.283   0.396   -2.105  -2.040  -2.153
2026-05-31 12:24:36.758 DATA REST   7.027   7.027   7.027    0.481   0.418   0.529    6.546   6.609   6.498
2026-05-31 12:24:36.768 DATA REST   4.831   4.831   4.831    0.568   0.506   0.615    4.263   4.325   4.216
2026-05-31 12:24:36.778 DATA REST  -5.961  -5.961  -5.961    0.438   0.377   0.484   -6.399  -6.338  -6.444
2026-05-31 12:24:36.788 DATA REST   4.769   4.769   4.769    0.524   0.465   0.569    4.244   4.304   4.199
2026-05-31 12:24:36.798 DATA REST   6.525   6.525   6.525    0.644   0.586   0.688    5.881   5.940   5.837
2026-05-31 12:24:36.808 DATA REST  -7.592  -7.592  -7.404    0.480   0.422   0.527   -8.072  -8.015  -7.931
2026-05-31 12:24:36.818 DATA REST   7.278   7.278   7.278    0.616   0.559   0.662    6.663   6.719   6.617
2026-05-31 12:24:36.828 DATA REST   3.325   3.325   3.325    0.670   0.615   0.715    2.656   2.711   2.611
2026-05-31 12:24:36.838 DATA REST  -3.263  -3.263  -3.263    0.591   0.537   0.635   -3.854  -3.800  -3.898
2026-05-31 12:24:36.848 DATA REST  -7.530  -7.530  -7.530    0.429   0.376   0.472   -7.958  -7.905  -8.002
2026-05-31 12:24:36.858 DATA REST  -5.020  -5.020  -5.020    0.320   0.268   0.362   -5.339  -5.288  -5.382
2026-05-31 12:24:36.868 DATA REST  -4.392  -4.392  -4.392    0.225   0.175   0.267   -4.618  -4.567  -4.659
2026-05-31 12:24:36.878 DATA REST  -5.083  -5.083  -5.083    0.119   0.070   0.160   -5.202  -5.152  -5.243
2026-05-31 12:24:36.888 DATA REST  -6.086  -6.086  -6.086   -0.005  -0.054   0.035   -6.082  -6.033  -6.122
2026-05-31 12:24:36.898 DATA REST  -6.965  -4.152  -4.141   -0.144  -0.136  -0.048   -6.821  -4.017  -4.093
2026-05-31 12:24:36.908 DATA REST   3.451   3.451   3.451   -0.072  -0.064   0.022    3.523   3.515   3.429
2026-05-31 12:24:36.918 DATA REST  -4.141  -4.141  -4.141   -0.154  -0.145  -0.062   -3.988  -3.996  -4.080
2026-05-31 12:24:36.928 DATA REST   1.067   1.067   1.067   -0.129  -0.121  -0.039    1.196   1.188   1.106
2026-05-31 12:24:36.938 DATA REST   0.000   0.000   0.000   -0.127  -0.119  -0.038    0.127   0.119   0.038
2026-05-31 12:24:36.948 DATA REST   0.941   0.941   0.941   -0.105  -0.097  -0.019    1.046   1.039   0.960
2026-05-31 12:24:36.958 DATA REST  -4.832  -4.832  -4.832   -0.200  -0.192  -0.115   -4.632  -4.639  -4.717
2026-05-31 12:24:36.968 DATA REST  -4.267  -4.267  -4.267   -0.281  -0.274  -0.198   -3.986  -3.993  -4.069
2026-05-31 12:24:36.978 DATA REST   1.192   1.192   1.192   -0.252  -0.244  -0.170    1.444   1.436   1.362
2026-05-31 12:24:36.988 DATA REST  -7.341   1.380   1.380   -0.393  -0.212  -0.139   -6.948   1.592   1.520
2026-05-31 12:24:36.998 DATA REST  -6.024  -6.024  -6.024   -0.506  -0.328  -0.257   -5.518  -5.696  -5.767
2026-05-31 12:24:37.008 DATA REST  -4.141  -4.141  -4.141   -0.579  -0.404  -0.335   -3.563  -3.737  -3.807
2026-05-31 12:24:37.018 DATA REST  -6.337  -6.337  -6.337   -0.694  -0.523  -0.455   -5.644  -5.814  -5.883
2026-05-31 12:24:37.028 DATA REST   7.906   7.906   7.906   -0.522  -0.354  -0.287    8.428   8.260   8.193
2026-05-31 12:24:37.063 DATA REST   3.702   3.702   3.702   -0.437  -0.273  -0.208    4.139   3.975   3.910
2026-05-31 12:24:37.073 DATA REST  -5.710  -5.710  -5.710   -0.543  -0.382  -0.318   -5.167  -5.328  -5.392
2026-05-31 12:24:37.083 DATA REST  -7.969  -7.969  -7.969   -0.691  -0.534  -0.471   -7.277  -7.435  -7.498
2026-05-31 12:24:37.093 DATA REST  -6.212  -6.212  -6.212   -0.802  -0.647  -0.586   -5.410  -5.565  -5.626
2026-05-31 12:24:37.103 DATA REST   3.200   3.200   3.200   -0.722  -0.570  -0.510    3.922   3.770   3.710
2026-05-31 12:24:37.113 DATA REST  -7.969  -7.969  -7.969   -0.867  -0.718  -0.659   -7.102  -7.250  -7.310
2026-05-31 12:24:37.123 DATA REST  -5.020  -5.020  -5.020   -0.950  -0.804  -0.746   -4.070  -4.215  -4.274
2026-05-31 12:24:37.133 DATA REST  -1.945  -1.945  -1.945   -0.970  -0.827  -0.770   -0.976  -1.118  -1.175
2026-05-31 12:24:37.143 DATA REST   1.945   1.945   5.133   -0.911  -0.772  -0.652    2.856   2.717   5.785
2026-05-31 12:24:37.153 DATA REST   5.396   5.396   5.396   -0.785  -0.648  -0.531    6.181   6.044   5.927
2026-05-31 12:24:37.163 DATA REST   3.827   3.827   3.827   -0.693  -0.559  -0.444    4.520   4.386   4.271
2026-05-31 12:24:37.173 DATA REST   0.816   0.816   0.816   -0.663  -0.531  -0.419    1.478   1.347   1.235
2026-05-31 12:24:37.183 DATA REST   0.125   0.125   0.125   -0.647  -0.518  -0.408    0.773   0.644   0.533
2026-05-31 12:24:37.193 DATA REST  -7.404  -7.404  -7.404   -0.782  -0.656  -0.548   -6.622  -6.748  -6.856
2026-05-31 12:24:37.203 DATA REST  -0.000  -0.000  -0.000   -0.767  -0.643  -0.537    0.766   0.643   0.537
2026-05-31 12:24:37.213 DATA REST   4.831   4.831   4.831   -0.655  -0.533  -0.430    5.486   5.365   5.261
2026-05-31 12:24:37.223 DATA REST   7.467   7.467   7.467   -0.492  -0.373  -0.272    7.959   7.840   7.738
2026-05-31 12:24:37.233 DATA REST  -7.592  -7.592  -7.969   -0.634  -0.518  -0.426   -6.958  -7.075  -7.543
2026-05-31 12:24:37.243 DATA REST  -6.839  -6.839  -6.839   -0.758  -0.644  -0.554   -6.081  -6.195  -6.286
2026-05-31 12:24:37.253 DATA REST  -2.322  -2.322  -2.322   -0.790  -0.678  -0.589   -1.532  -1.644  -1.733
2026-05-31 12:24:37.263 DATA REST   2.259   2.259   2.259   -0.729  -0.619  -0.532    2.987   2.878   2.791
2026-05-31 12:24:37.273 DATA REST   5.898   5.898   5.898   -0.596  -0.489  -0.404    6.494   6.387   6.302
2026-05-31 12:24:37.283 DATA REST  -3.137  -3.137  -3.137   -0.647  -0.542  -0.458   -2.491  -2.596  -2.679
2026-05-31 12:24:37.293 DATA REST   0.627   0.627   0.627   -0.621  -0.518  -0.437    1.249   1.146   1.064
2026-05-31 12:24:37.303 DATA REST  -0.126  -0.126  -0.126   -0.611  -0.510  -0.430    0.486   0.385   0.305
2026-05-31 12:24:37.313 DATA REST  -6.149  -6.149  -6.149   -0.722  -0.623  -0.545   -5.427  -5.526  -5.604
2026-05-31 12:24:37.323 DATA REST   1.694  -5.431  -5.396   -0.674  -0.719  -0.642    2.368  -4.712  -4.754
2026-05-31 12:24:37.333 DATA REST   4.894   4.894   4.894   -0.563  -0.607  -0.531    5.457   5.501   5.425
2026-05-31 12:24:37.343 DATA REST  -1.130  -1.130  -1.130   -0.574  -0.618  -0.543   -0.556  -0.512  -0.587
2026-05-31 12:24:37.353 DATA REST  -5.773  -5.773  -5.773   -0.678  -0.721  -0.648   -5.095  -5.052  -5.125
2026-05-31 12:24:37.363 DATA REST   6.714   6.714   6.714   -0.530  -0.572  -0.500    7.244   7.286   7.214
2026-05-31 12:24:37.373 DATA REST  -5.710  -5.710  -5.710   -0.634  -0.675  -0.605   -5.076  -5.035  -5.105
2026-05-31 12:24:37.383 DATA REST   7.718   7.718   7.718   -0.467  -0.507  -0.438    8.184   8.224   8.156
2026-05-31 12:24:37.393 DATA REST   7.216   7.216   7.216   -0.313  -0.352  -0.285    7.529   7.568   7.501
2026-05-31 12:24:37.403 DATA REST   4.078   4.078   4.078   -0.225  -0.264  -0.198    4.303   4.342   4.276
2026-05-31 12:24:37.413 DATA REST   4.267  -4.706  -4.706   -0.135  -0.353  -0.288    4.402  -4.353  -4.418
2026-05-31 12:24:37.423 DATA REST   2.196   2.196   2.196   -0.089  -0.302  -0.238    2.285   2.498   2.434
2026-05-31 12:24:37.433 DATA REST   5.835   5.835   5.835    0.030  -0.179  -0.117    5.805   6.014   5.952
2026-05-31 12:24:37.443 DATA REST   2.573   2.573   2.573    0.081  -0.124  -0.063    2.492   2.696   2.636
2026-05-31 12:24:37.453 DATA REST   5.271   5.271   5.271    0.184  -0.016   0.044    5.086   5.287   5.227
2026-05-31 12:24:37.463 DATA REST   7.592   7.592   7.592    0.333   0.136   0.195    7.259   7.456   7.397
2026-05-31 12:24:37.473 DATA REST   2.886   2.886   2.886    0.384   0.191   0.248    2.503   2.695   2.638
2026-05-31 12:24:37.483 DATA REST  -4.141  -4.141  -4.141    0.293   0.105   0.161   -4.435  -4.246  -4.302
2026-05-31 12:24:37.493 DATA REST   3.325   3.325   3.325    0.354   0.169   0.224    2.972   3.157   3.102
2026-05-31 12:24:37.503 DATA REST   7.906   6.337   6.337    0.505   0.292   0.346    7.401   6.045   5.991
2026-05-31 12:24:37.513 DATA REST  -3.075  -3.075  -3.075    0.433   0.225   0.278   -3.508  -3.300  -3.352
2026-05-31 12:24:37.523 DATA REST   4.957   4.957   4.957    0.524   0.320   0.371    4.433   4.637   4.585
2026-05-31 12:24:37.533 DATA REST   2.133   2.133   2.133    0.556   0.356   0.407    1.577   1.777   1.727
2026-05-31 12:24:37.567 DATA REST  -7.404  -7.404  -7.404    0.397   0.201   0.250   -7.801  -7.605  -7.654
2026-05-31 12:24:37.577 DATA REST  -1.381  -1.381  -1.381    0.361   0.169   0.218   -1.742  -1.550  -1.598
2026-05-31 12:24:37.587 DATA REST   3.451   3.451   3.451    0.423   0.235   0.282    3.028   3.216   3.169
2026-05-31 12:24:37.597 DATA REST  -3.326  -3.326  -3.326    0.348   0.163   0.210   -3.674  -3.489  -3.536
2026-05-31 12:24:37.607 DATA REST   6.149   6.149   6.149    0.464   0.283   0.329    5.685   5.866   5.820
2026-05-31 12:24:37.617 DATA REST  -2.573  -2.573  -2.573    0.403   0.226   0.271   -2.976  -2.799  -2.844
2026-05-31 12:24:37.627 DATA REST   0.439   0.439   0.439    0.404   0.230   0.274    0.035   0.209   0.165
2026-05-31 12:24:37.637 DATA REST   6.714   6.714   6.714    0.530   0.360   0.403    6.183   6.354   6.310
2026-05-31 12:24:37.647 DATA REST  -4.769  -4.769  -4.769    0.424   0.257   0.300   -5.193  -5.026  -5.069
2026-05-31 12:24:37.657 DATA REST  -1.004  -1.004  -1.004    0.396   0.232   0.274   -1.400  -1.236  -1.278
2026-05-31 12:24:37.667 DATA REST   4.329   4.329   4.329    0.474   0.314   0.355    3.855   4.015   3.975
2026-05-31 12:24:37.677 DATA REST  -4.957  -4.957  -4.957    0.366   0.209   0.249   -5.323  -5.166  -5.206
2026-05-31 12:24:37.687 DATA REST  -1.883  -1.883  -1.883    0.321   0.167   0.206   -2.203  -2.049  -2.088
2026-05-31 12:24:37.697 DATA REST   3.702   3.702   3.702    0.388   0.238   0.276    3.314   3.464   3.426
2026-05-31 12:24:37.707 DATA REST   3.388   3.388   3.388    0.448   0.301   0.338    2.940   3.088   3.050
2026-05-31 12:24:37.717 DATA REST  -0.000  -0.000  -0.000    0.439   0.295   0.331   -0.440  -0.295  -0.332
2026-05-31 12:24:37.727 DATA REST  -6.400  -6.400  -6.400    0.303   0.161   0.197   -6.703  -6.561  -6.597
2026-05-31 12:24:37.737 DATA REST   3.514   3.514   3.514    0.367   0.228   0.263    3.147   3.286   3.251
2026-05-31 12:24:37.747 DATA REST   0.063   0.063   0.063    0.361   0.224   0.259   -0.298  -0.162  -0.196
2026-05-31 12:24:37.757 DATA REST  -4.141  -4.141  -4.141    0.271   0.137   0.171   -4.412  -4.278  -4.312
2026-05-31 12:24:37.767 DATA REST  -2.949  -2.949  -2.949    0.206   0.075   0.109   -3.156  -3.025  -3.058
2026-05-31 12:24:37.777 DATA REST  -5.647  -5.647  -5.647    0.089  -0.039  -0.007   -5.736  -5.608  -5.641
2026-05-31 12:24:37.787 DATA REST  -6.714  -6.714  -6.714   -0.047  -0.173  -0.141   -6.667  -6.541  -6.573
2026-05-31 12:24:37.797 DATA REST  -2.886  -2.886  -2.886   -0.104  -0.227  -0.196   -2.783  -2.660  -2.691
2026-05-31 12:24:37.807 DATA REST  -6.275  -6.275  -6.275   -0.227  -0.348  -0.317   -6.048  -5.927  -5.957
2026-05-31 12:24:37.817 DATA REST  -5.271  -5.271  -5.271   -0.328  -0.446  -0.416   -4.943  -4.825  -4.855
2026-05-31 12:24:37.827 DATA REST   7.718   7.718   7.718   -0.167  -0.283  -0.254    7.885   8.001   7.971
2026-05-31 12:24:37.837 DATA REST   4.769   4.769   4.769   -0.068  -0.182  -0.153    4.837   4.950   4.922
2026-05-31 12:24:37.847 DATA REST   2.573   2.573   2.573   -0.015  -0.127  -0.099    2.588   2.699   2.671
2026-05-31 12:24:37.857 DATA REST   6.400   6.400   6.400    0.113   0.004   0.031    6.287   6.396   6.369
2026-05-31 12:24:37.867 DATA REST  -7.718  -7.718  -7.718   -0.044  -0.151  -0.124   -7.674  -7.567  -7.594
2026-05-31 12:24:37.877 DATA REST  -7.341  -7.341  -7.341   -0.190  -0.295  -0.268   -7.152  -7.047  -7.073
2026-05-31 12:24:37.887 DATA REST  -7.718  -7.718   7.345   -0.340  -0.443  -0.116   -7.377  -7.275   7.460
2026-05-31 12:24:37.897 DATA REST   6.588   6.588   6.588   -0.202  -0.302   0.018    6.790   6.891   6.570
2026-05-31 12:24:37.907 DATA REST   6.337   6.337   6.337   -0.071  -0.170   0.145    6.408   6.507   6.192
2026-05-31 12:24:37.917 DATA REST   5.772   5.772   5.772    0.046  -0.051   0.257    5.727   5.823   5.515
2026-05-31 12:24:37.927 DATA REST   4.643   4.643   4.643    0.138   0.043   0.345    4.505   4.600   4.298
2026-05-31 12:24:37.937 DATA REST   6.212   6.212   6.212    0.259   0.166   0.462    5.952   6.045   5.749
2026-05-31 12:24:37.947 DATA REST   3.765   3.765   3.765    0.329   0.238   0.528    3.435   3.526   3.236
2026-05-31 12:24:37.957 DATA REST   2.071   2.071   2.071    0.364   0.275   0.559    1.706   1.795   1.511
2026-05-31 12:24:37.967 DATA REST   0.188   0.188   0.188    0.361   0.273   0.552   -0.173  -0.085  -0.364
2026-05-31 12:24:37.977 DATA REST  -2.071  -2.071  -1.381    0.312   0.226   0.513   -2.383  -2.297  -1.894
2026-05-31 12:24:37.987 DATA REST  -0.251  -0.251  -0.251    0.301   0.217   0.498   -0.552  -0.468  -0.749
2026-05-31 12:24:37.997 DATA REST  -0.377  -0.377  -0.377    0.287   0.205   0.480   -0.664  -0.582  -0.857
2026-05-31 12:24:38.007 DATA REST   0.125   0.125   0.125    0.284   0.203   0.473   -0.159  -0.078  -0.348
2026-05-31 12:24:38.017 DATA REST   1.067   1.067   1.067    0.300   0.221   0.485    0.767   0.846   0.582
2026-05-31 12:24:38.027 DATA REST   1.192   1.192   1.192    0.318   0.240   0.499    0.875   0.952   0.693
2026-05-31 12:24:38.037 DATA REST   1.757   1.757   1.757    0.346   0.270   0.524    1.410   1.486   1.232
2026-05-31 12:24:38.072 DATA REST  -2.761  -2.761  -2.761    0.284   0.210   0.459   -3.045  -2.971  -3.220
2026-05-31 12:24:38.082 DATA REST  -5.208  -5.208  -5.208    0.174   0.101   0.345   -5.382  -5.309  -5.553
2026-05-31 12:24:38.092 DATA REST   6.149   6.149   6.149    0.294   0.222   0.461    5.855   5.926   5.687
2026-05-31 12:24:38.102 DATA REST   7.090   7.090   7.090    0.430   0.360   0.594    6.660   6.730   6.496
2026-05-31 12:24:38.112 DATA REST  -6.275  -6.275  -6.275    0.296   0.227   0.457   -6.570  -6.502  -6.731
2026-05-31 12:24:38.122 DATA REST  -6.149  -6.149  -6.149    0.167   0.100   0.325   -6.316  -6.249  -6.474
2026-05-31 12:24:38.132 DATA REST  -7.969  -7.969  -7.969    0.004  -0.062   0.159   -7.973  -7.907  -8.127
2026-05-31 12:24:38.142 DATA REST   6.149   6.149   6.149    0.127   0.062   0.278    6.022   6.087   5.870
2026-05-31 12:24:38.152 DATA REST   3.827   3.827   3.827    0.201   0.138   0.349    3.626   3.690   3.478
2026-05-31 12:24:38.162 DATA REST   1.757   1.757   1.757    0.232   0.170   0.378    1.525   1.587   1.379
2026-05-31 12:24:38.172 DATA REST   0.753   0.753   0.753    0.243   0.182   0.385    0.510   0.571   0.368
2026-05-31 12:24:38.182 DATA REST   2.823   2.823   2.823    0.294   0.235   0.434    2.529   2.589   2.390
2026-05-31 12:24:38.192 DATA REST   4.141   4.141   4.141    0.371   0.313   0.508    3.770   3.828   3.633
2026-05-31 12:24:38.202 DATA REST   4.957   4.957   4.957    0.463   0.406   0.597    4.494   4.551   4.360
2026-05-31 12:24:38.212 DATA REST   6.588   6.588   6.588    0.585   0.529   0.717    6.003   6.059   5.871
2026-05-31 12:24:38.222 DATA REST  -7.592  -7.592  -7.592    0.422   0.367   0.551   -8.014  -7.959  -8.143
2026-05-31 12:24:38.232 DATA REST  -7.969  -7.969  -7.969    0.254   0.200   0.380   -8.223  -8.169  -8.349
2026-05-31 12:24:38.242 DATA REST   7.467   7.467   7.467    0.398   0.345   0.522    7.068   7.121   6.945
2026-05-31 12:24:38.252 DATA REST   5.647   5.647   5.647    0.503   0.451   0.624    5.144   5.195   5.022
2026-05-31 12:24:38.262 DATA REST   3.827   3.827   3.827    0.570   0.519   0.689    3.258   3.308   3.139
2026-05-31 12:24:38.272 DATA REST   1.443   1.443   1.443    0.587   0.537   0.704    0.856   0.906   0.739
2026-05-31 12:24:38.282 DATA REST   1.380   1.380   1.380    0.603   0.554   0.717    0.777   0.826   0.663
2026-05-31 12:24:38.292 DATA REST   1.255   1.255   1.255    0.616   0.568   0.728    0.639   0.687   0.527
2026-05-31 12:24:38.302 DATA REST   0.188   0.188   0.188    0.607   0.561   0.717   -0.419  -0.373  -0.529
2026-05-31 12:24:38.312 DATA REST  -0.439  -0.439  -0.439    0.587   0.541   0.694   -1.026  -0.980  -1.133
2026-05-31 12:24:38.322 DATA REST   1.067   1.067   1.067    0.596   0.551   0.701    0.471   0.515   0.365
2026-05-31 12:24:38.332 DATA REST   2.573   2.573   2.573    0.636   0.592   0.739    1.937   1.981   1.834
2026-05-31 12:24:38.342 DATA REST   4.518   4.518   4.518    0.713   0.670   0.814    3.804   3.847   3.703
2026-05-31 12:24:38.352 DATA REST   6.463   6.463   6.463    0.828   0.786   0.927    5.634   5.677   5.535
2026-05-31 12:24:38.362 DATA REST  -5.522  -5.522  -5.522    0.701   0.660   0.798   -6.223  -6.182  -6.320
2026-05-31 12:24:38.372 DATA REST  -4.643  -4.643  -4.643    0.594   0.554   0.690   -5.238  -5.197  -5.333
2026-05-31 12:24:38.382 DATA REST  -3.514  -3.514  -3.514    0.512   0.472   0.606   -4.026  -3.986  -4.119
2026-05-31 12:24:38.392 DATA REST  -2.071  -2.071  -2.071    0.461   0.422   0.552   -2.531  -2.492  -2.623
2026-05-31 12:24:38.402 DATA REST  -2.510  -2.510  -2.510    0.401   0.363   0.491   -2.911  -2.873  -3.001
2026-05-31 12:24:38.412 DATA REST  -6.714  -6.714  -6.714    0.259   0.221   0.347   -6.973  -6.935  -7.061
2026-05-31 12:24:38.422 DATA REST  -7.906  -7.906  -7.906    0.096   0.059   0.182   -8.002  -7.965  -8.088
2026-05-31 12:24:38.432 DATA REST   7.969   7.969   7.969    0.253   0.217   0.337    7.715   7.751   7.631
2026-05-31 12:24:38.442 DATA REST  -7.655  -7.655  -7.655    0.095   0.060   0.177   -7.750  -7.715  -7.833
2026-05-31 12:24:38.452 DATA REST   7.906   7.906   7.906    0.251   0.217   0.332    7.655   7.689   7.574
2026-05-31 12:24:38.462 DATA REST   6.525   6.525   6.525    0.377   0.343   0.456    6.149   6.183   6.069
2026-05-31 12:24:38.472 DATA REST   3.953   3.953   3.953    0.448   0.415   0.526    3.505   3.538   3.427
2026-05-31 12:24:38.482 DATA REST   2.949   2.949   2.949    0.498   0.466   0.574    2.451   2.483   2.375
2026-05-31 12:24:38.492 DATA REST   2.573   2.573   2.198    0.540   0.508   0.607    2.033   2.065   1.591
2026-05-31 12:24:38.502 DATA REST   2.071   2.071   2.071    0.570   0.539   0.636    1.500   1.532   1.434
2026-05-31 12:24:38.512 DATA REST   2.949   2.949   2.949    0.618   0.587   0.682    2.331   2.362   2.267
2026-05-31 12:24:38.522 DATA REST   4.643   4.643   4.643    0.698   0.668   0.762    3.945   3.975   3.882
2026-05-31 12:24:38.532 DATA REST   5.961   5.961   5.961    0.804   0.774   0.866    5.157   5.187   5.095
2026-05-31 12:24:38.542 DATA REST  -6.149  -6.149  -6.149    0.664   0.636   0.725   -6.814  -6.785  -6.874
2026-05-31 12:24:38.577 DATA REST  -7.592  -7.592  -7.592    0.499   0.471   0.559   -8.092  -8.063  -8.151
2026-05-31 12:24:38.587 DATA REST  -7.843  -7.843  -7.843    0.332   0.305   0.391   -8.176  -8.148  -8.234
2026-05-31 12:24:38.597 DATA REST  -7.906  -7.906  -7.906    0.168   0.141   0.225   -8.074  -8.047  -8.131
2026-05-31 12:24:38.607 DATA REST  -6.902  -6.902  -6.902    0.026  -0.000   0.082   -6.928  -6.902  -6.984
2026-05-31 12:24:38.617 DATA REST  -6.212  -6.212  -6.212   -0.098  -0.124  -0.044   -6.113  -6.087  -6.168
2026-05-31 12:24:38.627 DATA REST  -6.086  -6.086  -6.086   -0.218  -0.244  -0.164   -5.868  -5.843  -5.922
2026-05-31 12:24:38.637 DATA REST  -6.902  -6.902  -6.902   -0.352  -0.377  -0.299   -6.550  -6.525  -6.603
2026-05-31 12:24:38.647 DATA REST   7.655   7.655   7.655   -0.192  -0.216  -0.140    7.847   7.871   7.795
2026-05-31 12:24:38.657 DATA REST   6.023   6.023   6.023   -0.067  -0.091  -0.017    6.091   6.115   6.040
2026-05-31 12:24:38.667 DATA REST   6.023   6.023   6.023    0.054   0.031   0.104    5.969   5.993   5.919
2026-05-31 12:24:38.677 DATA REST   6.086   6.086   6.086    0.175   0.152   0.224    5.911   5.934   5.863
2026-05-31 12:24:38.687 DATA REST   5.835   5.835   5.835    0.288   0.266   0.336    5.547   5.570   5.499
2026-05-31 12:24:38.697 DATA REST   5.772   5.772   5.772    0.398   0.376   0.445    5.375   5.397   5.328
2026-05-31 12:24:38.707 DATA REST   6.588   6.588   6.588    0.522   0.500   0.567    6.066   6.088   6.021
2026-05-31 12:24:38.717 DATA REST   7.467   7.467   7.467    0.661   0.639   0.705    6.806   6.827   6.761
2026-05-31 12:24:38.727 DATA REST   7.467   7.467   7.467    0.797   0.776   0.841    6.670   6.691   6.626
2026-05-31 12:24:38.737 DATA REST   7.780   7.780   7.780    0.936   0.916   0.979    6.844   6.864   6.801
2026-05-31 12:24:38.747 DATA REST  -6.275  -6.275  -6.275    0.792   0.772   0.834   -7.067  -7.047  -7.109
2026-05-31 12:24:38.757 DATA REST  -5.584  -5.584  -5.584    0.665   0.645   0.706   -6.249  -6.230  -6.290
2026-05-31 12:24:38.767 DATA REST  -5.208  -5.208  -5.208    0.547   0.528   0.588   -5.755  -5.736  -5.796
2026-05-31 12:24:38.777 DATA REST  -5.333  -5.333  -5.333    0.430   0.411   0.469   -5.763  -5.744  -5.803
2026-05-31 12:24:38.787 DATA REST  -5.710  -5.710  -5.710    0.307   0.288   0.346   -6.017  -5.998  -6.056
2026-05-31 12:24:38.797 DATA REST  -5.083  -5.083  -5.083    0.199   0.181   0.237   -5.282  -5.263  -5.320
2026-05-31 12:24:38.807 DATA REST  -5.020  -5.020  -5.020    0.095   0.077   0.132   -5.114  -5.097  -5.152
2026-05-31 12:24:38.817 DATA REST  -6.149  -6.149  -6.149   -0.030  -0.048   0.006   -6.119  -6.102  -6.156
2026-05-31 12:24:38.827 DATA REST  -7.530  -7.530  -7.530   -0.180  -0.197  -0.144   -7.349  -7.332  -7.385
2026-05-31 12:24:38.837 DATA REST   5.961   5.961   5.961   -0.057  -0.074  -0.022    6.018   6.035   5.983
2026-05-31 12:24:38.847 DATA REST   5.835   5.835   5.835    0.060   0.044   0.095    5.775   5.791   5.740
2026-05-31 12:24:38.857 DATA REST   6.525   6.525   6.525    0.190   0.174   0.224    6.336   6.352   6.302
2026-05-31 12:24:38.867 DATA REST   7.467   7.467   7.467    0.335   0.320   0.368    7.131   7.147   7.098
2026-05-31 12:24:38.877 DATA REST  -7.404  -7.404  -7.404    0.180   0.165   0.213   -7.585  -7.569  -7.617
2026-05-31 12:24:38.887 DATA REST  -7.530  -7.530  -7.530    0.026   0.011   0.058   -7.556  -7.541  -7.588
2026-05-31 12:24:38.897 DATA REST  -7.781  -7.781  -7.781   -0.130  -0.145  -0.099   -7.651  -7.636  -7.682
2026-05-31 12:24:38.907 DATA REST  -7.153  -7.153  -7.153   -0.270  -0.285  -0.240   -6.883  -6.868  -6.913
2026-05-31 12:24:38.917 DATA REST  -6.275  -6.275  -6.275   -0.390  -0.405  -0.360   -5.884  -5.870  -5.914
2026-05-31 12:24:38.927 DATA REST  -4.204  -4.204  -4.204   -0.467  -0.481  -0.437   -3.737  -3.724  -3.767
2026-05-31 12:24:38.937 DATA REST  -0.816  -0.816  -0.816   -0.474  -0.487  -0.445   -0.342  -0.329  -0.371
2026-05-31 12:24:38.947 DATA REST   2.761   2.761   2.761   -0.409  -0.422  -0.381    3.170   3.183   3.142
2026-05-31 12:24:38.957 DATA REST   4.329   4.329   4.329   -0.314  -0.327  -0.287    4.644   4.657   4.616
2026-05-31 12:24:38.967 DATA REST  -0.879  -0.879  -0.879   -0.325  -0.338  -0.298   -0.553  -0.540  -0.580
2026-05-31 12:24:38.977 DATA REST  -5.083  -5.083  -5.083   -0.421  -0.433  -0.394   -4.662  -4.649  -4.688
2026-05-31 12:24:38.987 DATA REST  -7.404  -7.404  -7.404   -0.560  -0.573  -0.534   -6.844  -6.831  -6.870
2026-05-31 12:24:38.997 DATA REST   6.776   6.776   6.776   -0.414  -0.426  -0.388    7.190   7.202   7.164
2026-05-31 12:24:39.007 DATA REST   5.584   5.584   5.584   -0.294  -0.305  -0.269    5.878   5.890   5.853
2026-05-31 12:24:39.017 DATA REST   6.212   6.212   6.212   -0.164  -0.175  -0.139    6.375   6.387   6.351
2026-05-31 12:24:39.027 DATA REST   7.216   7.216   7.216   -0.016  -0.027   0.008    7.232   7.243   7.208
2026-05-31 12:24:39.037 DATA REST   6.839   6.839   6.839    0.121   0.110   0.145    6.718   6.729   6.694
2026-05-31 12:24:39.047 DATA REST   5.333   5.333   5.333    0.225   0.215   0.248    5.108   5.119   5.085
2026-05-31 12:24:39.082 DATA REST   3.074   3.074   3.074    0.282   0.272   0.305    2.792   2.803   2.769
2026-05-31 12:24:39.092 DATA REST   4.078   4.078   4.078    0.358   0.348   0.380    3.720   3.731   3.698
2026-05-31 12:24:39.102 DATA REST   5.961   5.961   5.961    0.470   0.460   0.492    5.490   5.501   5.469
2026-05-31 12:24:39.112 DATA REST  -7.969  -7.969  -7.969    0.302   0.292   0.323   -8.270  -8.260  -8.292
2026-05-31 12:24:39.122 DATA REST  -4.016  -4.016  -4.016    0.215   0.205   0.236   -4.231  -4.221  -4.252
2026-05-31 12:24:39.132 DATA REST  -3.012  -3.012  -3.012    0.151   0.141   0.171   -3.163  -3.153  -3.183
2026-05-31 12:24:39.142 DATA REST  -2.385  -2.385  -2.385    0.100   0.091   0.120   -2.485  -2.475  -2.504
2026-05-31 12:24:39.152 DATA REST  -2.071  -2.071  -2.071    0.057   0.047   0.076   -2.127  -2.118  -2.147
2026-05-31 12:24:39.162 DATA REST  -2.196  -2.196  -2.196    0.012   0.002   0.031   -2.208  -2.199  -2.227
2026-05-31 12:24:39.172 DATA REST  -2.259  -2.259  -2.259   -0.034  -0.043  -0.015   -2.225  -2.216  -2.244
2026-05-31 12:24:39.182 DATA REST  -4.141  -4.141  -4.141   -0.116  -0.125  -0.098   -4.025  -4.017  -4.044
2026-05-31 12:24:39.192 DATA REST  -5.459  -5.459  -5.459   -0.223  -0.231  -0.205   -5.236  -5.228  -5.254
2026-05-31 12:24:39.202 DATA REST  -5.961  -5.961  -5.961   -0.338  -0.346  -0.320   -5.623  -5.615  -5.641
2026-05-31 12:24:39.212 DATA REST  -6.965  -6.965  -6.965   -0.470  -0.478  -0.453   -6.495  -6.486  -6.512
2026-05-31 12:24:39.222 DATA REST  -6.651  -6.651  -6.651   -0.594  -0.602  -0.577   -6.057  -6.049  -6.074
2026-05-31 12:24:39.232 DATA REST  -5.710  -5.710  -5.710   -0.696  -0.704  -0.679   -5.014  -5.006  -5.030
2026-05-31 12:24:39.242 DATA REST  -5.145  -5.145  -5.145   -0.785  -0.793  -0.769   -4.360  -4.352  -4.376
2026-05-31 12:24:39.252 DATA REST  -5.020  -5.020  -5.020   -0.870  -0.877  -0.854   -4.150  -4.142  -4.166
2026-05-31 12:24:39.262 DATA REST  -4.518  -4.518  -4.518   -0.943  -0.950  -0.927   -3.575  -3.568  -3.591
2026-05-31 12:24:39.272 DATA REST  -4.894  -4.894  -4.894   -1.022  -1.029  -1.006   -3.872  -3.865  -3.888
2026-05-31 12:24:39.282 DATA REST  -6.149  -6.149  -6.149   -1.124  -1.132  -1.109   -5.025  -5.018  -5.040
2026-05-31 12:24:39.292 DATA REST  -6.588  -6.588  -6.588   -1.234  -1.241  -1.219   -5.355  -5.348  -5.370
2026-05-31 12:24:39.302 DATA REST   6.463   6.463   6.463   -1.080  -1.087  -1.065    7.542   7.549   7.528
2026-05-31 12:24:39.312 DATA REST   7.027   7.027   7.027   -0.918  -0.924  -0.903    7.945   7.952   7.931
2026-05-31 12:24:39.322 DATA REST  -7.467  -7.467  -7.467   -1.049  -1.055  -1.035   -6.418  -6.412  -6.432
2026-05-31 12:24:39.332 DATA REST  -7.279  -7.279  -7.279   -1.173  -1.180  -1.160   -6.105  -6.099  -6.119
2026-05-31 12:24:39.342 DATA REST  -7.028  -7.028  -7.028   -1.290  -1.297  -1.277   -5.737  -5.731  -5.751
2026-05-31 12:24:39.352 DATA REST  -7.467  -7.467  -7.467   -1.414  -1.420  -1.401   -6.053  -6.047  -6.066
2026-05-31 12:24:39.362 DATA REST  -7.404  -7.404  -7.404   -1.534  -1.540  -1.521   -5.870  -5.864  -5.883
2026-05-31 12:24:39.372 DATA REST  -6.275  -6.275  -6.275   -1.628  -1.634  -1.616   -4.646  -4.640  -4.659
2026-05-31 12:24:39.382 DATA REST  -4.330  -4.330  -4.330   -1.682  -1.688  -1.670   -2.647  -2.641  -2.659
2026-05-31 12:24:39.392 DATA REST  -1.757  -1.757  -1.757   -1.684  -1.690  -1.672   -0.073  -0.067  -0.085
2026-05-31 12:24:39.402 DATA REST  -2.008  -2.008  -2.008   -1.690  -1.696  -1.679   -0.318  -0.312  -0.329
2026-05-31 12:24:39.412 DATA REST  -2.886  -2.886  -2.886   -1.714  -1.720  -1.703   -1.172  -1.167  -1.184
2026-05-31 12:24:39.422 DATA REST  -3.451  -3.451  -3.451   -1.749  -1.754  -1.738   -1.702  -1.697  -1.713
2026-05-31 12:24:39.432 DATA REST  -3.639  -3.639  -3.639   -1.787  -1.792  -1.776   -1.853  -1.847  -1.864
2026-05-31 12:24:39.442 DATA REST  -4.706  -4.706  -4.706   -1.845  -1.850  -1.834   -2.861  -2.856  -2.872
2026-05-31 12:24:39.452 DATA REST  -5.020  -5.020  -5.020   -1.909  -1.914  -1.898   -3.111  -3.106  -3.122
2026-05-31 12:24:39.462 DATA REST  -5.835  -5.835  -5.835   -1.987  -1.992  -1.977   -3.848  -3.843  -3.859
2026-05-31 12:24:39.472 DATA REST  -7.404  -7.404  -7.404   -2.096  -2.100  -2.085   -5.308  -5.304  -5.319
2026-05-31 12:24:39.482 DATA REST   4.706   4.706   4.706   -1.960  -1.964  -1.950    6.665   6.670   6.655
2026-05-31 12:24:39.492 DATA REST   3.325   3.325   3.325   -1.854  -1.859  -1.844    5.179   5.184   5.169
2026-05-31 12:24:39.502 DATA REST   2.133   2.133   2.133   -1.774  -1.779  -1.764    3.907   3.912   3.898
2026-05-31 12:24:39.512 DATA REST   1.757   1.757   1.757   -1.704  -1.708  -1.694    3.460   3.465   3.451
2026-05-31 12:24:39.522 DATA REST   2.196   2.196   2.196   -1.626  -1.630  -1.616    3.822   3.826   3.812
2026-05-31 12:24:39.532 DATA REST   3.074   3.074   3.074   -1.532  -1.536  -1.522    4.606   4.610   4.597
2026-05-31 12:24:39.542 DATA REST   3.953   3.953   3.953   -1.422  -1.426  -1.413    5.375   5.379   5.366
2026-05-31 12:24:39.552 DATA REST   5.772   5.772   5.772   -1.278  -1.282  -1.269    7.050   7.055   7.042
2026-05-31 12:24:39.587 DATA REST   1.129   1.129   1.129   -1.230  -1.234  -1.221    2.359   2.363   2.351
2026-05-31 12:24:39.597 DATA REST   1.004   1.004   1.004   -1.185  -1.189  -1.177    2.189   2.193   2.181
2026-05-31 12:24:39.607 DATA REST   0.251   0.251   0.251   -1.156  -1.160  -1.148    1.407   1.411   1.399
2026-05-31 12:24:39.617 DATA REST  -0.000  -0.000  -0.000   -1.133  -1.137  -1.125    1.133   1.137   1.125
2026-05-31 12:24:39.627 DATA REST   0.565   0.565   0.565   -1.099  -1.103  -1.091    1.664   1.668   1.656
2026-05-31 12:24:39.637 DATA REST   1.753   1.757   1.757   -1.042  -1.046  -1.034    2.795   2.803   2.791
2026-05-31 12:24:39.647 DATA REST   3.325   3.325   3.325   -0.955  -0.958  -0.947    4.280   4.284   4.273
2026-05-31 12:24:39.657 DATA REST   4.329   4.329   4.329   -0.849  -0.853  -0.842    5.179   5.182   5.171
2026-05-31 12:24:39.667 DATA REST   4.392   4.392   4.392   -0.744  -0.748  -0.737    5.137   5.140   5.129
2026-05-31 12:24:39.677 DATA REST   3.451   3.451   3.451   -0.661  -0.664  -0.653    4.111   4.115   4.104
2026-05-31 12:24:39.687 DATA REST  -0.126  -0.126  -0.126   -0.650  -0.653  -0.643    0.524   0.527   0.517
2026-05-31 12:24:39.697 DATA REST  -1.381  -1.381  -1.381   -0.664  -0.668  -0.658   -0.716  -0.713  -0.723
2026-05-31 12:24:39.707 DATA REST  -3.200  -3.200  -3.200   -0.715  -0.718  -0.708   -2.485  -2.482  -2.492
2026-05-31 12:24:39.717 DATA REST  -5.773  -5.773  -5.773   -0.816  -0.819  -0.810   -4.956  -4.953  -4.963
2026-05-31 12:24:39.727 DATA REST   4.267   4.267   4.267   -0.715  -0.718  -0.708    4.981   4.984   4.975
2026-05-31 12:24:39.737 DATA REST   1.694   1.694   1.694   -0.666  -0.669  -0.660    2.361   2.363   2.354
2026-05-31 12:24:39.747 DATA REST   0.816   0.816   0.816   -0.637  -0.640  -0.631    1.452   1.455   1.446
2026-05-31 12:24:39.757 DATA REST   1.882   1.882   1.882   -0.586  -0.589  -0.580    2.469   2.472   2.463
2026-05-31 12:24:39.767 DATA REST   3.388   3.388   3.388   -0.507  -0.510  -0.501    3.895   3.898   3.889
2026-05-31 12:24:39.777 DATA REST   6.965   6.965   6.965   -0.358  -0.360  -0.352    7.322   7.325   7.316
2026-05-31 12:24:39.787 DATA REST   7.906   7.906   7.906   -0.192  -0.195  -0.186    8.098   8.101   8.092
2026-05-31 12:24:39.797 DATA REST  -7.655  -7.655  -7.655   -0.342  -0.344  -0.336   -7.314  -7.311  -7.319
2026-05-31 12:24:39.807 DATA REST  -4.957  -4.957  -4.957   -0.434  -0.436  -0.428   -4.523  -4.521  -4.529
2026-05-31 12:24:39.817 DATA REST   7.655   7.655   7.655   -0.272  -0.275  -0.267    7.927   7.929   7.921
2026-05-31 12:24:39.827 DATA REST   6.839   6.839   6.839   -0.130  -0.132  -0.124    6.969   6.971   6.964
2026-05-31 12:24:39.837 DATA REST   4.016   4.016   4.016   -0.047  -0.049  -0.042    4.063   4.065   4.057
2026-05-31 12:24:39.847 DATA REST   0.439   0.439   0.439   -0.037  -0.040  -0.032    0.476   0.479   0.471
2026-05-31 12:24:39.857 DATA REST  -1.506  -1.506  -1.506   -0.067  -0.069  -0.062   -1.440  -1.437  -1.445
2026-05-31 12:24:39.867 DATA REST   7.341   7.341   7.341    0.082   0.079   0.086    7.259   7.262   7.255
2026-05-31 12:24:39.877 DATA REST   7.780   7.780   7.780    0.236   0.233   0.240    7.545   7.547   7.540
2026-05-31 12:24:39.887 DATA REST  -6.337  -6.337  -6.337    0.104   0.102   0.109   -6.442  -6.439  -6.446
2026-05-31 12:24:39.897 DATA REST  -7.279  -7.279  -7.279   -0.044  -0.046  -0.039   -7.235  -7.233  -7.240
2026-05-31 12:24:39.907 DATA REST  -4.581  -4.581  -4.581   -0.134  -0.136  -0.130   -4.446  -4.444  -4.451
2026-05-31 12:24:39.917 DATA REST  -4.769  -4.769  -4.769   -0.227  -0.229  -0.223   -4.542  -4.540  -4.546
2026-05-31 12:24:39.927 DATA REST  -5.271  -5.271  -5.271   -0.328  -0.330  -0.324   -4.943  -4.941  -4.947
2026-05-31 12:24:39.937 DATA REST  -7.279  -7.279  -7.279   -0.467  -0.469  -0.463   -6.812  -6.810  -6.816
2026-05-31 12:24:39.947 DATA REST   7.278   7.278   7.278   -0.312  -0.314  -0.308    7.590   7.592   7.586
2026-05-31 12:24:39.957 DATA REST  -6.777  -6.777  -6.777   -0.441  -0.443  -0.437   -6.335  -6.333  -6.339
2026-05-31 12:24:39.967 DATA REST   4.329   4.329   4.329   -0.346  -0.348  -0.342    4.675   4.677   4.671
2026-05-31 12:24:39.977 DATA REST   0.627   0.627   0.627   -0.326  -0.328  -0.322    0.954   0.956   0.950
2026-05-31 12:24:39.987 DATA REST  -4.894  -4.894  -4.894   -0.418  -0.420  -0.414   -4.477  -4.475  -4.480
2026-05-31 12:24:39.997 DATA REST  -3.828  -3.828  -3.828   -0.486  -0.488  -0.482   -3.342  -3.340  -3.345
2026-05-31 12:24:40.007 DATA REST   6.023   6.023   6.023   -0.356  -0.357  -0.352    6.379   6.381   6.375
2026-05-31 12:24:40.017 DATA REST  -1.945  -1.945  -1.945   -0.388  -0.389  -0.384   -1.558  -1.556  -1.561
2026-05-31 12:24:40.027 DATA REST  -1.004  -1.004  -1.004   -0.400  -0.402  -0.396   -0.604  -0.603  -0.608
2026-05-31 12:24:40.037 DATA REST  -1.694  -1.694  -1.694   -0.426  -0.427  -0.422   -1.269  -1.267  -1.272
2026-05-31 12:24:40.047 DATA REST  -4.330  -4.330  -4.330   -0.504  -0.505  -0.500   -3.826  -3.824  -3.829
2026-05-31 12:24:40.057 DATA REST  -4.706  -4.706  -4.706   -0.588  -0.589  -0.585   -4.118  -4.117  -4.122
2026-05-31 12:24:40.092 DATA REST   5.835   5.835   5.835   -0.459  -0.461  -0.456    6.295   6.296   6.291
2026-05-31 12:24:40.102 DATA REST  -2.824  -2.824  -2.824   -0.507  -0.508  -0.503   -2.317  -2.316  -2.320
2026-05-31 12:24:40.112 DATA REST   0.314   0.314   0.314   -0.490  -0.492  -0.487    0.804   0.805   0.801
2026-05-31 12:24:40.122 DATA REST   2.384   2.384   2.384   -0.433  -0.434  -0.430    2.817   2.819   2.814
2026-05-31 12:24:40.132 DATA REST   0.251   0.251   0.251   -0.419  -0.421  -0.416    0.670   0.672   0.667
2026-05-31 12:24:40.142 DATA REST  -1.757  -1.757  -1.757   -0.446  -0.447  -0.443   -1.311  -1.310  -1.314
2026-05-31 12:24:40.152 DATA REST  -7.403  -7.404  -7.404   -0.585  -0.586  -0.582   -6.818  -6.818  -6.822
2026-05-31 12:24:40.162 DATA REST  -0.816  -0.816  -0.816   -0.590  -0.591  -0.587   -0.226  -0.225  -0.229
2026-05-31 12:24:40.172 DATA REST   5.020   5.020   5.020   -0.477  -0.479  -0.475    5.497   5.498   5.494
2026-05-31 12:24:40.182 DATA REST  -2.071  -2.071  -2.071   -0.509  -0.511  -0.507   -1.561  -1.560  -1.564
2026-05-31 12:24:40.192 DATA REST   0.502   0.502   0.502   -0.489  -0.490  -0.486    0.991   0.992   0.988
2026-05-31 12:24:40.202 DATA REST   3.576   3.576   3.576   -0.408  -0.409  -0.405    3.984   3.985   3.982
2026-05-31 12:24:40.212 DATA REST   2.823   2.823   2.823   -0.343  -0.344  -0.341    3.167   3.168   3.164
2026-05-31 12:24:40.222 DATA REST   0.565   0.565   0.565   -0.325  -0.326  -0.323    0.890   0.891   0.887
2026-05-31 12:24:40.232 DATA REST  -0.502  -0.502  -0.502   -0.329  -0.330  -0.326   -0.174  -0.172  -0.176
2026-05-31 12:24:40.242 DATA REST  -2.824  -2.824  -2.824   -0.378  -0.380  -0.376   -2.445  -2.444  -2.448
2026-05-31 12:24:40.252 DATA REST  -2.008  -2.008  -2.008   -0.411  -0.412  -0.409   -1.597  -1.596  -1.599
2026-05-31 12:24:40.262 DATA REST  -3.702  -3.702  -3.702   -0.477  -0.478  -0.475   -3.225  -3.224  -3.228
2026-05-31 12:24:40.272 DATA REST  -3.137  -3.137  -3.137   -0.530  -0.531  -0.528   -2.607  -2.606  -2.610
2026-05-31 12:24:40.282 DATA REST  -0.941  -0.941  -0.941   -0.538  -0.539  -0.536   -0.403  -0.402  -0.405
2026-05-31 12:24:40.292 DATA REST   1.945   1.945   1.945   -0.489  -0.490  -0.486    2.434   2.435   2.432
2026-05-31 12:24:40.302 DATA REST  -2.698  -2.698  -2.698   -0.533  -0.534  -0.531   -2.165  -2.164  -2.168
2026-05-31 12:24:40.312 DATA REST  -4.957  -4.957  -4.957   -0.621  -0.622  -0.619   -4.336  -4.335  -4.338
2026-05-31 12:24:40.322 DATA REST  -6.212  -6.212  -6.212   -0.733  -0.734  -0.731   -5.479  -5.478  -5.481
2026-05-31 12:24:40.332 DATA REST  -6.714  -6.714  -6.714   -0.853  -0.854  -0.851   -5.861  -5.860  -5.863
2026-05-31 12:24:40.342 DATA REST  -2.886  -2.886  -2.886   -0.893  -0.894  -0.891   -1.993  -1.992  -1.995
2026-05-31 12:24:40.352 DATA REST  -0.314  -0.314  -0.314   -0.882  -0.883  -0.880    0.568   0.569   0.566
2026-05-31 12:24:40.362 DATA REST   0.753   0.753   0.753   -0.849  -0.850  -0.847    1.602   1.603   1.600
2026-05-31 12:24:40.372 DATA REST   2.322   2.322   2.322   -0.786  -0.787  -0.784    3.107   3.108   3.105
2026-05-31 12:24:40.382 DATA REST   4.957   4.957   4.957   -0.671  -0.672  -0.669    5.628   5.629   5.626
2026-05-31 12:24:40.392 DATA REST   6.400   6.400   6.400   -0.529  -0.530  -0.528    6.929   6.930   6.928
2026-05-31 12:24:40.402 DATA REST   3.765   3.765   3.765   -0.444  -0.444  -0.442    4.208   4.209   4.206
2026-05-31 12:24:40.412 DATA REST  -2.573  -2.573  -2.573   -0.486  -0.487  -0.484   -2.087  -2.086  -2.088
2026-05-31 12:24:40.422 DATA REST  -0.941  -0.941  -0.941   -0.495  -0.496  -0.494   -0.446  -0.445  -0.448
2026-05-31 12:24:40.432 DATA REST   1.694   1.694   1.694   -0.451  -0.452  -0.450    2.146   2.146   2.144
2026-05-31 12:24:40.442 DATA REST   1.380   1.380   1.380   -0.415  -0.416  -0.413    1.795   1.796   1.794
2026-05-31 12:24:40.452 DATA REST  -1.506  -1.506  -1.506   -0.437  -0.437  -0.435   -1.069  -1.069  -1.071
2026-05-31 12:24:40.462 DATA REST  -4.267  -4.267  -4.267   -0.513  -0.514  -0.512   -3.754  -3.753  -3.755
2026-05-31 12:24:40.472 DATA REST  -4.141  -4.141  -4.141   -0.586  -0.587  -0.584   -3.556  -3.555  -3.557
2026-05-31 12:24:40.482 DATA REST  -1.632  -1.632  -1.632   -0.607  -0.607  -0.605   -1.025  -1.024  -1.026
2026-05-31 12:24:40.492 DATA REST   0.376   0.376   0.376   -0.587  -0.588  -0.586    0.964   0.964   0.962
2026-05-31 12:24:40.502 DATA REST  -0.816  -0.816  -0.816   -0.592  -0.592  -0.590   -0.224  -0.224  -0.226
2026-05-31 12:24:40.512 DATA REST  -3.326  -3.326  -3.326   -0.646  -0.647  -0.645   -2.679  -2.679  -2.681
2026-05-31 12:24:40.522 DATA REST  -3.200  -3.200  -3.200   -0.697  -0.698  -0.696   -2.503  -2.502  -2.504
2026-05-31 12:24:40.532 DATA REST  -3.953  -3.953  -3.953   -0.763  -0.763  -0.761   -3.191  -3.190  -3.192
2026-05-31 12:24:40.542 DATA REST  -6.212  -6.212  -6.212   -0.872  -0.872  -0.870   -5.340  -5.340  -5.342
2026-05-31 12:24:40.552 DATA REST  -7.781  -7.781  -7.781   -1.010  -1.010  -1.008   -6.771  -6.770  -6.772
2026-05-31 12:24:40.562 DATA REST  -5.584  -5.584  -5.584   -1.101  -1.102  -1.100   -4.483  -4.483  -4.485
2026-05-31 12:24:40.597 DATA REST  -3.639  -3.639  -3.639   -1.152  -1.153  -1.151   -2.487  -2.487  -2.489
2026-05-31 12:24:40.607 DATA REST  -1.192  -1.192  -1.192   -1.153  -1.153  -1.152   -0.040  -0.039  -0.041
2026-05-31 12:24:40.617 DATA REST   0.565   0.565   0.565   -1.118  -1.119  -1.117    1.683   1.684   1.682
2026-05-31 12:24:40.627 DATA REST   2.071   2.071   2.071   -1.055  -1.055  -1.053    3.125   3.126   3.124
2026-05-31 12:24:40.637 DATA REST   0.627   0.627   0.627   -1.021  -1.022  -1.020    1.648   1.649   1.647
2026-05-31 12:24:40.647 DATA REST  -0.188  -0.188  -0.188   -1.004  -1.005  -1.003    0.816   0.816   0.815
2026-05-31 12:24:40.657 DATA REST  -0.251  -0.251  -0.251   -0.989  -0.990  -0.988    0.738   0.739   0.737
2026-05-31 12:24:40.667 DATA REST   0.439   0.376   0.376   -0.961  -0.962  -0.961    1.400   1.339   1.337
2026-05-31 12:24:40.677 DATA REST  -1.067  -1.067  -1.067   -0.963  -0.965  -0.963   -0.104  -0.102  -0.104
2026-05-31 12:24:40.687 DATA REST  -2.886  -2.886  -2.886   -1.001  -1.003  -1.001   -1.885  -1.883  -1.885
2026-05-31 12:24:40.697 DATA REST  -4.392  -4.392  -4.392   -1.069  -1.071  -1.069   -3.323  -3.322  -3.323
2026-05-31 12:24:40.707 DATA REST  -5.961  -5.961  -5.961   -1.167  -1.169  -1.167   -4.794  -4.792  -4.794
2026-05-31 12:24:40.717 DATA REST  -5.647  -5.647  -5.647   -1.257  -1.258  -1.257   -4.391  -4.389  -4.390
2026-05-31 12:24:40.727 DATA REST  -4.957  -4.957  -4.957   -1.331  -1.332  -1.331   -3.626  -3.625  -3.626
2026-05-31 12:24:40.737 DATA REST  -4.330  -4.330  -4.330   -1.391  -1.392  -1.391   -2.939  -2.938  -2.939
2026-05-31 12:24:40.747 DATA REST  -4.581  -4.581  -4.581   -1.454  -1.456  -1.455   -3.126  -3.125  -3.126
2026-05-31 12:24:40.757 DATA REST  -4.018  -4.016  -4.016   -1.506  -1.507  -1.506   -2.512  -2.509  -2.510
2026-05-31 12:24:40.767 DATA REST  -2.447  -2.447  -2.447   -1.524  -1.526  -1.525   -0.923  -0.921  -0.923
2026-05-31 12:24:40.777 DATA REST  -0.879  -0.879  -0.879   -1.512  -1.513  -1.512    0.633   0.634   0.633
2026-05-31 12:24:40.787 DATA REST  -0.565  -0.565  -0.565   -1.493  -1.494  -1.493    0.928   0.929   0.928
2026-05-31 12:24:40.797 DATA REST  -1.443  -1.443  -1.443   -1.492  -1.493  -1.492    0.048   0.050   0.048
2026-05-31 12:24:40.807 DATA REST  -5.710  -5.710  -5.710   -1.576  -1.577  -1.576   -4.134  -4.133  -4.134
2026-05-31 12:24:40.817 DATA REST  -6.400  -6.400  -6.400   -1.672  -1.674  -1.673   -4.728  -4.726  -4.728
2026-05-31 12:24:40.827 DATA REST  -5.522  -5.522  -5.522   -1.749  -1.751  -1.750   -3.772  -3.771  -3.772
2026-05-31 12:24:40.837 DATA REST  -3.514  -3.514  -3.514   -1.785  -1.786  -1.785   -1.729  -1.728  -1.729
2026-05-31 12:24:40.847 DATA REST   0.682   0.627   0.627   -1.735  -1.738  -1.737    2.417   2.365   2.364
2026-05-31 12:24:40.857 DATA REST   0.878   0.878   0.878   -1.683  -1.685  -1.684    2.562   2.564   2.563
2026-05-31 12:24:40.867 DATA REST  -0.000  -0.000  -0.000   -1.649  -1.652  -1.651    1.649   1.651   1.650
2026-05-31 12:24:40.877 DATA REST  -1.192  -1.192  -1.192   -1.640  -1.642  -1.641    0.448   0.450   0.449
2026-05-31 12:24:40.887 DATA REST  -1.506  -1.506  -1.506   -1.638  -1.640  -1.639    0.132   0.134   0.133
2026-05-31 12:24:40.897 DATA REST  -1.632  -1.632  -1.632   -1.638  -1.640  -1.639    0.006   0.008   0.007
2026-05-31 12:24:40.907 DATA REST  -0.879  -0.879  -0.879   -1.622  -1.624  -1.623    0.744   0.746   0.745
2026-05-31 12:24:40.917 DATA REST  -1.694  -1.694  -1.694   -1.624  -1.626  -1.625   -0.071  -0.069  -0.070
2026-05-31 12:24:40.927 DATA REST  -2.573  -2.573  -2.573   -1.643  -1.645  -1.644   -0.930  -0.928  -0.929
2026-05-31 12:24:40.937 DATA REST  -5.208  -5.208  -5.208   -1.714  -1.716  -1.715   -3.494  -3.492  -3.493
2026-05-31 12:24:40.947 DATA REST  -5.584  -5.584  -5.584   -1.791  -1.793  -1.792   -3.793  -3.791  -3.792
2026-05-31 12:24:40.957 DATA REST  -4.832  -4.832  -4.832   -1.852  -1.854  -1.853   -2.979  -2.977  -2.978
2026-05-31 12:24:40.967 DATA REST  -4.141  -4.141  -4.141   -1.898  -1.900  -1.899   -2.243  -2.241  -2.242
2026-05-31 12:24:40.977 DATA REST  -2.761  -2.761  -2.761   -1.915  -1.917  -1.916   -0.846  -0.844  -0.845
2026-05-31 12:24:40.987 DATA REST  -1.004  -1.004  -1.004   -1.897  -1.899  -1.898    0.893   0.895   0.894
2026-05-31 12:24:40.997 DATA REST  -1.004  -1.004  -1.004   -1.879  -1.881  -1.880    0.875   0.877   0.876
2026-05-31 12:24:41.007 DATA REST  -2.385  -2.385  -2.385   -1.889  -1.891  -1.890   -0.495  -0.494  -0.494
2026-05-31 12:24:41.017 DATA REST  -5.271  -5.271  -5.271   -1.957  -1.959  -1.958   -3.314  -3.312  -3.313
2026-05-31 12:24:41.027 DATA REST  -3.890  -3.890  -3.890   -1.996  -1.997  -1.996   -1.895  -1.893  -1.894
2026-05-31 12:24:41.037 DATA REST  -4.016  -4.016  -4.016   -2.036  -2.038  -2.037   -1.980  -1.978  -1.979
2026-05-31 12:24:41.047 DATA REST  -4.330  -4.330  -4.330   -2.082  -2.083  -2.083   -2.248  -2.246  -2.247
2026-05-31 12:24:41.057 DATA REST  -4.330  -4.330  -4.330   -2.127  -2.128  -2.128   -2.203  -2.201  -2.202
2026-05-31 12:24:41.067 DATA REST  -3.075  -3.075  -3.075   -2.146  -2.147  -2.147   -0.929  -0.927  -0.928
2026-05-31 12:24:41.102 DATA REST  -2.573  -2.573  -2.573   -2.154  -2.156  -2.155   -0.418  -0.417  -0.418
2026-05-31 12:24:41.112 DATA REST  -3.577  -3.577  -3.577   -2.183  -2.184  -2.184   -1.394  -1.392  -1.393
2026-05-31 12:24:41.122 DATA REST  -3.514  -3.514  -3.514   -2.209  -2.211  -2.210   -1.304  -1.303  -1.304
2026-05-31 12:24:41.132 DATA REST  -2.635  -2.635  -2.635   -2.218  -2.219  -2.219   -0.418  -0.416  -0.417
2026-05-31 12:24:41.142 DATA REST  -1.255  -1.255  -1.255   -2.199  -2.200  -2.199    0.944   0.945   0.944
2026-05-31 12:24:41.152 DATA REST  -1.004  -1.004  -1.004   -2.175  -2.176  -2.175    1.171   1.172   1.171
2026-05-31 12:24:41.162 DATA REST  -1.757  -1.757  -1.757   -2.166  -2.168  -2.167    0.409   0.411   0.410
2026-05-31 12:24:41.172 DATA REST  -1.883  -1.883  -1.883   -2.161  -2.162  -2.161    0.278   0.279   0.279
2026-05-31 12:24:41.182 DATA REST  -1.757  -1.694  -1.694   -2.153  -2.153  -2.152    0.396   0.458   0.458
2026-05-31 12:24:41.192 DATA REST  -2.259  -2.259  -2.259   -2.155  -2.155  -2.154   -0.104  -0.104  -0.105
2026-05-31 12:24:41.202 DATA REST  -2.635  -2.635  -2.635   -2.164  -2.164  -2.164   -0.471  -0.471  -0.472
2026-05-31 12:24:41.212 DATA REST  -3.388  -3.388  -3.388   -2.189  -2.189  -2.188   -1.199  -1.200  -1.200
2026-05-31 12:24:41.222 DATA REST  -3.702  -3.702  -3.702   -2.219  -2.219  -2.219   -1.483  -1.483  -1.484
2026-05-31 12:24:41.232 DATA REST  -4.141  -4.141  -4.141   -2.258  -2.258  -2.257   -1.884  -1.884  -1.884
2026-05-31 12:24:41.242 DATA REST  -4.330  -4.330  -4.330   -2.299  -2.299  -2.299   -2.031  -2.031  -2.031
2026-05-31 12:24:41.252 DATA REST  -4.016  -4.016  -4.016   -2.333  -2.333  -2.333   -1.682  -1.682  -1.683
2026-05-31 12:24:41.262 DATA REST  -2.573  -2.573  -2.573   -2.338  -2.338  -2.338   -0.235  -0.235  -0.235
2026-05-31 12:24:41.272 DATA REST  -2.573  -3.388  -3.388   -2.343  -2.359  -2.359   -0.230  -1.029  -1.030
2026-05-31 12:24:41.282 DATA REST  -3.263  -3.263  -3.263   -2.361  -2.377  -2.377   -0.902  -0.886  -0.886
2026-05-31 12:24:41.292 DATA REST  -2.259  -2.259  -2.259   -2.359  -2.375  -2.374    0.100   0.116   0.115
2026-05-31 12:24:41.302 DATA REST  -1.569  -1.569  -1.569   -2.343  -2.359  -2.358    0.775   0.790   0.789
2026-05-31 12:24:41.312 DATA REST  -2.071  -2.071  -2.071   -2.338  -2.353  -2.353    0.267   0.282   0.282
2026-05-31 12:24:41.322 DATA REST  -2.761  -2.761  -2.761   -2.346  -2.361  -2.361   -0.415  -0.400  -0.400
2026-05-31 12:24:41.332 DATA REST  -2.761  -2.761  -2.761   -2.355  -2.369  -2.369   -0.406  -0.392  -0.392
2026-05-31 12:24:41.342 DATA REST  -3.075  -3.075  -3.075   -2.369  -2.383  -2.383   -0.706  -0.691  -0.692
2026-05-31 12:24:41.352 DATA REST  -2.761  -2.761  -2.761   -2.377  -2.391  -2.390   -0.384  -0.370  -0.371
2026-05-31 12:24:41.362 DATA REST  -1.948  -1.945  -1.945   -2.368  -2.382  -2.382    0.421   0.437   0.436
2026-05-31 12:24:41.372 DATA REST  -1.130  -1.130  -1.130   -2.344  -2.357  -2.356    1.214   1.227   1.227
2026-05-31 12:24:41.382 DATA REST  -0.690  -0.690  -0.690   -2.311  -2.324  -2.323    1.620   1.633   1.633
2026-05-31 12:24:41.392 DATA REST  -0.314  -0.314  -0.314   -2.271  -2.283  -2.283    1.957   1.969   1.969
2026-05-31 12:24:41.402 DATA REST  -0.565  -0.565  -0.565   -2.237  -2.249  -2.249    1.672   1.684   1.684
2026-05-31 12:24:41.412 DATA REST  -2.322  -2.322  -2.322   -2.238  -2.250  -2.250   -0.084  -0.071  -0.072
2026-05-31 12:24:41.422 DATA REST  -3.765  -3.765  -3.765   -2.269  -2.281  -2.280   -1.496  -1.484  -1.485
2026-05-31 12:24:41.432 DATA REST  -4.581  -4.581  -4.581   -2.315  -2.327  -2.326   -2.266  -2.254  -2.254
2026-05-31 12:24:41.442 DATA REST  -4.267  -4.267  -4.267   -2.354  -2.366  -2.365   -1.913  -1.901  -1.902
2026-05-31 12:24:41.452 DATA REST  -4.455  -4.455  -4.455   -2.396  -2.407  -2.407   -2.059  -2.048  -2.048
2026-05-31 12:24:41.462 DATA REST  -4.769  -4.769  -4.769   -2.443  -2.455  -2.454   -2.325  -2.314  -2.315
2026-05-31 12:24:41.472 DATA REST  -4.518  -4.518  -4.518   -2.485  -2.496  -2.495   -2.033  -2.022  -2.022
2026-05-31 12:24:41.482 DATA REST  -3.702  -3.702  -3.702   -2.509  -2.520  -2.520   -1.193  -1.182  -1.183
2026-05-31 12:24:41.492 DATA REST  -3.200  -3.200  -3.200   -2.523  -2.534  -2.533   -0.677  -0.667  -0.667
2026-05-31 12:24:41.502 DATA REST  -2.447  -2.447  -2.447   -2.522  -2.532  -2.532    0.074   0.085   0.084
2026-05-31 12:24:41.512 DATA REST  -2.196  -2.196  -2.196   -2.515  -2.525  -2.525    0.319   0.329   0.329
2026-05-31 12:24:41.522 DATA REST  -2.134  -2.134  -2.134   -2.507  -2.517  -2.517    0.374   0.384   0.383
2026-05-31 12:24:41.532 DATA REST  -1.694  -1.694  -1.694   -2.491  -2.501  -2.501    0.797   0.806   0.806
2026-05-31 12:24:41.533 PROMPT shake_start cycle=10
2026-05-31 12:24:41.567 DATA SHAKE   0.125   0.125   0.125   -2.439  -2.448  -2.448    2.564   2.574   2.573
2026-05-31 12:24:41.577 DATA SHAKE  -0.628  -0.628  -0.628   -2.403  -2.412  -2.412    1.775   1.784   1.784
2026-05-31 12:24:41.587 DATA SHAKE  -1.883  -1.883  -1.883   -2.392  -2.401  -2.401    0.510   0.519   0.518
2026-05-31 12:24:41.597 DATA SHAKE  -2.949  -2.949  -2.949   -2.403  -2.412  -2.412   -0.546  -0.537  -0.537
2026-05-31 12:24:41.607 DATA SHAKE  -3.326  -3.326  -3.201   -2.422  -2.431  -2.428   -0.904  -0.895  -0.773
2026-05-31 12:24:41.617 DATA SHAKE  -3.012  -3.012  -3.012   -2.434  -2.442  -2.439   -0.578  -0.570  -0.573
2026-05-31 12:24:41.627 DATA SHAKE  -3.702  -3.702  -3.702   -2.459  -2.467  -2.465   -1.243  -1.235  -1.237
2026-05-31 12:24:41.637 DATA SHAKE  -5.584  -5.584  -5.584   -2.522  -2.530  -2.527   -3.063  -3.055  -3.057
2026-05-31 12:24:41.647 DATA SHAKE  -6.965  -6.965  -6.965   -2.610  -2.618  -2.616   -4.354  -4.346  -4.349
2026-05-31 12:24:41.657 DATA SHAKE  -7.969  -7.969  -7.969   -2.718  -2.725  -2.723   -5.251  -5.243  -5.246
2026-05-31 12:24:41.667 DATA SHAKE  -7.781  -7.781  -7.781   -2.819  -2.827  -2.824   -4.962  -4.954  -4.956
2026-05-31 12:24:41.677 DATA SHAKE  -6.212  -6.212  -6.212   -2.887  -2.894  -2.892   -3.325  -3.318  -3.320
2026-05-31 12:24:41.687 DATA SHAKE  -3.639  -3.639  -3.639   -2.902  -2.909  -2.907   -0.738  -0.730  -0.733
2026-05-31 12:24:41.697 DATA SHAKE  -1.130  -1.130   0.816   -2.866  -2.874  -2.832    1.737   1.744   3.648
2026-05-31 12:24:41.707 DATA SHAKE   2.133   2.133   2.133   -2.766  -2.773  -2.733    4.900   4.907   4.866
2026-05-31 12:24:41.717 DATA SHAKE   2.322   2.322   2.322   -2.665  -2.671  -2.632    4.986   4.993   4.953
2026-05-31 12:24:41.727 DATA SHAKE   1.255   1.255   1.255   -2.586  -2.593  -2.554    3.841   3.848   3.809
2026-05-31 12:24:41.737 DATA SHAKE  -0.502  -0.502  -0.502   -2.544  -2.551  -2.513    2.042   2.049   2.011
2026-05-31 12:24:41.747 DATA SHAKE  -4.518  -4.518  -4.518   -2.584  -2.590  -2.553   -1.934  -1.927  -1.965
2026-05-31 12:24:41.757 DATA SHAKE  -4.581  -4.581  -4.581   -2.624  -2.630  -2.594   -1.957  -1.950  -1.987
2026-05-31 12:24:41.767 DATA SHAKE  -3.200  -3.200  -3.200   -2.635  -2.642  -2.606   -0.565  -0.559  -0.594
2026-05-31 12:24:41.777 DATA SHAKE  -1.192  -1.192  -1.192   -2.607  -2.613  -2.578    1.414   1.420   1.385
2026-05-31 12:24:41.787 DATA SHAKE   1.192   1.192   1.694   -2.531  -2.537  -2.492    3.723   3.729   4.186
2026-05-31 12:24:41.797 DATA SHAKE   0.314   0.314   0.314   -2.474  -2.480  -2.436    2.787   2.793   2.750
2026-05-31 12:24:41.807 DATA SHAKE  -2.196  -2.196  -2.196   -2.468  -2.474  -2.431    0.272   0.278   0.235
2026-05-31 12:24:41.817 DATA SHAKE  -3.639  -3.639  -3.639   -2.492  -2.497  -2.455   -1.148  -1.142  -1.184
2026-05-31 12:24:41.827 DATA SHAKE  -3.890  -3.890  -3.890   -2.520  -2.525  -2.484   -1.371  -1.365  -1.406
2026-05-31 12:24:41.837 DATA SHAKE  -2.635  -2.635  -2.635   -2.522  -2.527  -2.487   -0.114  -0.108  -0.148
2026-05-31 12:24:41.847 DATA SHAKE  -2.134  -2.134  -2.134   -2.514  -2.519  -2.480    0.381   0.386   0.347
2026-05-31 12:24:41.857 DATA SHAKE  -3.388  -3.388  -3.388   -2.532  -2.537  -2.498   -0.857  -0.852  -0.890
2026-05-31 12:24:41.867 DATA SHAKE  -5.835  -5.835  -5.835   -2.598  -2.603  -2.565   -3.238  -3.233  -3.270
2026-05-31 12:24:41.877 DATA SHAKE  -7.467   7.346   7.341   -2.695  -2.404  -2.367   -4.772   9.750   9.708
2026-05-31 12:24:41.887 DATA SHAKE   7.655   7.655   7.655   -2.488  -2.203  -2.166   10.143   9.857   9.821
2026-05-31 12:24:41.897 DATA SHAKE  -6.777  -6.777  -6.777   -2.574  -2.294  -2.259   -4.203  -4.482  -4.518
2026-05-31 12:24:41.907 DATA SHAKE  -4.455  -4.455  -4.455   -2.611  -2.337  -2.303   -1.844  -2.118  -2.152
2026-05-31 12:24:41.917 DATA SHAKE  -2.259  -2.259  -2.259   -2.604  -2.336  -2.302    0.345   0.077   0.043
2026-05-31 12:24:41.927 DATA SHAKE   0.125   0.125   0.125   -2.550  -2.287  -2.253    2.675   2.412   2.379
2026-05-31 12:24:41.937 DATA SHAKE   0.251   0.251   0.251   -2.494  -2.236  -2.203    2.745   2.487   2.454
2026-05-31 12:24:41.947 DATA SHAKE  -0.502  -0.502  -0.502   -2.454  -2.201  -2.169    1.952   1.699   1.667
2026-05-31 12:24:41.957 DATA SHAKE  -2.196  -2.196  -2.196   -2.449  -2.201  -2.170    0.253   0.005  -0.027
2026-05-31 12:24:41.967 DATA SHAKE  -3.639  -3.827  -3.828   -2.473  -2.234  -2.203   -1.167  -1.593  -1.625
2026-05-31 12:24:41.977 DATA SHAKE  -5.835  -5.835  -5.835   -2.540  -2.306  -2.275   -3.296  -3.530  -3.560
2026-05-31 12:24:41.987 DATA SHAKE   7.467   7.467   7.467   -2.340  -2.110  -2.081    9.806   9.577   9.547
2026-05-31 12:24:41.997 DATA SHAKE  -6.588  -6.588  -6.588   -2.425  -2.200  -2.171   -4.164  -4.389  -4.418
2026-05-31 12:24:42.007 DATA SHAKE  -4.957  -4.957  -4.957   -2.475  -2.255  -2.226   -2.482  -2.702  -2.731
2026-05-31 12:24:42.017 DATA SHAKE  -2.698  -2.698  -2.698   -2.480  -2.264  -2.236   -0.218  -0.435  -0.462
2026-05-31 12:24:42.027 DATA SHAKE  -1.694  -1.694  -1.694   -2.464  -2.252  -2.225    0.770   0.558   0.531
2026-05-31 12:24:42.037 DATA SHAKE   0.878   0.878   0.878   -2.397  -2.190  -2.163    3.276   3.068   3.041
2026-05-31 12:24:42.072 DATA SHAKE   2.196   2.196   2.196   -2.305  -2.102  -2.076    4.501   4.298   4.272
2026-05-31 12:24:42.082 DATA SHAKE   7.843   7.843   7.843   -2.102  -1.903  -1.877    9.945   9.746   9.720
2026-05-31 12:24:42.092 DATA SHAKE  -7.843  -7.843  -7.843   -2.217  -2.022  -1.997   -5.626  -5.821  -5.846
2026-05-31 12:24:42.102 DATA SHAKE  -5.961  -5.961  -5.961   -2.292  -2.101  -2.076   -3.669  -3.860  -3.885
2026-05-31 12:24:42.112 DATA SHAKE  -6.463  -6.463  -6.463   -2.376  -2.188  -2.164   -4.087  -4.275  -4.299
2026-05-31 12:24:42.122 DATA SHAKE  -2.196  -2.196  -2.196   -2.372  -2.188  -2.164    0.176  -0.008  -0.032
2026-05-31 12:24:42.132 DATA SHAKE  -3.075  -3.075  -3.075   -2.386  -2.206  -2.183   -0.689  -0.869  -0.892
2026-05-31 12:24:42.142 DATA SHAKE  -5.208  -5.208  -5.208   -2.442  -2.266  -2.243   -2.766  -2.942  -2.965
2026-05-31 12:24:42.152 DATA SHAKE   2.259   2.259   2.259   -2.348  -2.175  -2.153    4.607   4.434   4.412
2026-05-31 12:24:42.162 DATA SHAKE   7.592   7.592   7.592   -2.150  -1.980  -1.958    9.742   9.572   9.550
2026-05-31 12:24:42.172 DATA SHAKE  -3.075  -3.075  -3.075   -2.168  -2.002  -1.981   -0.907  -1.073  -1.094
2026-05-31 12:24:42.182 DATA SHAKE   1.631   1.631   1.631   -2.092  -1.929  -1.908    3.723   3.561   3.540
2026-05-31 12:24:42.192 DATA SHAKE  -4.455  -4.455  -4.455   -2.139  -1.980  -1.959   -2.316  -2.475  -2.496
2026-05-31 12:24:42.202 DATA SHAKE   6.525   6.525   6.525   -1.966  -1.810  -1.790    8.491   8.335   8.315
2026-05-31 12:24:42.212 DATA SHAKE  -5.396  -5.396  -5.396   -2.035  -1.881  -1.862   -3.362  -3.515  -3.535
2026-05-31 12:24:42.222 DATA SHAKE  -3.012  -3.012  -3.012   -2.054  -1.904  -1.885   -0.958  -1.108  -1.127
2026-05-31 12:24:42.232 DATA SHAKE   4.894   4.894   4.894   -1.915  -1.768  -1.749    6.809   6.662   6.643
2026-05-31 12:24:42.242 DATA SHAKE   4.204   4.204   4.204   -1.793  -1.649  -1.630    5.997   5.852   5.834
2026-05-31 12:24:42.252 DATA SHAKE   7.027   7.027   7.027   -1.616  -1.475  -1.457    8.644   8.502   8.484
2026-05-31 12:24:42.262 DATA SHAKE  -7.090  -7.090  -7.090   -1.726  -1.587  -1.570   -5.364  -5.503  -5.521
2026-05-31 12:24:42.272 DATA SHAKE  -7.969  -7.969  -7.969   -1.851  -1.715  -1.698   -6.118  -6.254  -6.271
2026-05-31 12:24:42.282 DATA SHAKE   4.204   4.204   4.204   -1.730  -1.597  -1.580    5.934   5.801   5.783
2026-05-31 12:24:42.292 DATA SHAKE   5.961   5.961   5.961   -1.576  -1.446  -1.429    7.537   7.406   7.389
2026-05-31 12:24:42.302 DATA SHAKE   7.341   7.341   7.341   -1.398  -1.270  -1.253    8.739   8.611   8.594
2026-05-31 12:24:42.312 DATA SHAKE  -3.451  -3.451  -3.451   -1.439  -1.313  -1.297   -2.013  -2.138  -2.154
2026-05-31 12:24:42.322 DATA SHAKE   7.278   7.278   7.278   -1.264  -1.142  -1.126    8.543   8.420   8.404
2026-05-31 12:24:42.332 DATA SHAKE  -7.781  -7.781  -7.781   -1.395  -1.274  -1.259   -6.386  -6.506  -6.522
2026-05-31 12:24:42.342 DATA SHAKE  -6.086  -6.086  -6.086   -1.488  -1.371  -1.355   -4.598  -4.716  -4.731
2026-05-31 12:24:42.352 DATA SHAKE  -4.330  -4.330  -4.330   -1.545  -1.430  -1.415   -2.784  -2.900  -2.915
2026-05-31 12:24:42.362 DATA SHAKE   4.706   4.706   4.706   -1.420  -1.307  -1.292    6.126   6.013   5.998
2026-05-31 12:24:42.372 DATA SHAKE  -0.377  -0.377  -0.377   -1.399  -1.288  -1.274    1.023   0.912   0.897
2026-05-31 12:24:42.382 DATA SHAKE   1.318   1.318   1.318   -1.345  -1.236  -1.222    2.663   2.554   2.540
2026-05-31 12:24:42.392 DATA SHAKE   3.263   3.263   6.888   -1.253  -1.146  -1.060    4.516   4.409   7.948
2026-05-31 12:24:42.402 DATA SHAKE   3.263   3.263   3.263   -1.163  -1.058  -0.974    4.425   4.321   4.236
2026-05-31 12:24:42.412 DATA SHAKE   1.882   1.882   1.882   -1.102  -0.999  -0.917    2.984   2.882   2.799
2026-05-31 12:24:42.422 DATA SHAKE   3.200   3.200   3.200   -1.016  -0.915  -0.834    4.216   4.115   4.034
2026-05-31 12:24:42.432 DATA SHAKE  -6.777  -6.777  -6.777   -1.131  -1.033  -0.953   -5.646  -5.744  -5.824
2026-05-31 12:24:42.442 DATA SHAKE   0.565   0.565   0.565   -1.097  -1.001  -0.923    1.662   1.565   1.487
2026-05-31 12:24:42.452 DATA SHAKE  -3.388  -3.388  -3.388   -1.143  -1.048  -0.972   -2.246  -2.340  -2.416
2026-05-31 12:24:42.462 DATA SHAKE   6.588   6.588   6.588   -0.988  -0.896  -0.821    7.576   7.484   7.409
2026-05-31 12:24:42.472 DATA SHAKE  -0.439  -0.439  -0.439   -0.977  -0.887  -0.813    0.538   0.447   0.374
2026-05-31 12:24:42.482 DATA SHAKE   1.506   1.506   0.506   -0.928  -0.839  -0.787    2.433   2.345   1.293
2026-05-31 12:24:42.492 DATA SHAKE  -3.828  -3.828  -3.828   -0.986  -0.898  -0.848   -2.842  -2.929  -2.980
2026-05-31 12:24:42.502 DATA SHAKE   2.259   2.259   2.259   -0.921  -0.835  -0.786    3.179   3.094   3.044
2026-05-31 12:24:42.512 DATA SHAKE   6.651   6.651   6.651   -0.769  -0.686  -0.637    7.420   7.336   7.288
2026-05-31 12:24:42.522 DATA SHAKE  -6.149  -6.149  -6.149   -0.877  -0.795  -0.747   -5.272  -5.354  -5.402
2026-05-31 12:24:42.532 DATA SHAKE   1.506   1.506   1.506   -0.829  -0.749  -0.702    2.335   2.255   2.208
2026-05-31 12:24:42.542 DATA SHAKE  -6.902  -6.902  -6.902   -0.951  -0.872  -0.826   -5.951  -6.030  -6.076
2026-05-31 12:24:42.577 DATA SHAKE   5.835   5.835   5.835   -0.815  -0.738  -0.693    6.650   6.573   6.528
2026-05-31 12:24:42.587 DATA SHAKE   4.078   4.078   4.078   -0.717  -0.641  -0.597    4.795   4.720   4.676
2026-05-31 12:24:42.597 DATA SHAKE   3.827   3.827   3.827   -0.626  -0.552  -0.509    4.454   4.379   4.336
2026-05-31 12:24:42.607 DATA SHAKE   4.267   4.267   4.267   -0.528  -0.456  -0.413    4.795   4.722   4.680
2026-05-31 12:24:42.617 DATA SHAKE   2.823   2.823   2.823   -0.461  -0.390  -0.349    3.285   3.214   3.172
2026-05-31 12:24:42.627 DATA SHAKE  -5.208  -5.208  -5.208   -0.556  -0.486  -0.446   -4.652  -4.722  -4.762
2026-05-31 12:24:42.637 DATA SHAKE  -5.333  -5.333  -5.333   -0.652  -0.583  -0.544   -4.682  -4.750  -4.790
2026-05-31 12:24:42.647 DATA SHAKE   3.953   3.953   3.953   -0.560  -0.493  -0.454    4.513   4.446   4.406
2026-05-31 12:24:42.657 DATA SHAKE   0.063   0.063   0.063   -0.547  -0.482  -0.443    0.610   0.544   0.506
2026-05-31 12:24:42.667 DATA SHAKE   5.647   5.647   5.647   -0.423  -0.359  -0.321    6.070   6.006   5.968
2026-05-31 12:24:42.677 DATA SHAKE   2.635   2.635   2.635   -0.362  -0.299  -0.262    2.997   2.934   2.898
2026-05-31 12:24:42.687 DATA SHAKE   2.510   2.510   2.510   -0.305  -0.243  -0.207    2.814   2.753   2.717
2026-05-31 12:24:42.697 DATA SHAKE   3.953   3.953   3.953   -0.220  -0.159  -0.124    4.172   4.112   4.077
2026-05-31 12:24:42.707 DATA SHAKE   4.141   4.141   4.141   -0.132  -0.073  -0.038    4.273   4.214   4.180
2026-05-31 12:24:42.717 DATA SHAKE  -2.698  -2.698  -2.698   -0.184  -0.126  -0.092   -2.515  -2.573  -2.607
2026-05-31 12:24:42.727 DATA SHAKE   7.404   7.404   7.404   -0.032   0.025   0.058    7.436   7.379   7.346
2026-05-31 12:24:42.737 DATA SHAKE  -6.086  -6.086  -6.086   -0.153  -0.097  -0.065   -5.933  -5.989  -6.022
2026-05-31 12:24:42.747 DATA SHAKE  -0.063  -0.063  -0.063   -0.151  -0.097  -0.065    0.088   0.034   0.002
2026-05-31 12:24:42.757 DATA SHAKE  -5.773  -5.773  -5.773   -0.264  -0.210  -0.179   -5.509  -5.563  -5.594
2026-05-31 12:24:42.767 DATA SHAKE  -0.816  -0.816  -0.816   -0.275  -0.222  -0.191   -0.541  -0.594  -0.624
2026-05-31 12:24:42.777 DATA SHAKE   0.627   0.627   0.627   -0.257  -0.205  -0.175    0.884   0.833   0.803
2026-05-31 12:24:42.787 DATA SHAKE   1.694   1.694   1.694   -0.218  -0.167  -0.138    1.912   1.861   1.832
2026-05-31 12:24:42.797 DATA SHAKE  -4.016  -4.016  -4.016   -0.294  -0.244  -0.215   -3.722  -3.772  -3.801
2026-05-31 12:24:42.807 DATA SHAKE  -1.067  -1.067  -1.067   -0.309  -0.261  -0.232   -0.758  -0.806  -0.835
2026-05-31 12:24:42.817 DATA SHAKE   4.078   4.078   4.078   -0.221  -0.174  -0.146    4.300   4.252   4.224
2026-05-31 12:24:42.827 DATA SHAKE  -5.773  -5.773  -5.773   -0.332  -0.286  -0.259   -5.440  -5.487  -5.514
2026-05-31 12:24:42.837 DATA SHAKE   2.635   2.635   2.635   -0.273  -0.227  -0.201    2.908   2.863   2.836
2026-05-31 12:24:42.847 DATA SHAKE  -1.130  -1.130  -1.130   -0.290  -0.245  -0.219   -0.840  -0.884  -0.910
2026-05-31 12:24:42.857 DATA SHAKE   4.141   4.141   4.141   -0.201  -0.158  -0.132    4.343   4.299   4.273
2026-05-31 12:24:42.867 DATA SHAKE  -0.816  -0.816  -0.816   -0.214  -0.171  -0.146   -0.602  -0.645  -0.670
2026-05-31 12:24:42.877 DATA SHAKE   4.016   4.016   4.016   -0.129  -0.087  -0.063    4.145   4.103   4.078
2026-05-31 12:24:42.887 DATA SHAKE   6.149   6.149   6.149   -0.004   0.038   0.062    6.153   6.111   6.087
2026-05-31 12:24:42.897 DATA SHAKE   7.529   7.529   7.529    0.147   0.187   0.211    7.382   7.342   7.318
2026-05-31 12:24:42.907 DATA SHAKE   6.337   6.337   6.337    0.271   0.310   0.334    6.066   6.027   6.004
2026-05-31 12:24:42.917 DATA SHAKE   1.318   1.318   1.318    0.292   0.331   0.353    1.026   0.987   0.964
2026-05-31 12:24:42.927 DATA SHAKE  -3.953  -3.953  -3.953    0.207   0.245   0.267   -4.160  -4.198  -4.220
2026-05-31 12:24:42.937 DATA SHAKE  -3.639  -3.639  -3.639    0.130   0.167   0.189   -3.769  -3.807  -3.828
2026-05-31 12:24:42.947 DATA SHAKE  -7.028  -7.028  -7.028   -0.013   0.023   0.045   -7.014  -7.051  -7.072
2026-05-31 12:24:42.957 DATA SHAKE   5.396   5.396   5.396    0.095   0.131   0.152    5.301   5.265   5.244
2026-05-31 12:24:42.967 DATA SHAKE  -6.839  -6.839  -6.839   -0.044  -0.009   0.012   -6.796  -6.831  -6.851
2026-05-31 12:24:42.977 DATA SHAKE   6.400   6.400   6.400    0.085   0.120   0.140    6.315   6.280   6.260
2026-05-31 12:24:42.987 DATA SHAKE   2.196   2.196   2.196    0.127   0.161   0.181    2.069   2.035   2.015
2026-05-31 12:24:42.997 DATA SHAKE   3.890   3.890   3.890    0.203   0.236   0.255    3.688   3.654   3.635
2026-05-31 12:24:43.007 DATA SHAKE   4.831   4.831   4.831    0.295   0.328   0.346    4.536   4.504   4.485
2026-05-31 12:24:43.017 DATA SHAKE   1.004   1.004   1.004    0.309   0.341   0.360    0.695   0.663   0.644
2026-05-31 12:24:43.027 DATA SHAKE   3.325   3.325   3.325    0.370   0.401   0.419    2.956   2.925   2.907
2026-05-31 12:24:43.037 DATA SHAKE   1.757   1.757   1.757    0.397   0.428   0.446    1.359   1.329   1.311
2026-05-31 12:24:43.047 DATA SHAKE  -7.906  -7.906  -7.906    0.231   0.261   0.279   -8.137  -8.167  -8.185
2026-05-31 12:24:43.082 DATA SHAKE  -5.710  -5.710  -5.710    0.113   0.142   0.159   -5.823  -5.852  -5.869
2026-05-31 12:24:43.092 DATA SHAKE   6.839   6.839   6.839    0.247   0.276   0.292    6.592   6.563   6.547
2026-05-31 12:24:43.102 DATA SHAKE   5.835   5.835   5.835    0.359   0.387   0.403    5.476   5.448   5.432
2026-05-31 12:24:43.112 DATA SHAKE   4.329   4.892   4.894    0.438   0.477   0.493    3.891   4.415   4.401
2026-05-31 12:24:43.122 DATA SHAKE  -3.263  -3.263  -3.263    0.364   0.402   0.418   -3.627  -3.665  -3.681
2026-05-31 12:24:43.132 DATA SHAKE   7.592   7.592   7.592    0.509   0.546   0.562    7.083   7.046   7.031
2026-05-31 12:24:43.142 DATA SHAKE   4.769   4.769   4.769    0.594   0.630   0.646    4.175   4.138   4.123
2026-05-31 12:24:43.152 DATA SHAKE   4.957   4.957   4.957    0.681   0.717   0.732    4.276   4.240   4.225
2026-05-31 12:24:43.162 DATA SHAKE   0.125   0.125   0.125    0.670   0.705   0.720   -0.545  -0.580  -0.594
2026-05-31 12:24:43.172 DATA SHAKE   4.267   4.267   4.267    0.742   0.776   0.791    3.525   3.490   3.476
2026-05-31 12:24:43.182 DATA SHAKE   3.514   3.514   3.514    0.797   0.831   0.845    2.716   2.683   2.669
2026-05-31 12:24:43.192 DATA SHAKE   4.518   4.518   4.518    0.872   0.905   0.919    3.646   3.613   3.599
2026-05-31 12:24:43.202 DATA SHAKE   1.380   6.068   6.086    0.882   1.008   1.022    0.498   5.060   5.064
2026-05-31 12:24:43.212 DATA SHAKE  -3.765  -3.765  -3.765    0.789   0.913   0.926   -4.554  -4.678  -4.691
2026-05-31 12:24:43.222 DATA SHAKE   7.906   7.906   7.906    0.931   1.053   1.066    6.974   6.853   6.840
2026-05-31 12:24:43.232 DATA SHAKE   4.204   4.204   4.204    0.997   1.116   1.129    3.207   3.088   3.075
2026-05-31 12:24:43.242 DATA SHAKE  -1.757  -1.757  -1.757    0.942   1.058   1.071   -2.699  -2.815  -2.828
2026-05-31 12:24:43.252 DATA SHAKE   0.063   0.063   0.063    0.924   1.038   1.051   -0.861  -0.975  -0.988
2026-05-31 12:24:43.262 DATA SHAKE  -7.655  -7.655  -7.655    0.753   0.864   0.877   -8.408  -8.519  -8.532
2026-05-31 12:24:43.272 DATA SHAKE  -3.075  -3.075  -3.075    0.676   0.786   0.798   -3.751  -3.860  -3.872
2026-05-31 12:24:43.282 DATA SHAKE  -4.769  -4.769  -4.769    0.567   0.674   0.686   -5.336  -5.443  -5.455
2026-05-31 12:24:43.292 DATA SHAKE   3.137  -1.363  -1.318    0.619   0.634   0.646    2.519  -1.997  -1.964
2026-05-31 12:24:43.302 DATA SHAKE   5.710   5.710   5.710    0.720   0.735   0.747    4.989   4.974   4.962
2026-05-31 12:24:43.312 DATA SHAKE  -6.212  -6.212  -6.212    0.582   0.596   0.608   -6.794  -6.808  -6.820
2026-05-31 12:24:43.322 DATA SHAKE   2.698   2.698   2.698    0.624   0.638   0.650    2.074   2.060   2.048
2026-05-31 12:24:43.332 DATA SHAKE   0.125   0.125   0.125    0.614   0.628   0.640   -0.489  -0.503  -0.514
2026-05-31 12:24:43.342 DATA SHAKE  -0.126  -0.126  -0.126    0.599   0.613   0.624   -0.725  -0.739  -0.750
2026-05-31 12:24:43.352 DATA SHAKE  -6.588  -6.588  -6.588    0.456   0.469   0.480   -7.044  -7.057  -7.068
2026-05-31 12:24:43.362 DATA SHAKE   4.016   4.016   4.016    0.527   0.540   0.551    3.489   3.476   3.465
2026-05-31 12:24:43.372 DATA SHAKE  -4.330  -4.330  -4.330    0.430   0.443   0.453   -4.759  -4.772  -4.783
2026-05-31 12:24:43.382 DATA SHAKE  -4.079  -5.954  -5.961    0.339   0.315   0.325   -4.418  -6.268  -6.286
2026-05-31 12:24:43.392 DATA SHAKE   3.137   3.137   3.137    0.395   0.371   0.381    2.742   2.766   2.756
2026-05-31 12:24:43.402 DATA SHAKE   5.020   5.020   5.020    0.488   0.464   0.474    4.532   4.556   4.546
2026-05-31 12:24:43.412 DATA SHAKE  -1.004  -1.004  -1.004    0.458   0.435   0.444   -1.462  -1.439  -1.448
2026-05-31 12:24:43.422 DATA SHAKE   0.439   0.439   0.439    0.458   0.435   0.444   -0.018   0.004  -0.005
2026-05-31 12:24:43.432 DATA SHAKE  -4.267  -4.267  -4.267    0.363   0.341   0.350   -4.630  -4.608  -4.617
2026-05-31 12:24:43.442 DATA SHAKE  -5.083  -5.083  -5.083    0.254   0.232   0.241   -5.337  -5.315  -5.324
2026-05-31 12:24:43.452 DATA SHAKE   1.443   1.443   1.443    0.278   0.256   0.265    1.165   1.187   1.178
2026-05-31 12:24:43.462 DATA SHAKE  -4.643  -4.643  -4.643    0.180   0.158   0.167   -4.823  -4.802  -4.810
2026-05-31 12:24:43.472 DATA SHAKE   7.278   4.329   4.329    0.322   0.242   0.250    6.957   4.087   4.079
2026-05-31 12:24:43.482 DATA SHAKE  -1.945  -1.945  -1.945    0.276   0.198   0.206   -2.222  -2.143  -2.152
2026-05-31 12:24:43.492 DATA SHAKE   2.322   2.322   2.322    0.317   0.241   0.249    2.004   2.081   2.073
2026-05-31 12:24:43.502 DATA SHAKE   2.071   2.071   2.071    0.352   0.277   0.285    1.718   1.793   1.785
2026-05-31 12:24:43.512 DATA SHAKE   7.090   7.090   7.090    0.487   0.413   0.421    6.603   6.677   6.669
2026-05-31 12:24:43.522 DATA SHAKE   0.690   0.690   0.690    0.491   0.419   0.427    0.199   0.271   0.263
2026-05-31 12:24:43.532 DATA SHAKE  -1.255  -1.255  -1.255    0.456   0.386   0.393   -1.711  -1.641  -1.648
2026-05-31 12:24:43.542 DATA SHAKE  -1.945  -1.945  -1.945    0.408   0.339   0.346   -2.353  -2.284  -2.292
2026-05-31 12:24:43.543 PROMPT rest_start cycle=10
2026-05-31 12:24:43.577 DATA REST   2.949   2.949   2.949    0.459   0.391   0.398    2.490   2.558   2.551
2026-05-31 12:24:43.587 DATA REST  -4.894  -4.894  -4.894    0.352   0.285   0.292   -5.246  -5.180  -5.187
2026-05-31 12:24:43.597 DATA REST  -6.400  -6.400  -6.400    0.217   0.152   0.159   -6.617  -6.552  -6.559
2026-05-31 12:24:43.607 DATA REST  -0.565  -0.565  -0.565    0.201   0.137   0.144   -0.766  -0.702  -0.709
2026-05-31 12:24:43.617 DATA REST  -4.706  -4.706  -4.706    0.103   0.040   0.047   -4.809  -4.747  -4.753
2026-05-31 12:24:43.627 DATA REST  -5.145  -5.145  -5.145   -0.002  -0.063  -0.057   -5.143  -5.082  -5.089
2026-05-31 12:24:43.637 DATA REST   1.945   1.945   1.945    0.037  -0.023  -0.017    1.908   1.968   1.962
2026-05-31 12:24:43.647 DATA REST   4.894   4.894   4.894    0.134   0.075   0.082    4.760   4.819   4.812
2026-05-31 12:24:43.657 DATA REST   3.765   3.765   3.765    0.207   0.149   0.155    3.558   3.616   3.609
2026-05-31 12:24:43.667 DATA REST  -0.063  -0.063  -0.063    0.201   0.145   0.151   -0.264  -0.208  -0.214
2026-05-31 12:24:43.677 DATA REST   3.765   3.765   3.765    0.273   0.217   0.223    3.492   3.547   3.542
2026-05-31 12:24:43.687 DATA REST   1.945   1.945   1.945    0.306   0.252   0.258    1.639   1.693   1.687
2026-05-31 12:24:43.697 DATA REST  -1.443  -1.443  -1.443    0.271   0.218   0.224   -1.714  -1.661  -1.667
2026-05-31 12:24:43.707 DATA REST   7.969   7.969   7.969    0.425   0.373   0.378    7.543   7.596   7.590
2026-05-31 12:24:43.717 DATA REST   1.882   1.882   1.882    0.454   0.403   0.409    1.428   1.479   1.474
2026-05-31 12:24:43.727 DATA REST  -2.071  -2.071  -2.071    0.404   0.354   0.359   -2.475  -2.424  -2.430
2026-05-31 12:24:43.737 DATA REST   1.004   1.004   1.004    0.416   0.367   0.372    0.588   0.637   0.632
2026-05-31 12:24:43.747 DATA REST   2.384   2.384   2.384    0.455   0.407   0.412    1.929   1.977   1.972
2026-05-31 12:24:43.757 DATA REST   1.318   1.318   1.318    0.472   0.425   0.430    0.845   0.892   0.887
2026-05-31 12:24:43.767 DATA REST  -5.773  -5.773  -5.773    0.347   0.301   0.306   -6.120  -6.074  -6.079
2026-05-31 12:24:43.777 DATA REST   1.506   1.506   1.506    0.371   0.325   0.330    1.135   1.181   1.176
2026-05-31 12:24:43.787 DATA REST   5.459   5.459   5.459    0.472   0.428   0.433    4.986   5.031   5.026
2026-05-31 12:24:43.797 DATA REST  -7.906  -7.906  -7.906    0.305   0.261   0.266   -8.211  -8.167  -8.172
2026-05-31 12:24:43.807 DATA REST  -6.275  -6.275  -6.275    0.173   0.131   0.135   -6.448  -6.405  -6.410
2026-05-31 12:24:43.817 DATA REST   0.439   0.439   0.439    0.179   0.137   0.141    0.261   0.302   0.298
2026-05-31 12:24:43.827 DATA REST  -3.702  -3.702  -3.702    0.101   0.060   0.064   -3.803  -3.762  -3.766
2026-05-31 12:24:43.837 DATA REST  -4.079  -4.079  -4.079    0.017  -0.023  -0.019   -4.096  -4.056  -4.060
2026-05-31 12:24:43.847 DATA REST  -2.259  -2.259  -2.259   -0.028  -0.068  -0.063   -2.231  -2.192  -2.196
2026-05-31 12:24:43.857 DATA REST  -3.200  -3.200  -3.200   -0.092  -0.130  -0.126   -3.109  -3.070  -3.074
2026-05-31 12:24:43.867 DATA REST  -3.953  -3.953  -3.953   -0.169  -0.207  -0.203   -3.784  -3.746  -3.751
2026-05-31 12:24:43.877 DATA REST  -2.385  -2.385  -2.385   -0.213  -0.250  -0.246   -2.171  -2.134  -2.138
2026-05-31 12:24:43.887 DATA REST  -0.690  -0.690  -0.690   -0.223  -0.259  -0.255   -0.468  -0.431  -0.435
2026-05-31 12:24:43.897 DATA REST  -0.000  -0.000  -0.000   -0.218  -0.254  -0.250    0.218   0.254   0.250
2026-05-31 12:24:43.907 DATA REST  -0.628  -0.628  -0.628   -0.226  -0.261  -0.258   -0.401  -0.366  -0.370
2026-05-31 12:24:43.917 DATA REST   0.502   0.502   0.502   -0.212  -0.246  -0.242    0.714   0.748   0.744
2026-05-31 12:24:43.927 DATA REST   3.702   3.702   3.702   -0.134  -0.167  -0.164    3.836   3.869   3.865
2026-05-31 12:24:43.937 DATA REST   5.772   5.772   5.772   -0.016  -0.048  -0.045    5.788   5.821   5.817
2026-05-31 12:24:43.947 DATA REST  -5.459  -5.459  -5.459   -0.124  -0.157  -0.153   -5.335  -5.302  -5.306
2026-05-31 12:24:43.957 DATA REST  -1.757  -1.757  -1.757   -0.157  -0.189  -0.185   -1.600  -1.569  -1.572
2026-05-31 12:24:43.967 DATA REST   2.510   2.510   2.510   -0.104  -0.135  -0.131    2.613   2.644   2.641
2026-05-31 12:24:43.977 DATA REST   3.451   3.451   3.451   -0.033  -0.063  -0.060    3.484   3.514   3.511
2026-05-31 12:24:43.987 DATA REST   2.510   2.510   1.135    0.018  -0.011  -0.036    2.492   2.521   1.170
2026-05-31 12:24:43.997 DATA REST   2.071   2.071   2.071    0.059   0.030   0.006    2.011   2.040   2.064
2026-05-31 12:24:44.007 DATA REST   4.329   4.329   4.329    0.145   0.116   0.093    4.185   4.213   4.236
2026-05-31 12:24:44.017 DATA REST   6.965   6.965   6.965    0.281   0.253   0.230    6.684   6.711   6.734
2026-05-31 12:24:44.027 DATA REST  -3.828  -3.828  -3.828    0.199   0.172   0.149   -4.027  -3.999  -3.977
2026-05-31 12:24:44.037 DATA REST   1.631   1.631   1.631    0.228   0.201   0.179    1.404   1.431   1.453
2026-05-31 12:24:44.047 DATA REST   1.129   1.129   1.129    0.246   0.219   0.198    0.884   0.910   0.932
2026-05-31 12:24:44.082 DATA REST   4.769   4.769   4.769    0.336   0.310   0.289    4.432   4.458   4.479
2026-05-31 12:24:44.092 DATA REST  -5.083  -5.083  -5.083    0.228   0.202   0.182   -5.310  -5.285  -5.264
2026-05-31 12:24:44.102 DATA REST   4.016   4.016   4.016    0.303   0.279   0.258    3.712   3.737   3.757
2026-05-31 12:24:44.112 DATA REST   7.969   7.969   7.969    0.457   0.433   0.413    7.512   7.536   7.556
2026-05-31 12:24:44.122 DATA REST  -0.377  -0.377  -0.377    0.440   0.416   0.397   -0.817  -0.793  -0.774
2026-05-31 12:24:44.132 DATA REST   0.439   0.439   0.439    0.440   0.417   0.398   -0.001   0.022   0.041
2026-05-31 12:24:44.142 DATA REST  -1.632  -1.632  -1.632    0.399   0.376   0.357   -2.030  -2.007  -1.989
2026-05-31 12:24:44.152 DATA REST  -3.702  -3.702  -3.702    0.317   0.294   0.276   -4.019  -3.996  -3.978
2026-05-31 12:24:44.162 DATA REST   3.012   3.012   3.012    0.371   0.349   0.331    2.641   2.663   2.681
2026-05-31 12:24:44.172 DATA REST  -3.890  -3.890  -3.890    0.285   0.264   0.246   -4.176  -4.154  -4.137
2026-05-31 12:24:44.182 DATA REST   7.153   7.153   7.153    0.423   0.402   0.384    6.730   6.751   6.768
2026-05-31 12:24:44.192 DATA REST   6.023   6.023   6.023    0.535   0.514   0.497    5.489   5.509   5.526
2026-05-31 12:24:44.202 DATA REST  -5.396  -5.396  -5.396    0.416   0.396   0.379   -5.812  -5.792  -5.776
2026-05-31 12:24:44.212 DATA REST   0.878   0.878   0.878    0.425   0.406   0.389    0.453   0.473   0.489
2026-05-31 12:24:44.222 DATA REST  -6.965  -6.965  -6.965    0.277   0.258   0.242   -7.242  -7.223  -7.207
2026-05-31 12:24:44.232 DATA REST  -2.949  -2.949  -2.949    0.213   0.194   0.178   -3.162  -3.143  -3.128
2026-05-31 12:24:44.242 DATA REST   5.271   5.271   5.271    0.314   0.295   0.280    4.956   4.975   4.990
2026-05-31 12:24:44.252 DATA REST  -6.839  -6.839  -6.839    0.171   0.153   0.138   -7.010  -6.992  -6.977
2026-05-31 12:24:44.262 DATA REST  -4.769  -4.769  -4.769    0.072   0.054   0.040   -4.841  -4.823  -4.808
2026-05-31 12:24:44.272 DATA REST   0.753   0.753   0.753    0.086   0.068   0.054    0.667   0.685   0.699
2026-05-31 12:24:44.282 DATA REST   0.878   0.878   0.878    0.102   0.085   0.070    0.777   0.794   0.808
2026-05-31 12:24:44.292 DATA REST  -0.502  -0.502  -0.502    0.090   0.073   0.059   -0.592  -0.575  -0.561
2026-05-31 12:24:44.302 DATA REST   1.882   1.882   1.882    0.125   0.109   0.095    1.757   1.773   1.787
2026-05-31 12:24:44.312 DATA REST   6.965   6.965   6.965    0.262   0.246   0.233    6.702   6.718   6.732
2026-05-31 12:24:44.322 DATA REST  -0.000  -0.000  -0.000    0.257   0.241   0.228   -0.257  -0.241  -0.228
2026-05-31 12:24:44.332 DATA REST  -7.028  -7.028  -7.028    0.111   0.096   0.083   -7.139  -7.123  -7.111
2026-05-31 12:24:44.342 DATA REST  -0.439  -0.439  -0.439    0.100   0.085   0.073   -0.540  -0.525  -0.512
2026-05-31 12:24:44.352 DATA REST   1.506   1.506   1.506    0.128   0.114   0.101    1.377   1.392   1.405
2026-05-31 12:24:44.362 DATA REST  -2.134  -2.134  -2.134    0.083   0.069   0.057   -2.217  -2.202  -2.190
2026-05-31 12:24:44.372 DATA REST  -1.569  -1.569  -1.569    0.050   0.036   0.024   -1.619  -1.605  -1.593
2026-05-31 12:24:44.382 DATA REST   5.208   5.208   5.208    0.153   0.139   0.128    5.054   5.069   5.080
2026-05-31 12:24:44.392 DATA REST  -2.761  -2.761  -2.761    0.095   0.081   0.070   -2.856  -2.842  -2.831
2026-05-31 12:24:44.402 DATA REST   5.772   5.772   5.772    0.209   0.195   0.184    5.564   5.577   5.588
2026-05-31 12:24:44.412 DATA REST   1.192   1.192   1.192    0.228   0.215   0.204    0.964   0.977   0.988
2026-05-31 12:24:44.422 DATA REST   7.341   7.341   7.341    0.370   0.358   0.347    6.971   6.984   6.994
2026-05-31 12:24:44.432 DATA REST   0.753   0.753   0.753    0.378   0.365   0.355    0.375   0.387   0.398
2026-05-31 12:24:44.442 DATA REST  -3.702  -3.702  -3.702    0.297   0.284   0.274   -3.999  -3.986  -3.976
2026-05-31 12:24:44.452 DATA REST   5.647   5.647   5.647    0.404   0.391   0.381    5.243   5.256   5.266
2026-05-31 12:24:44.462 DATA REST  -7.592  -7.592  -7.592    0.244   0.232   0.222   -7.836  -7.824  -7.814
2026-05-31 12:24:44.472 DATA REST   5.898   5.898   5.898    0.357   0.345   0.335    5.541   5.553   5.563
2026-05-31 12:24:44.482 DATA REST   2.886   2.886   2.886    0.407   0.396   0.386    2.479   2.490   2.500
2026-05-31 12:24:44.492 DATA REST  -1.506  -1.506  -1.506    0.369   0.358   0.349   -1.875  -1.864  -1.855
2026-05-31 12:24:44.502 DATA REST  -2.573  -2.573  -2.573    0.310   0.299   0.290   -2.883  -2.872  -2.863
2026-05-31 12:24:44.512 DATA REST   7.090   7.090   7.090    0.446   0.435   0.426    6.644   6.655   6.664
2026-05-31 12:24:44.522 DATA REST  -2.635  -2.635  -2.635    0.384   0.374   0.365   -3.020  -3.009  -3.000
2026-05-31 12:24:44.532 DATA REST   3.137   3.137   3.137    0.439   0.429   0.420    2.698   2.708   2.717
2026-05-31 12:24:44.542 DATA REST  -6.965  -6.965  -6.965    0.291   0.281   0.273   -7.256  -7.246  -7.237
2026-05-31 12:24:44.552 DATA REST   2.510   2.510   2.510    0.336   0.326   0.317    2.174   2.184   2.192
2026-05-31 12:24:44.586 DATA REST  -5.020  -5.020  -5.020    0.228   0.219   0.211   -5.248  -5.238  -5.230
2026-05-31 12:24:44.596 DATA REST  -6.839  -6.839  -6.839    0.087   0.077   0.070   -6.926  -6.917  -6.909
2026-05-31 12:24:44.606 DATA REST   6.400   6.400   6.400    0.213   0.204   0.196    6.187   6.196   6.204
2026-05-31 12:24:44.616 DATA REST   2.008   2.008   2.008    0.249   0.240   0.232    1.759   1.768   1.775
2026-05-31 12:24:44.626 DATA REST  -5.396  -5.396  -5.396    0.136   0.127   0.120   -5.533  -5.524  -5.516
2026-05-31 12:24:44.636 DATA REST  -4.769  -4.769  -4.769    0.038   0.029   0.022   -4.807  -4.798  -4.791
2026-05-31 12:24:44.646 DATA REST  -1.694  -1.694  -1.694    0.004  -0.005  -0.012   -1.698  -1.689  -1.682
2026-05-31 12:24:44.656 DATA REST  -3.890  -3.890  -3.890   -0.074  -0.083  -0.090   -3.816  -3.808  -3.801
2026-05-31 12:24:44.666 DATA REST  -7.467  -7.467   7.467   -0.222  -0.230   0.061   -7.245  -7.236   7.405
2026-05-31 12:24:44.676 DATA REST   6.839   6.839   6.839   -0.081  -0.089   0.197    6.920   6.928   6.642
2026-05-31 12:24:44.686 DATA REST  -5.459  -5.459  -5.459   -0.189  -0.196   0.084   -5.270  -5.262  -5.543
2026-05-31 12:24:44.696 DATA REST   1.380   1.380   1.380   -0.157  -0.165   0.110    1.538   1.545   1.271
2026-05-31 12:24:44.706 DATA REST   7.278   7.278   7.278   -0.008  -0.016   0.253    7.287   7.294   7.025
2026-05-31 12:24:44.716 DATA REST  -2.447  -2.447  -2.447   -0.057  -0.065   0.199   -2.390  -2.383  -2.646
2026-05-31 12:24:44.726 DATA REST  -2.949  -2.949  -2.949   -0.115  -0.122   0.136   -2.834  -2.827  -3.085
2026-05-31 12:24:44.736 DATA REST  -1.255  -1.255  -1.255   -0.138  -0.145   0.108   -1.117  -1.110  -1.363
2026-05-31 12:24:44.746 DATA REST   2.949   2.949   2.949   -0.076  -0.083   0.165    3.025   3.032   2.784
2026-05-31 12:24:44.756 DATA REST   6.086   6.086   6.588    0.047   0.040   0.294    6.039   6.046   6.295
2026-05-31 12:24:44.766 DATA REST   5.208   5.208   5.208    0.150   0.144   0.392    5.057   5.064   4.816
2026-05-31 12:24:44.776 DATA REST   5.208   5.208   5.208    0.251   0.245   0.488    4.956   4.963   4.720
2026-05-31 12:24:44.786 DATA REST   6.588   6.588   6.588    0.378   0.372   0.610    6.210   6.216   5.978
2026-05-31 12:24:44.796 DATA REST  -5.710  -5.710  -5.710    0.256   0.250   0.484   -5.966  -5.960  -6.194
2026-05-31 12:24:44.806 DATA REST   1.192   1.192   1.192    0.275   0.269   0.498    0.917   0.923   0.694
2026-05-31 12:24:44.816 DATA REST   3.514   3.514   3.514    0.340   0.334   0.558    3.174   3.180   2.955
2026-05-31 12:24:44.826 DATA REST   3.953   3.953   3.953    0.412   0.406   0.626    3.541   3.547   3.327
2026-05-31 12:24:44.836 DATA REST   3.514   3.514   3.514    0.474   0.468   0.684    3.039   3.045   2.830
2026-05-31 12:24:44.846 DATA REST   5.835   5.835  -7.341    0.581   0.576   0.523    5.254   5.260  -7.865
2026-05-31 12:24:44.856 DATA REST  -7.843  -7.843  -7.843    0.413   0.407   0.356   -8.256  -8.251  -8.199
2026-05-31 12:24:44.866 DATA REST   5.898   5.898   5.898    0.523   0.517   0.467    5.375   5.381   5.431
2026-05-31 12:24:44.876 DATA REST   5.898   5.898   5.898    0.630   0.625   0.576    5.268   5.273   5.322
2026-05-31 12:24:44.886 DATA REST  -6.902  -6.902  -6.902    0.480   0.474   0.426   -7.382  -7.376  -7.328
2026-05-31 12:24:44.896 DATA REST   1.380   1.380   1.380    0.498   0.492   0.445    0.883   0.888   0.935
2026-05-31 12:24:44.906 DATA REST  -2.635  -2.635  -2.635    0.435   0.430   0.383   -3.070  -3.065  -3.019
2026-05-31 12:24:44.916 DATA REST   0.690   0.690   0.690    0.440   0.435   0.390    0.250   0.255   0.301
2026-05-31 12:24:44.926 DATA REST   6.023   6.023   6.023    0.552   0.547   0.502    5.472   5.477   5.521
2026-05-31 12:24:44.936 DATA REST   3.325   3.325   3.074    0.607   0.602   0.554    2.718   2.723   2.521
2026-05-31 12:24:44.946 DATA REST  -7.153  -7.153  -7.153    0.452   0.447   0.400   -7.605  -7.600  -7.553
2026-05-31 12:24:44.956 DATA REST  -2.196  -2.196  -2.196    0.399   0.394   0.348   -2.595  -2.591  -2.544
2026-05-31 12:24:44.966 DATA REST  -0.000  -0.000  -0.000    0.391   0.386   0.341   -0.391  -0.387  -0.341
2026-05-31 12:24:44.976 DATA REST  -1.757  -1.757  -1.757    0.348   0.344   0.299   -2.105  -2.101  -2.056
2026-05-31 12:24:44.986 DATA REST  -5.647  -5.647  -5.647    0.228   0.224   0.180   -5.875  -5.871  -5.827
2026-05-31 12:24:44.996 DATA REST   5.521   5.521   5.521    0.334   0.330   0.287    5.188   5.192   5.235
2026-05-31 12:24:45.006 DATA REST   3.388   3.388   3.388    0.395   0.391   0.349    2.993   2.997   3.040
2026-05-31 12:24:45.016 DATA REST   4.643   4.643   4.643    0.480   0.476   0.435    4.163   4.167   4.208
2026-05-31 12:24:45.026 DATA REST   5.521   5.521   6.714    0.581   0.577   0.560    4.941   4.945   6.153
2026-05-31 12:24:45.036 DATA REST   3.325   3.325   3.325    0.636   0.632   0.615    2.690   2.694   2.710
2026-05-31 12:24:45.046 DATA REST  -0.690  -0.690  -0.690    0.609   0.605   0.589   -1.300  -1.296  -1.280
2026-05-31 12:24:45.056 DATA REST  -3.765  -3.765  -3.765    0.522   0.518   0.502   -4.287  -4.283  -4.267
2026-05-31 12:24:45.091 DATA REST  -5.396  -5.396  -5.396    0.403   0.400   0.384   -5.800  -5.796  -5.781
2026-05-31 12:24:45.101 DATA REST   7.027   7.027   7.027    0.536   0.532   0.517    6.491   6.495   6.510
2026-05-31 12:24:45.111 DATA REST  -7.153  -7.153  -7.153    0.382   0.379   0.364   -7.535  -7.532  -7.517
2026-05-31 12:24:45.121 DATA REST  -4.706  -4.706  -4.706    0.280   0.277   0.262   -4.986  -4.983  -4.968
2026-05-31 12:24:45.131 DATA REST  -0.502  -0.502  -0.502    0.265   0.261   0.247   -0.767  -0.763  -0.749
2026-05-31 12:24:45.141 DATA REST   1.631   1.631   1.631    0.292   0.289   0.275    1.339   1.343   1.357
2026-05-31 12:24:45.151 DATA REST   4.455   4.455   4.455    0.375   0.372   0.358    4.080   4.083   4.096
2026-05-31 12:24:45.161 DATA REST   5.208   5.208   5.208    0.472   0.469   0.455    4.736   4.739   4.752
2026-05-31 12:24:45.171 DATA REST   7.090   7.090   7.090    0.604   0.601   0.588    6.486   6.489   6.502
2026-05-31 12:24:45.181 DATA REST   7.027   7.027   7.027    0.733   0.730   0.717    6.295   6.298   6.311
2026-05-31 12:24:45.191 DATA REST  -6.651  -6.651  -6.651    0.585   0.582   0.569   -7.236  -7.233  -7.221
2026-05-31 12:24:45.201 DATA REST  -4.518  -4.518  -4.518    0.483   0.480   0.468   -5.001  -4.998  -4.986
2026-05-31 12:24:45.211 DATA REST  -7.969  -7.969  -7.969    0.314   0.311   0.299   -8.283  -8.280  -8.268
2026-05-31 12:24:45.221 DATA REST   0.188   0.188   0.188    0.311   0.309   0.297   -0.123  -0.120  -0.109
2026-05-31 12:24:45.231 DATA REST  -5.271  -5.271  -5.271    0.200   0.197   0.185   -5.471  -5.468  -5.456
2026-05-31 12:24:45.241 DATA REST  -5.208  -5.208  -5.208    0.092   0.089   0.078   -5.300  -5.297  -5.286
2026-05-31 12:24:45.251 DATA REST  -4.079  -4.079  -4.079    0.008   0.006  -0.006   -4.087  -4.084  -4.073
2026-05-31 12:24:45.261 DATA REST  -2.573  -2.573  -2.573   -0.043  -0.046  -0.057   -2.529  -2.527  -2.516
2026-05-31 12:24:45.271 DATA REST  -2.635  -2.635  -2.635   -0.095  -0.098  -0.108   -2.540  -2.538  -2.527
2026-05-31 12:24:45.281 DATA REST  -5.396  -5.396  -5.396   -0.201  -0.204  -0.214   -5.195  -5.192  -5.182
2026-05-31 12:24:45.291 DATA REST  -7.028  -7.028  -7.028   -0.338  -0.340  -0.351   -6.690  -6.687  -6.677
2026-05-31 12:24:45.301 DATA REST   7.655   7.655   7.655   -0.178  -0.180  -0.190    7.833   7.835   7.845
2026-05-31 12:24:45.311 DATA REST   7.404   7.404   7.404   -0.026  -0.029  -0.039    7.430   7.432   7.442
2026-05-31 12:24:45.321 DATA REST  -5.020  -5.020  -5.020   -0.126  -0.128  -0.138   -4.894  -4.891  -4.882
2026-05-31 12:24:45.331 DATA REST  -2.322  -2.322  -2.322   -0.170  -0.172  -0.182   -2.152  -2.149  -2.140
2026-05-31 12:24:45.341 DATA REST  -1.381  -1.381  -1.381   -0.194  -0.197  -0.206   -1.186  -1.184  -1.175
2026-05-31 12:24:45.351 DATA REST  -2.573  -2.573  -2.573   -0.242  -0.244  -0.253   -2.331  -2.329  -2.320
2026-05-31 12:24:45.361 DATA REST  -4.643  -4.643  -4.643   -0.330  -0.332  -0.341   -4.313  -4.311  -4.302
2026-05-31 12:24:45.371 DATA REST   7.592   7.592   7.592   -0.171  -0.174  -0.182    7.763   7.766   7.774
2026-05-31 12:24:45.381 DATA REST   6.776   6.776   6.776   -0.032  -0.035  -0.043    6.809   6.811   6.819
2026-05-31 12:24:45.391 DATA REST   7.969   7.969   7.969    0.128   0.126   0.117    7.841   7.843   7.851
2026-05-31 12:24:45.401 DATA REST  -5.459  -5.459  -5.459    0.016   0.014   0.006   -5.475  -5.473  -5.465
2026-05-31 12:24:45.411 DATA REST  -2.134  -2.134  -2.134   -0.027  -0.029  -0.037   -2.106  -2.104  -2.096
2026-05-31 12:24:45.421 DATA REST  -2.698  -2.698  -2.698   -0.081  -0.082  -0.090   -2.618  -2.616  -2.608
2026-05-31 12:24:45.431 DATA REST  -4.141  -4.141  -4.141   -0.162  -0.164  -0.171   -3.980  -3.978  -3.970
2026-05-31 12:24:45.441 DATA REST  -5.020  -5.020  -5.020   -0.259  -0.261  -0.268   -4.761  -4.759  -4.751
2026-05-31 12:24:45.451 DATA REST  -5.145  -5.145  -5.145   -0.357  -0.358  -0.366   -4.789  -4.787  -4.779
2026-05-31 12:24:45.461 DATA REST  -6.024  -6.024  -6.024   -0.470  -0.472  -0.479   -5.554  -5.552  -5.545
2026-05-31 12:24:45.471 DATA REST  -5.961  -5.961  -5.961   -0.580  -0.582  -0.589   -5.381  -5.379  -5.372
2026-05-31 12:24:45.481 DATA REST  -5.961  -5.961  -5.961   -0.687  -0.689  -0.696   -5.273  -5.272  -5.265
2026-05-31 12:24:45.491 DATA REST  -5.271  -5.271  -5.271   -0.779  -0.781  -0.788   -4.492  -4.490  -4.483
2026-05-31 12:24:45.501 DATA REST  -3.702  -3.702  -3.702   -0.838  -0.839  -0.846   -2.865  -2.863  -2.856
2026-05-31 12:24:45.511 DATA REST  -3.765  -3.765  -3.765   -0.896  -0.898  -0.904   -2.869  -2.867  -2.861
2026-05-31 12:24:45.521 DATA REST  -4.141  -4.141  -4.141   -0.961  -0.963  -0.969   -3.180  -3.179  -3.172
2026-05-31 12:24:45.531 DATA REST  -5.020  -5.020  -5.020   -1.042  -1.044  -1.050   -3.978  -3.976  -3.970
2026-05-31 12:24:45.541 DATA REST  -6.024  -6.024  -6.024   -1.142  -1.143  -1.150   -4.882  -4.880  -4.874
2026-05-31 12:24:45.551 DATA REST  -7.341  -7.341  -7.341   -1.266  -1.267  -1.273   -6.075  -6.074  -6.068
2026-05-31 12:24:45.561 DATA REST  -7.467  -7.467  -7.467   -1.390  -1.391  -1.397   -6.077  -6.076  -6.070
2026-05-31 12:24:45.596 DATA REST  -7.216  -7.216  -7.216   -1.506  -1.508  -1.514   -5.709  -5.708  -5.702
2026-05-31 12:24:45.606 DATA REST  -6.275  -6.275  -6.275   -1.602  -1.603  -1.609   -4.673  -4.672  -4.666
2026-05-31 12:24:45.616 DATA REST  -3.451  -3.451  -3.451   -1.639  -1.640  -1.646   -1.812  -1.811  -1.805
2026-05-31 12:24:45.626 DATA REST  -1.506  -1.506  -1.506   -1.636  -1.637  -1.643    0.130   0.131   0.137
2026-05-31 12:24:45.636 DATA REST  -0.439  -0.439  -0.439   -1.612  -1.613  -1.619    1.173   1.174   1.179
2026-05-31 12:24:45.646 DATA REST  -0.439  -0.439  -0.439   -1.589  -1.590  -1.595    1.149   1.151   1.156
2026-05-31 12:24:45.656 DATA REST  -0.690  -0.690  -1.192   -1.571  -1.572  -1.587    0.880   0.882   0.395
2026-05-31 12:24:45.666 DATA REST  -2.071  -2.071  -2.071   -1.581  -1.582  -1.597   -0.490  -0.489  -0.474
2026-05-31 12:24:45.676 DATA REST  -3.012  -3.012  -3.012   -1.609  -1.611  -1.625   -1.403  -1.401  -1.387
2026-05-31 12:24:45.686 DATA REST  -4.455  -4.455  -4.455   -1.666  -1.667  -1.682   -2.789  -2.788  -2.773
2026-05-31 12:24:45.696 DATA REST  -6.024  -6.024  -6.024   -1.753  -1.755  -1.769   -4.270  -4.269  -4.255
2026-05-31 12:24:45.706 DATA REST  -7.341  -7.341  -7.341   -1.865  -1.866  -1.880   -5.476  -5.475  -5.461
2026-05-31 12:24:45.716 DATA REST  -6.777  -6.777  -6.777   -1.963  -1.965  -1.978   -4.813  -4.812  -4.799
2026-05-31 12:24:45.726 DATA REST  -5.208  -5.208  -5.208   -2.028  -2.029  -2.043   -3.180  -3.179  -3.165
2026-05-31 12:24:45.736 DATA REST  -3.514  -3.514  -3.514   -2.058  -2.059  -2.072   -1.456  -1.455  -1.442
2026-05-31 12:24:45.746 DATA REST  -1.381  -1.381   0.690   -2.044  -2.046  -2.017    0.664   0.665   2.707
2026-05-31 12:24:45.756 DATA REST   0.690   0.690   0.690   -1.990  -1.991  -1.963    2.680   2.681   2.653
2026-05-31 12:24:45.766 DATA REST   0.690   0.690   0.690   -1.936  -1.937  -1.910    2.626   2.627   2.600
2026-05-31 12:24:45.776 DATA REST  -0.000  -0.000  -0.000   -1.897  -1.898  -1.871    1.897   1.898   1.871
2026-05-31 12:24:45.786 DATA REST  -1.632  -1.632  -1.632   -1.892  -1.893  -1.867    0.261   0.262   0.235
2026-05-31 12:24:45.796 DATA REST  -5.145  -5.145  -5.145   -1.957  -1.958  -1.932   -3.188  -3.187  -3.213
2026-05-31 12:24:45.806 DATA REST  -7.467  -7.467  -7.467   -2.067  -2.068  -2.043   -5.399  -5.398  -5.424
2026-05-31 12:24:45.816 DATA REST   4.831   4.831   4.831   -1.929  -1.930  -1.905    6.761   6.762   6.737
2026-05-31 12:24:45.826 DATA REST   2.196   2.196   2.196   -1.847  -1.848  -1.823    4.043   4.044   4.019
2026-05-31 12:24:45.836 DATA REST   2.510   5.135   5.145   -1.760  -1.708  -1.684    4.270   6.843   6.829
2026-05-31 12:24:45.846 DATA REST  -7.843  -7.843  -7.843   -1.881  -1.831  -1.807   -5.962  -6.012  -6.036
2026-05-31 12:24:45.856 DATA REST  -4.769  -4.769  -4.769   -1.939  -1.890  -1.866   -2.830  -2.879  -2.902
2026-05-31 12:24:45.866 DATA REST  -2.824  -2.824  -2.824   -1.957  -1.908  -1.886   -0.867  -0.915  -0.938
2026-05-31 12:24:45.876 DATA REST  -2.322  -2.322  -2.322   -1.964  -1.917  -1.894   -0.358  -0.405  -0.428
2026-05-31 12:24:45.886 DATA REST  -3.326  -3.326  -3.326   -1.991  -1.945  -1.923   -1.334  -1.381  -1.403
2026-05-31 12:24:45.896 DATA REST  -2.886  -2.886  -2.886   -2.009  -1.964  -1.942   -0.877  -0.923  -0.944
2026-05-31 12:24:45.906 DATA REST  -2.510  -2.510  -2.510   -2.019  -1.974  -1.954   -0.491  -0.536  -0.556
2026-05-31 12:24:45.916 DATA REST  -2.259  -2.259  -2.259   -2.024  -1.980  -1.960   -0.235  -0.279  -0.299
2026-05-31 12:24:45.926 DATA REST  -1.443  -1.068  -1.067   -2.013  -1.962  -1.942    0.569   0.894   0.875
2026-05-31 12:24:45.936 DATA REST  -1.632  -1.632  -1.632   -2.005  -1.955  -1.936    0.373   0.324   0.304
2026-05-31 12:24:45.946 DATA REST  -2.698  -2.698  -2.698   -2.019  -1.970  -1.951   -0.679  -0.728  -0.747
2026-05-31 12:24:45.956 DATA REST  -4.204  -4.204  -4.204   -2.062  -2.015  -1.996   -2.142  -2.189  -2.208
2026-05-31 12:24:45.966 DATA REST  -5.333  -5.333  -5.333   -2.128  -2.081  -2.063   -3.206  -3.252  -3.271
2026-05-31 12:24:45.976 DATA REST  -5.710  -5.710  -5.710   -2.200  -2.154  -2.136   -3.510  -3.556  -3.574
2026-05-31 12:24:45.986 DATA REST  -6.149  -6.149  -6.149   -2.279  -2.234  -2.216   -3.871  -3.915  -3.933
2026-05-31 12:24:45.996 DATA REST  -6.839  -6.839  -6.839   -2.370  -2.326  -2.308   -4.470  -4.514  -4.531
2026-05-31 12:24:46.006 DATA REST  -6.965  -6.965  -6.965   -2.462  -2.419  -2.401   -4.503  -4.546  -4.563
2026-05-31 12:24:46.016 DATA REST  -6.839  -6.086  -6.086   -2.549  -2.492  -2.475   -4.290  -3.594  -3.611
2026-05-31 12:24:46.026 DATA REST  -4.832  -4.832  -4.832   -2.595  -2.539  -2.522   -2.237  -2.293  -2.309
2026-05-31 12:24:46.036 DATA REST  -3.075  -3.075  -3.075   -2.604  -2.549  -2.533   -0.470  -0.525  -0.541
2026-05-31 12:24:46.046 DATA REST  -1.569  -1.569  -1.569   -2.584  -2.530  -2.514    1.015   0.961   0.945
2026-05-31 12:24:46.056 DATA REST  -0.126  -0.126  -0.126   -2.535  -2.482  -2.466    2.409   2.356   2.341
2026-05-31 12:24:46.066 DATA REST   1.694   1.694   1.694   -2.450  -2.398  -2.383    4.144   4.092   4.077
2026-05-31 12:24:46.101 DATA REST  -2.573  -2.573  -2.573   -2.452  -2.402  -2.387   -0.120  -0.171  -0.186
2026-05-31 12:24:46.111 DATA REST  -4.581  -4.581  -4.581   -2.495  -2.445  -2.431   -2.086  -2.135  -2.150
2026-05-31 12:24:46.121 DATA REST  -6.526  -6.526  -6.526   -2.576  -2.527  -2.513   -3.950  -3.999  -4.013
2026-05-31 12:24:46.131 DATA REST   7.592   7.592   7.592   -2.372  -2.325  -2.311    9.964   9.917   9.903
2026-05-31 12:24:46.141 DATA REST  -7.718  -7.718  -7.718   -2.479  -2.432  -2.419   -5.239  -5.285  -5.299
2026-05-31 12:24:46.151 DATA REST  -6.714  -6.714  -6.714   -2.564  -2.518  -2.505   -4.150  -4.196  -4.209
2026-05-31 12:24:46.161 DATA REST  -5.208  -5.208  -5.208   -2.617  -2.572  -2.559   -2.591  -2.636  -2.649
2026-05-31 12:24:46.171 DATA REST  -3.702  -3.702  -3.702   -2.638  -2.594  -2.582   -1.064  -1.108  -1.121
2026-05-31 12:24:46.181 DATA REST  -3.263  -3.263  -3.263   -2.651  -2.608  -2.595   -0.612  -0.655  -0.668
2026-05-31 12:24:46.191 DATA REST  -3.137  -3.137  -3.137   -2.661  -2.618  -2.606   -0.477  -0.519  -0.531
2026-05-31 12:24:46.201 DATA REST  -3.137  -3.137  -3.137   -2.670  -2.629  -2.617   -0.467  -0.509  -0.521
2026-05-31 12:24:46.211 DATA REST  -3.012  -3.012  -3.012   -2.677  -2.636  -2.625   -0.335  -0.375  -0.387
2026-05-31 12:24:46.221 DATA REST   0.565   0.565   0.565   -2.612  -2.572  -2.561    3.177   3.137   3.125
2026-05-31 12:24:46.231 DATA REST   3.451   3.451   3.451   -2.491  -2.452  -2.441    5.942   5.903   5.891
2026-05-31 12:24:46.241 DATA REST   5.647   5.647   5.647   -2.328  -2.290  -2.279    7.975   7.937   7.926
2026-05-31 12:24:46.251 DATA REST   5.271   5.271   5.271   -2.176  -2.139  -2.128    7.447   7.409   7.398
2026-05-31 12:24:46.261 DATA REST   1.945   1.945   1.945   -2.094  -2.057  -2.046    4.039   4.002   3.991
2026-05-31 12:24:46.271 DATA REST  -4.832  -4.832  -4.832   -2.149  -2.113  -2.102   -2.683  -2.719  -2.730
2026-05-31 12:24:46.281 DATA REST  -6.149  -6.149  -6.149   -2.229  -2.193  -2.183   -3.921  -3.956  -3.966
2026-05-31 12:24:46.291 DATA REST  -5.773  -5.773  -5.773   -2.299  -2.265  -2.255   -3.473  -3.508  -3.518
2026-05-31 12:24:46.301 DATA REST  -3.577  -3.577  -3.577   -2.325  -2.291  -2.281   -1.252  -1.286  -1.295
2026-05-31 12:24:46.311 DATA REST   1.380   1.380   1.380   -2.251  -2.218  -2.208    3.631   3.598   3.588
2026-05-31 12:24:46.321 DATA REST   2.133   2.133   2.133   -2.163  -2.131  -2.121    4.296   4.264   4.254
2026-05-31 12:24:46.331 DATA REST   1.820   1.820   1.820   -2.084  -2.052  -2.042    3.903   3.871   3.862
2026-05-31 12:24:46.341 DATA REST   1.255   1.255   1.255   -2.017  -1.986  -1.976    3.272   3.240   3.231
2026-05-31 12:24:46.351 DATA REST   0.439   0.439   0.439   -1.968  -1.937  -1.928    2.407   2.376   2.367
2026-05-31 12:24:46.361 DATA REST  -0.314  -0.314  -0.314   -1.935  -1.905  -1.896    1.621   1.591   1.582
2026-05-31 12:24:46.371 DATA REST  -0.377  -0.377  -0.377   -1.903  -1.874  -1.865    1.527   1.497   1.489
2026-05-31 12:24:46.381 DATA REST  -1.318  -1.318  -1.318   -1.892  -1.863  -1.854    0.574   0.545   0.537
2026-05-31 12:24:46.391 DATA REST  -2.322  -2.322  -2.322   -1.900  -1.872  -1.864   -0.421  -0.450  -0.458
2026-05-31 12:24:46.401 DATA REST  -3.263  -3.263  -3.263   -1.928  -1.900  -1.892   -1.335  -1.363  -1.371
2026-05-31 12:24:46.411 DATA REST  -3.012  -3.012  -3.012   -1.949  -1.922  -1.914   -1.063  -1.090  -1.098
2026-05-31 12:24:46.421 DATA REST  -2.008  -2.008  -2.008   -1.950  -1.924  -1.916   -0.058  -0.084  -0.092
2026-05-31 12:24:46.431 DATA REST  -1.757  -1.757  -1.757   -1.947  -1.921  -1.913    0.189   0.163   0.156
2026-05-31 12:24:46.441 DATA REST  -1.757  -1.757  -1.757   -1.943  -1.917  -1.910    0.186   0.160   0.153
2026-05-31 12:24:46.451 DATA REST  -1.192  -1.192  -1.192   -1.928  -1.903  -1.895    0.735   0.710   0.703
2026-05-31 12:24:46.461 DATA REST  -1.067  -1.067  -1.067   -1.911  -1.886  -1.879    0.844   0.819   0.812
2026-05-31 12:24:46.471 DATA REST  -0.816  -0.816  -0.816   -1.889  -1.865  -1.858    1.073   1.049   1.042
2026-05-31 12:24:46.481 DATA REST  -0.314  -0.314  -0.314   -1.857  -1.834  -1.827    1.543   1.520   1.513
2026-05-31 12:24:46.491 DATA REST   2.447   2.447   2.447   -1.771  -1.748  -1.741    4.218   4.195   4.188
2026-05-31 12:24:46.501 DATA REST   3.451   3.451   3.451   -1.667  -1.644  -1.637    5.118   5.095   5.088
2026-05-31 12:24:46.511 DATA REST   3.765   3.765   3.765   -1.558  -1.536  -1.529    5.323   5.301   5.294
2026-05-31 12:24:46.521 DATA REST   2.761   2.761   2.761   -1.472  -1.450  -1.444    4.232   4.211   4.204
2026-05-31 12:24:46.531 DATA REST   0.941   0.941   0.941   -1.423  -1.402  -1.396    2.365   2.343   2.337
2026-05-31 12:24:46.541 DATA REST  -1.569  -1.569  -1.569   -1.426  -1.405  -1.399   -0.143  -0.163  -0.170
2026-05-31 12:24:46.551 DATA REST  -1.694  -1.694  -1.694   -1.432  -1.411  -1.405   -0.263  -0.283  -0.289
2026-05-31 12:24:46.561 DATA REST  -0.565  -0.565  -0.565   -1.414  -1.394  -1.388    0.849   0.829   0.823
2026-05-31 12:24:46.571 DATA REST   1.004   1.004   1.004   -1.366  -1.346  -1.341    2.370   2.350   2.344
2026-05-31 12:24:46.606 DATA REST  -0.879  -0.879  -0.879   -1.356  -1.337  -1.331    0.478   0.458   0.453
2026-05-31 12:24:46.616 DATA REST  -2.134  -2.134  -2.134   -1.372  -1.353  -1.347   -0.762  -0.781  -0.786
2026-05-31 12:24:46.626 DATA REST  -2.698  -2.698  -2.698   -1.398  -1.380  -1.374   -1.300  -1.318  -1.324
2026-05-31 12:24:46.636 DATA REST  -3.075  -3.075  -3.075   -1.432  -1.414  -1.408   -1.643  -1.661  -1.666
2026-05-31 12:24:46.646 DATA REST  -4.204  -4.204  -4.204   -1.487  -1.470  -1.464   -2.717  -2.735  -2.740
2026-05-31 12:24:46.656 DATA REST  -4.455  -4.455  -4.455   -1.547  -1.529  -1.524   -2.908  -2.926  -2.931
2026-05-31 12:24:46.666 DATA REST  -3.765  -3.765  -3.765   -1.591  -1.574  -1.569   -2.174  -2.191  -2.196
2026-05-31 12:24:46.676 DATA REST  -2.008  -2.008  -2.008   -1.599  -1.583  -1.578   -0.409  -0.425  -0.430
2026-05-31 12:24:46.686 DATA REST  -0.063  -0.063  -0.063   -1.569  -1.552  -1.547    1.506   1.489   1.484
2026-05-31 12:24:46.696 DATA REST   3.012   3.012   3.012   -1.477  -1.461  -1.456    4.489   4.473   4.468
2026-05-31 12:24:46.706 DATA REST   3.765   3.765   3.765   -1.372  -1.356  -1.352    5.137   5.121   5.116
2026-05-31 12:24:46.716 DATA REST   3.576   3.576   3.576   -1.273  -1.258  -1.253    4.850   4.834   4.830
2026-05-31 12:24:46.726 DATA REST   2.510   2.510   2.510   -1.198  -1.182  -1.178    3.707   3.692   3.688
2026-05-31 12:24:46.736 DATA REST   0.317   0.314   0.314   -1.167  -1.153  -1.148    1.485   1.466   1.462
2026-05-31 12:24:46.746 DATA REST  -0.188  -0.188  -0.188   -1.148  -1.133  -1.129    0.959   0.945   0.941
2026-05-31 12:24:46.756 DATA REST   0.000   0.000   0.000   -1.125  -1.111  -1.106    1.125   1.111   1.106
2026-05-31 12:24:46.766 DATA REST   0.502   0.502   0.502   -1.092  -1.078  -1.074    1.594   1.580   1.576
2026-05-31 12:24:46.776 DATA REST   1.129   1.129   1.129   -1.048  -1.034  -1.030    2.177   2.164   2.160
2026-05-31 12:24:46.786 DATA REST   2.071   2.071   2.071   -0.985  -0.972  -0.968    3.056   3.043   3.039
2026-05-31 12:24:46.796 DATA REST   2.510   2.510   2.510   -0.915  -0.902  -0.899    3.425   3.412   3.408
2026-05-31 12:24:46.806 DATA REST   3.137   3.137   3.137   -0.834  -0.822  -0.818    3.972   3.959   3.955
2026-05-31 12:24:46.816 DATA REST   4.329   4.329   4.329   -0.731  -0.719  -0.715    5.060   5.048   5.044
2026-05-31 12:24:46.826 DATA REST  -7.914  -7.906  -7.906   -0.875  -0.862  -0.859   -7.039  -7.044  -7.047
2026-05-31 12:24:46.836 DATA REST  -6.086  -6.086  -6.086   -0.979  -0.967  -0.963   -5.107  -5.120  -5.123
2026-05-31 12:24:46.846 DATA REST  -4.894  -4.894  -4.894   -1.057  -1.045  -1.042   -3.837  -3.849  -3.852
2026-05-31 12:24:46.856 DATA REST  -3.388  -3.388  -3.388   -1.104  -1.092  -1.089   -2.284  -2.296  -2.300
2026-05-31 12:24:46.866 DATA REST  -1.820  -1.820  -1.820   -1.118  -1.107  -1.103   -0.702  -0.713  -0.716
2026-05-31 12:24:46.876 DATA REST  -0.063  -0.063  -0.063   -1.097  -1.086  -1.083    1.034   1.023   1.020
2026-05-31 12:24:46.886 DATA REST  -0.314  -0.314  -0.314   -1.082  -1.071  -1.067    0.768   0.757   0.753
2026-05-31 12:24:46.896 DATA REST  -1.757  -1.757  -1.757   -1.095  -1.084  -1.081   -0.662  -0.673  -0.676
2026-05-31 12:24:46.906 DATA REST  -4.643  -4.643  -4.643   -1.166  -1.155  -1.152   -3.477  -3.488  -3.491
2026-05-31 12:24:46.916 DATA REST   6.965   2.071   2.071   -1.003  -1.091  -1.088    7.968   3.161   3.158
2026-05-31 12:24:46.926 DATA REST  -3.953  -3.953  -3.953   -1.062  -1.148  -1.145   -2.891  -2.805  -2.808
2026-05-31 12:24:46.936 DATA REST   5.647   5.647   5.647   -0.928  -1.012  -1.009    6.575   6.659   6.656
2026-05-31 12:24:46.946 DATA REST  -0.251  -0.251  -0.251   -0.915  -0.997  -0.994    0.663   0.746   0.743
2026-05-31 12:24:46.956 DATA REST  -5.020  -5.020  -5.020   -0.997  -1.077  -1.075   -4.023  -3.942  -3.945
2026-05-31 12:24:46.966 DATA REST   6.149   6.149   6.149   -0.854  -0.933  -0.930    7.003   7.082   7.079
2026-05-31 12:24:46.976 DATA REST   5.459   5.459   5.459   -0.728  -0.805  -0.802    6.186   6.264   6.261
2026-05-31 12:24:46.986 DATA REST   5.082   5.082   5.082   -0.611  -0.687  -0.685    5.694   5.770   5.767
2026-05-31 12:24:46.996 DATA REST   5.521   5.521   5.521   -0.489  -0.563  -0.561    6.010   6.085   6.082
2026-05-31 12:24:47.006 DATA REST  -6.661  -6.651  -6.651   -0.612  -0.685  -0.682   -6.049  -5.966  -5.969
2026-05-31 12:24:47.016 DATA REST  -3.577  -3.577  -3.577   -0.671  -0.743  -0.740   -2.905  -2.834  -2.836
2026-05-31 12:24:47.026 DATA REST   0.439   0.439   0.439   -0.649  -0.719  -0.717    1.088   1.158   1.156
2026-05-31 12:24:47.036 DATA REST   5.647   5.647   5.647   -0.523  -0.592  -0.589    6.170   6.239   6.236
2026-05-31 12:24:47.046 DATA REST  -4.392  -4.392  -4.392   -0.601  -0.668  -0.666   -3.792  -3.725  -3.727
2026-05-31 12:24:47.056 DATA REST   7.153   7.153   7.153   -0.446  -0.511  -0.509    7.598   7.664   7.662
2026-05-31 12:24:47.066 DATA REST  -3.451  -3.451  -3.451   -0.506  -0.570  -0.568   -2.945  -2.881  -2.883
2026-05-31 12:24:47.076 DATA REST   1.004   1.004   1.004   -0.476  -0.539  -0.537    1.479   1.543   1.540
2026-05-31 12:24:47.111 DATA REST   5.082   5.082   5.082   -0.364  -0.426  -0.424    5.447   5.509   5.506
2026-05-31 12:24:47.121 DATA REST  -3.326  -3.326  -3.326   -0.424  -0.484  -0.482   -2.902  -2.841  -2.843
2026-05-31 12:24:47.131 DATA REST   7.718   7.718   7.718   -0.261  -0.320  -0.318    7.978   8.038   8.036
2026-05-31 12:24:47.141 DATA REST   3.388   3.388   3.388   -0.188  -0.246  -0.244    3.576   3.634   3.632
2026-05-31 12:24:47.151 DATA REST   0.565   0.565   0.565   -0.173  -0.230  -0.228    0.737   0.795   0.793
2026-05-31 12:24:47.161 DATA REST  -0.941  -0.941  -0.941   -0.188  -0.244  -0.242   -0.753  -0.697  -0.699
2026-05-31 12:24:47.171 DATA REST  -1.569  -1.569  -1.569   -0.216  -0.271  -0.269   -1.353  -1.298  -1.300
2026-05-31 12:24:47.181 DATA REST  -2.698  -2.698  -2.698   -0.265  -0.319  -0.317   -2.433  -2.379  -2.381
2026-05-31 12:24:47.191 DATA REST  -4.832  -4.832  -4.832   -0.357  -0.409  -0.408   -4.475  -4.422  -4.424
2026-05-31 12:24:47.201 DATA REST  -6.149  -6.149  -6.149   -0.473  -0.524  -0.522   -5.677  -5.625  -5.627
2026-05-31 12:24:47.211 DATA REST  -7.216  -7.216  -7.216   -0.607  -0.658  -0.656   -6.608  -6.558  -6.560
2026-05-31 12:24:47.221 DATA REST  -6.526  -6.526  -6.526   -0.726  -0.775  -0.774   -5.800  -5.750  -5.752
2026-05-31 12:24:47.231 DATA REST  -4.769  -4.769  -4.769   -0.807  -0.855  -0.854   -3.962  -3.914  -3.915
2026-05-31 12:24:47.241 DATA REST  -2.573  -2.573  -2.573   -0.842  -0.890  -0.888   -1.731  -1.683  -1.685
2026-05-31 12:24:47.251 DATA REST  -1.443  -1.443  -1.443   -0.854  -0.901  -0.899   -0.589  -0.543  -0.544
2026-05-31 12:24:47.261 DATA REST  -2.949  -2.949  -2.949   -0.896  -0.942  -0.940   -2.053  -2.008  -2.009
2026-05-31 12:24:47.271 DATA REST  -4.267  -4.267  -4.267   -0.963  -1.008  -1.007   -3.304  -3.259  -3.260
2026-05-31 12:24:47.281 DATA REST  -5.020  -5.020  -5.020   -1.044  -1.088  -1.087   -3.975  -3.931  -3.933
2026-05-31 12:24:47.291 DATA REST  -4.455  -4.455  -4.455   -1.113  -1.156  -1.154   -3.342  -3.299  -3.301
2026-05-31 12:24:47.301 DATA REST  -1.820  -1.820  -1.820   -1.127  -1.169  -1.168   -0.693  -0.651  -0.652
2026-05-31 12:24:47.311 DATA REST  -0.941  -0.941  -0.941   -1.123  -1.164  -1.163    0.182   0.223   0.222
2026-05-31 12:24:47.321 DATA REST   0.063   0.063   0.063   -1.099  -1.140  -1.138    1.162   1.203   1.201
2026-05-31 12:24:47.331 DATA REST   0.878   0.878   0.878   -1.060  -1.100  -1.098    1.938   1.978   1.977
2026-05-31 12:24:47.341 DATA REST   1.631   1.631   1.631   -1.006  -1.045  -1.044    2.637   2.676   2.675
2026-05-31 12:24:47.351 DATA REST   3.702   3.702   3.702   -0.912  -0.950  -0.949    4.614   4.652   4.651
2026-05-31 12:24:47.361 DATA REST   3.953   3.953   3.953   -0.815  -0.852  -0.851    4.767   4.805   4.804
2026-05-31 12:24:47.371 DATA REST   4.016   4.016   4.016   -0.718  -0.755  -0.753    4.734   4.770   4.769
2026-05-31 12:24:47.381 DATA REST   3.388   3.388   3.388   -0.636  -0.672  -0.670    4.024   4.060   4.059
2026-05-31 12:24:47.391 DATA REST   0.941   0.941   0.941   -0.604  -0.639  -0.638    1.545   1.581   1.579
2026-05-31 12:24:47.401 DATA REST  -0.000  -0.000  -0.000   -0.592  -0.627  -0.625    0.592   0.626   0.625
2026-05-31 12:24:47.411 DATA REST  -0.816  -0.816  -0.816   -0.597  -0.630  -0.629   -0.219  -0.185  -0.187
2026-05-31 12:24:47.421 DATA REST  -1.694  -1.694  -1.694   -0.619  -0.652  -0.651   -1.076  -1.043  -1.044
2026-05-31 12:24:47.431 DATA REST  -2.385  -2.385  -2.385   -0.654  -0.686  -0.685   -1.731  -1.698  -1.699
2026-05-31 12:24:47.441 DATA REST  -4.267  -4.267  -4.267   -0.726  -0.758  -0.757   -3.541  -3.509  -3.510
2026-05-31 12:24:47.451 DATA REST  -5.145  -5.145  -5.145   -0.815  -0.846  -0.845   -4.331  -4.300  -4.301
2026-05-31 12:24:47.461 DATA REST  -5.773  -5.773  -5.773   -0.914  -0.944  -0.943   -4.859  -4.828  -4.829
2026-05-31 12:24:47.471 DATA REST  -6.463  -6.463  -6.463   -1.025  -1.055  -1.054   -5.438  -5.408  -5.409
2026-05-31 12:24:47.481 DATA REST  -5.459  -5.459  -5.459   -1.113  -1.143  -1.142   -4.346  -4.316  -4.317
2026-05-31 12:24:47.491 DATA REST  -3.702  -3.702  -3.702   -1.165  -1.194  -1.193   -2.537  -2.508  -2.509
2026-05-31 12:24:47.501 DATA REST  -0.941  -0.941  -0.941   -1.161  -1.189  -1.188    0.219   0.247   0.247
2026-05-31 12:24:47.511 DATA REST   1.820   1.820   1.820   -1.101  -1.129  -1.128    2.921   2.948   2.947
2026-05-31 12:24:47.521 DATA REST   4.016   4.016   4.016   -0.999  -1.026  -1.025    5.014   5.041   5.041
2026-05-31 12:24:47.531 DATA REST   7.341   7.341   7.341   -0.832  -0.858  -0.858    8.173   8.200   8.199
2026-05-31 12:24:47.541 DATA REST   6.965   6.965   6.965   -0.676  -0.702  -0.701    7.641   7.667   7.666
2026-05-31 12:24:47.551 DATA REST   6.212   6.212   6.212   -0.538  -0.564  -0.563    6.750   6.775   6.775
2026-05-31 12:24:47.561 DATA REST   4.580   4.580   4.580   -0.436  -0.461  -0.460    5.016   5.041   5.040
2026-05-31 12:24:47.571 DATA REST   1.129   1.129   1.129   -0.405  -0.429  -0.428    1.534   1.558   1.558
2026-05-31 12:24:47.581 DATA REST  -1.130  -1.130  -1.130   -0.419  -0.443  -0.442   -0.711  -0.687  -0.687
2026-05-31 12:24:47.616 DATA REST   7.153   7.153   7.153   -0.268  -0.291  -0.290    7.421   7.444   7.443
2026-05-31 12:24:47.626 DATA REST   6.588   6.588   6.588   -0.131  -0.154  -0.153    6.719   6.742   6.741
2026-05-31 12:24:47.636 DATA REST   6.274   6.524   6.525   -0.002  -0.020  -0.019    6.277   6.544   6.545
2026-05-31 12:24:47.646 DATA REST   7.467   7.467   7.467    0.147   0.130   0.130    7.320   7.337   7.336
2026-05-31 12:24:47.656 DATA REST  -7.028  -7.028  -7.028    0.003  -0.013  -0.013   -7.031  -7.014  -7.015
2026-05-31 12:24:47.666 DATA REST  -5.522  -5.522  -5.522   -0.107  -0.124  -0.123   -5.415  -5.398  -5.399
2026-05-31 12:24:47.676 DATA REST  -4.016  -4.016  -4.016   -0.185  -0.201  -0.201   -3.831  -3.814  -3.815
2026-05-31 12:24:47.686 DATA REST  -1.318  -1.318  -1.318   -0.208  -0.224  -0.223   -1.110  -1.094  -1.095
2026-05-31 12:24:47.696 DATA REST  -0.628  -0.628  -0.628   -0.216  -0.232  -0.231   -0.411  -0.396  -0.397
2026-05-31 12:24:47.706 DATA REST  -0.565  -0.565  -0.565   -0.223  -0.239  -0.238   -0.342  -0.326  -0.327
2026-05-31 12:24:47.716 DATA REST  -0.628  -0.628  -0.628   -0.231  -0.246  -0.246   -0.396  -0.381  -0.382
2026-05-31 12:24:47.726 DATA REST  -0.314   0.249   0.188   -0.233  -0.236  -0.237   -0.081   0.485   0.425
2026-05-31 12:24:47.736 DATA REST   1.129   1.129   1.129   -0.206  -0.209  -0.210    1.335   1.338   1.339
2026-05-31 12:24:47.746 DATA REST   2.071   2.071   2.071   -0.160  -0.163  -0.164    2.231   2.234   2.235
2026-05-31 12:24:47.756 DATA REST   2.384   2.384   2.384   -0.109  -0.113  -0.113    2.494   2.497   2.497
2026-05-31 12:24:47.766 DATA REST   2.008   2.008   2.008   -0.067  -0.070  -0.071    2.075   2.078   2.078
2026-05-31 12:24:47.776 DATA REST   0.941   0.941   0.941   -0.047  -0.050  -0.050    0.988   0.991   0.992
2026-05-31 12:24:47.786 DATA REST   0.000   0.000   0.000   -0.046  -0.049  -0.049    0.046   0.049   0.049
2026-05-31 12:24:47.796 DATA REST   0.063   0.063   0.063   -0.044  -0.047  -0.047    0.106   0.109   0.110
2026-05-31 12:24:47.806 DATA REST  -0.000  -0.000  -0.000   -0.043  -0.046  -0.046    0.043   0.045   0.046
2026-05-31 12:24:47.816 DATA REST  -0.377  -0.439  -0.439   -0.050  -0.054  -0.054   -0.327  -0.386  -0.385
2026-05-31 12:24:47.826 DATA REST  -1.067  -1.067  -1.067   -0.070  -0.074  -0.074   -0.997  -0.993  -0.993
2026-05-31 12:24:47.836 DATA REST  -1.255  -1.255  -1.255   -0.094  -0.098  -0.098   -1.162  -1.158  -1.157
2026-05-31 12:24:47.846 DATA REST  -2.134  -2.134  -2.134   -0.134  -0.138  -0.139   -1.999  -1.995  -1.995
2026-05-31 12:24:47.856 DATA REST  -2.510  -2.510  -2.510   -0.182  -0.186  -0.186   -2.328  -2.324  -2.324
2026-05-31 12:24:47.866 DATA REST  -3.639  -3.639  -3.639   -0.251  -0.255  -0.255   -3.388  -3.385  -3.384
2026-05-31 12:24:47.876 DATA REST  -3.953  -3.953  -3.953   -0.325  -0.329  -0.329   -3.628  -3.624  -3.624
2026-05-31 12:24:47.886 DATA REST  -4.643  -4.643  -4.643   -0.411  -0.415  -0.415   -4.232  -4.228  -4.228
2026-05-31 12:24:47.896 DATA REST  -5.333  -5.333  -5.333   -0.510  -0.513  -0.514   -4.824  -4.820  -4.820
2026-05-31 12:24:47.906 DATA REST  -5.459  -5.959  -5.961   -0.609  -0.622  -0.623   -4.850  -5.337  -5.338
2026-05-31 12:24:47.916 DATA REST  -6.463  -6.463  -6.463   -0.726  -0.739  -0.739   -5.737  -5.724  -5.723
2026-05-31 12:24:47.926 DATA REST  -6.777  -6.777  -6.777   -0.847  -0.860  -0.860   -5.930  -5.917  -5.916
2026-05-31 12:24:47.936 DATA REST  -6.651  -6.651  -6.651   -0.963  -0.976  -0.976   -5.688  -5.675  -5.675
2026-05-31 12:24:47.946 DATA REST  -6.337  -6.337  -6.337   -1.071  -1.083  -1.083   -5.267  -5.255  -5.254
2026-05-31 12:24:47.956 DATA REST  -4.894  -4.894  -4.894   -1.147  -1.159  -1.160   -3.747  -3.735  -3.735
2026-05-31 12:24:47.966 DATA REST  -4.141  -4.141  -4.141   -1.207  -1.219  -1.219   -2.934  -2.923  -2.922
2026-05-31 12:24:47.976 DATA REST  -3.326  -3.326  -3.326   -1.249  -1.261  -1.261   -2.076  -2.065  -2.064
2026-05-31 12:24:47.986 DATA REST  -2.322  -2.322  -2.322   -1.271  -1.282  -1.282   -1.051  -1.040  -1.039
2026-05-31 12:24:47.996 DATA REST  -1.381  -1.381  -0.565   -1.273  -1.284  -1.268   -0.108  -0.097   0.703
2026-05-31 12:24:48.006 DATA REST  -0.063  -0.063  -0.063   -1.249  -1.260  -1.244    1.186   1.197   1.181
2026-05-31 12:24:48.016 DATA REST  -0.314  -0.314  -0.314   -1.230  -1.241  -1.225    0.916   0.927   0.911
2026-05-31 12:24:48.026 DATA REST  -1.130  -1.130  -1.130   -1.228  -1.239  -1.224    0.098   0.109   0.094
2026-05-31 12:24:48.036 DATA REST  -2.196  -2.196  -2.196   -1.247  -1.258  -1.243   -0.949  -0.939  -0.953
2026-05-31 12:24:48.046 DATA REST  -4.079  -4.079  -4.079   -1.304  -1.314  -1.300   -2.775  -2.765  -2.779
2026-05-31 12:24:48.056 DATA REST  -3.953  -3.953  -3.953   -1.357  -1.367  -1.353   -2.596  -2.586  -2.600
2026-05-31 12:24:48.066 DATA REST  -2.949  -2.949  -2.949   -1.389  -1.399  -1.385   -1.560  -1.551  -1.565
2026-05-31 12:24:48.076 DATA REST  -1.318  -1.318  -1.318   -1.387  -1.397  -1.383    0.070   0.079   0.065
2026-05-31 12:24:48.086 DATA REST   1.506   1.506   3.325   -1.330  -1.339  -1.289    2.835   2.845   4.615
2026-05-31 12:24:48.121 DATA REST  -5.396  -5.396  -5.396   -1.411  -1.420  -1.371   -3.985  -3.976  -4.025
2026-05-31 12:24:48.131 DATA REST  -6.463  -6.463  -6.463   -1.512  -1.521  -1.473   -4.951  -4.942  -4.990
2026-05-31 12:24:48.141 DATA REST  -5.898  -5.898  -5.898   -1.600  -1.608  -1.562   -4.299  -4.290  -4.337
2026-05-31 12:24:48.151 DATA REST  -3.890  -3.890  -3.890   -1.645  -1.654  -1.608   -2.245  -2.236  -2.282
2026-05-31 12:24:48.161 DATA REST  -0.502  -0.502  -0.502   -1.623  -1.631  -1.586    1.120   1.129   1.084
2026-05-31 12:24:48.171 DATA REST  -1.694  -1.694  -1.694   -1.624  -1.632  -1.588   -0.070  -0.062  -0.106
2026-05-31 12:24:48.181 DATA REST  -3.263  -3.263  -3.263   -1.657  -1.665  -1.622   -1.606  -1.598  -1.641
2026-05-31 12:24:48.191 DATA REST  -3.828  -3.828  -3.828   -1.700  -1.708  -1.666   -2.127  -2.119  -2.162
2026-05-31 12:24:48.201 DATA REST  -2.698  -2.698  -2.698   -1.720  -1.728  -1.687   -0.978  -0.970  -1.012
2026-05-31 12:24:48.211 DATA REST  -2.008  -2.008  -2.008   -1.726  -1.734  -1.693   -0.282  -0.274  -0.315
2026-05-31 12:24:48.221 DATA REST  -2.008  -2.008  -2.008   -1.732  -1.739  -1.699   -0.276  -0.269  -0.309
2026-05-31 12:24:48.231 DATA REST  -3.200  -3.200  -3.200   -1.761  -1.768  -1.729   -1.439  -1.432  -1.471
2026-05-31 12:24:48.241 DATA REST  -4.330  -4.330  -4.330   -1.812  -1.819  -1.781   -2.517  -2.510  -2.548
2026-05-31 12:24:48.251 DATA REST  -5.020  -5.020  -5.020   -1.876  -1.884  -1.846   -3.143  -3.136  -3.174
2026-05-31 12:24:48.261 DATA REST  -4.957  -4.957  -4.957   -1.938  -1.945  -1.908   -3.019  -3.012  -3.049
2026-05-31 12:24:48.271 DATA REST  -4.455  -4.455  -4.455   -1.988  -1.995  -1.959   -2.467  -2.460  -2.496
2026-05-31 12:24:48.281 DATA REST  -3.828  -3.828  -3.828   -2.025  -2.032  -1.997   -1.802  -1.796  -1.831
2026-05-31 12:24:48.291 DATA REST  -3.765  -3.765  -3.765   -2.060  -2.066  -2.032   -1.705  -1.698  -1.733
2026-05-31 12:24:48.301 DATA REST  -3.953  -3.953  -3.953   -2.098  -2.104  -2.070   -1.855  -1.849  -1.883
2026-05-31 12:24:48.311 DATA REST  -3.765  -3.765  -3.765   -2.131  -2.137  -2.104   -1.634  -1.627  -1.661
2026-05-31 12:24:48.321 DATA REST  -3.702  -3.702  -3.702   -2.163  -2.169  -2.136   -1.540  -1.533  -1.566
2026-05-31 12:24:48.331 DATA REST  -3.514  -3.514  -3.514   -2.190  -2.196  -2.164   -1.324  -1.318  -1.350
2026-05-31 12:24:48.341 DATA REST  -3.388  -3.388  -3.388   -2.214  -2.219  -2.188   -1.175  -1.169  -1.200
2026-05-31 12:24:48.351 DATA REST  -3.326  -3.326  -3.326   -2.236  -2.242  -2.211   -1.090  -1.084  -1.115
2026-05-31 12:24:48.361 DATA REST  -3.075  -3.075  -3.075   -2.253  -2.258  -2.228   -0.822  -0.816  -0.846
2026-05-31 12:24:48.371 DATA REST  -2.510  -2.510  -2.510   -2.258  -2.263  -2.234   -0.252  -0.247  -0.276
2026-05-31 12:24:48.381 DATA REST  -2.447  -2.447  -2.447   -2.262  -2.267  -2.238   -0.186  -0.180  -0.209
2026-05-31 12:24:48.391 DATA REST  -2.886  -2.886  -2.886   -2.274  -2.279  -2.251   -0.612  -0.607  -0.635
2026-05-31 12:24:48.401 DATA REST  -3.702  -3.702  -3.702   -2.303  -2.308  -2.280   -1.399  -1.394  -1.422
2026-05-31 12:24:48.411 DATA REST  -3.639  -3.639  -3.639   -2.329  -2.334  -2.307   -1.310  -1.305  -1.332
2026-05-31 12:24:48.421 DATA REST  -3.451  -3.451  -3.451   -2.352  -2.357  -2.330   -1.099  -1.094  -1.121
2026-05-31 12:24:48.431 DATA REST  -3.012  -3.012  -3.012   -2.365  -2.370  -2.344   -0.647  -0.642  -0.668
2026-05-31 12:24:48.441 DATA REST  -2.824  -2.824  -2.824   -2.374  -2.379  -2.353   -0.450  -0.445  -0.470
2026-05-31 12:24:48.451 DATA REST  -2.447  -2.447  -2.447   -2.376  -2.380  -2.355   -0.072  -0.067  -0.092
2026-05-31 12:24:48.461 DATA REST  -2.134  -2.134  -2.134   -2.371  -2.375  -2.351    0.237   0.242   0.217
2026-05-31 12:24:48.471 DATA REST  -2.134  -2.134  -2.134   -2.366  -2.371  -2.347    0.233   0.237   0.213
2026-05-31 12:24:48.481 DATA REST  -1.757  -1.757  -1.757   -2.354  -2.358  -2.335    0.597   0.601   0.578
2026-05-31 12:24:48.491 DATA REST  -2.196  -2.196  -2.196   -2.351  -2.355  -2.332    0.154   0.159   0.136
2026-05-31 12:24:48.501 DATA REST  -3.137  -3.137  -3.137   -2.366  -2.371  -2.348   -0.771  -0.767  -0.789
2026-05-31 12:24:48.511 DATA REST  -3.890  -3.890  -3.890   -2.397  -2.401  -2.379   -1.493  -1.489  -1.511
2026-05-31 12:24:48.521 DATA REST  -4.957  -4.957  -4.957   -2.448  -2.452  -2.431   -2.509  -2.505  -2.527
2026-05-31 12:24:48.531 DATA REST  -4.706  -4.706  -4.706   -2.493  -2.497  -2.476   -2.213  -2.209  -2.230
2026-05-31 12:24:48.541 DATA REST  -4.079  -4.079  -4.079   -2.525  -2.529  -2.508   -1.554  -1.550  -1.571
2026-05-31 12:24:48.551 DATA REST  -3.451  -3.451  -3.451   -2.544  -2.547  -2.527   -0.908  -0.904  -0.924
2026-05-31 12:24:48.552 PROMPT shake_start cycle=11
2026-05-31 12:24:48.586 DATA SHAKE  -4.204  -4.204  -4.204   -2.577  -2.581  -2.560   -1.627  -1.624  -1.644
2026-05-31 12:24:48.596 DATA SHAKE  -4.204  -4.204  -4.204   -2.609  -2.613  -2.593   -1.595  -1.591  -1.611
2026-05-31 12:24:48.606 DATA SHAKE  -4.330  -4.330  -4.330   -2.644  -2.647  -2.628   -1.686  -1.682  -1.702
2026-05-31 12:24:48.616 DATA SHAKE  -4.706  -4.706  -4.706   -2.685  -2.688  -2.670   -2.021  -2.018  -2.036
2026-05-31 12:24:48.626 DATA SHAKE  -4.769  -4.769  -4.769   -2.727  -2.730  -2.712   -2.042  -2.039  -2.057
2026-05-31 12:24:48.636 DATA SHAKE  -4.832  -4.832  -4.832   -2.769  -2.772  -2.754   -2.063  -2.059  -2.078
2026-05-31 12:24:48.646 DATA SHAKE  -4.832  -4.832  -4.832   -2.810  -2.813  -2.796   -2.022  -2.018  -2.036
2026-05-31 12:24:48.656 DATA SHAKE  -4.581  -4.581  -4.581   -2.845  -2.849  -2.831   -1.735  -1.732  -1.749
2026-05-31 12:24:48.666 DATA SHAKE  -4.518  -4.518  -4.518   -2.879  -2.882  -2.865   -1.639  -1.636  -1.653
2026-05-31 12:24:48.676 DATA SHAKE  -4.141  -4.141  -4.141   -2.904  -2.907  -2.891   -1.237  -1.234  -1.251
2026-05-31 12:24:48.686 DATA SHAKE  -3.953  -3.953  -3.953   -2.925  -2.928  -2.912   -1.028  -1.025  -1.041
2026-05-31 12:24:48.696 DATA SHAKE  -3.828  -3.828  -3.828   -2.943  -2.946  -2.930   -0.885  -0.882  -0.898
2026-05-31 12:24:48.706 DATA SHAKE  -3.514  -3.514  -3.514   -2.955  -2.957  -2.942   -0.559  -0.556  -0.572
2026-05-31 12:24:48.716 DATA SHAKE  -3.263  -3.263  -3.263   -2.961  -2.964  -2.948   -0.302  -0.299  -0.315
2026-05-31 12:24:48.726 DATA SHAKE  -3.451  -3.451  -3.451   -2.971  -2.973  -2.958   -0.481  -0.478  -0.493
2026-05-31 12:24:48.736 DATA SHAKE  -4.079  -4.079  -4.079   -2.993  -2.995  -2.981   -1.086  -1.083  -1.098
2026-05-31 12:24:48.746 DATA SHAKE  -4.392  -4.392  -4.392   -3.021  -3.023  -3.009   -1.372  -1.369  -1.383
2026-05-31 12:24:48.756 DATA SHAKE  -4.643  -4.643  -4.643   -3.053  -3.056  -3.042   -1.590  -1.588  -1.602
2026-05-31 12:24:48.766 DATA SHAKE  -3.890  -3.890  -3.890   -3.070  -3.072  -3.059   -0.821  -0.818  -0.832
2026-05-31 12:24:48.776 DATA SHAKE  -3.388  -3.388  -3.388   -3.076  -3.079  -3.065   -0.312  -0.310  -0.323
2026-05-31 12:24:48.786 DATA SHAKE  -3.075  -3.075  -3.075   -3.076  -3.079  -3.065    0.002   0.004  -0.009
2026-05-31 12:24:48.796 DATA SHAKE  -3.075  -3.075  -3.075   -3.076  -3.079  -3.066    0.001   0.004  -0.009
2026-05-31 12:24:48.806 DATA SHAKE  -3.639  -3.639  -3.639   -3.087  -3.090  -3.077   -0.552  -0.550  -0.562
2026-05-31 12:24:48.816 DATA SHAKE  -4.016  -4.016  -4.016   -3.106  -3.108  -3.096   -0.910  -0.907  -0.920
2026-05-31 12:24:48.826 DATA SHAKE  -4.079  -4.079  -4.079   -3.125  -3.128  -3.115   -0.953  -0.951  -0.963
2026-05-31 12:24:48.836 DATA SHAKE  -4.832  -4.832  -4.832   -3.160  -3.162  -3.150   -1.672  -1.670  -1.682
2026-05-31 12:24:48.846 DATA SHAKE  -5.459  -5.459  -5.459   -3.206  -3.208  -3.196   -2.253  -2.251  -2.263
2026-05-31 12:24:48.856 DATA SHAKE  -5.333  -5.333  -5.333   -3.248  -3.250  -3.239   -2.085  -2.083  -2.095
2026-05-31 12:24:48.866 DATA SHAKE  -5.208  -5.208  -5.208   -3.287  -3.289  -3.278   -1.921  -1.919  -1.930
2026-05-31 12:24:48.876 DATA SHAKE  -4.581  -4.581  -4.581   -3.313  -3.315  -3.304   -1.267  -1.265  -1.276
2026-05-31 12:24:48.886 DATA SHAKE  -3.890  -3.890  -3.890   -3.325  -3.327  -3.316   -0.566  -0.564  -0.575
2026-05-31 12:24:48.896 DATA SHAKE  -4.141  -4.141  -4.141   -3.341  -3.343  -3.332   -0.800  -0.798  -0.809
2026-05-31 12:24:48.906 DATA SHAKE  -5.020  -5.020  -5.020   -3.375  -3.377  -3.366   -1.645  -1.643  -1.654
2026-05-31 12:24:48.916 DATA SHAKE  -4.894  -4.894  -4.894   -3.405  -3.407  -3.397   -1.489  -1.487  -1.498
2026-05-31 12:24:48.926 DATA SHAKE  -5.271  -5.271  -5.271   -3.442  -3.444  -3.434   -1.828  -1.827  -1.837
2026-05-31 12:24:48.936 DATA SHAKE  -4.769  -4.769  -4.769   -3.469  -3.471  -3.461   -1.300  -1.298  -1.308
2026-05-31 12:24:48.946 DATA SHAKE  -2.196  -2.196  -2.196   -3.443  -3.445  -3.436    1.247   1.249   1.239
2026-05-31 12:24:48.956 DATA SHAKE  -2.134  -2.134  -2.134   -3.417  -3.419  -3.410    1.284   1.285   1.276
2026-05-31 12:24:48.966 DATA SHAKE  -2.761  -2.761  -2.761   -3.404  -3.406  -3.397    0.643   0.645   0.636
2026-05-31 12:24:48.976 DATA SHAKE  -3.702  -3.702  -3.702   -3.410  -3.412  -3.403   -0.292  -0.290  -0.299
2026-05-31 12:24:48.986 DATA SHAKE  -4.643  -4.643  -4.643   -3.435  -3.436  -3.427   -1.209  -1.207  -1.216
2026-05-31 12:24:48.996 DATA SHAKE  -5.020  -5.020  -5.020   -3.466  -3.468  -3.459   -1.553  -1.552  -1.560
2026-05-31 12:24:49.006 DATA SHAKE  -4.706  -4.706  -4.706   -3.491  -3.493  -3.484   -1.215  -1.213  -1.222
2026-05-31 12:24:49.016 DATA SHAKE  -4.455  -4.455  -4.455   -3.511  -3.512  -3.504   -0.945  -0.943  -0.951
2026-05-31 12:24:49.026 DATA SHAKE  -4.267  -4.267  -4.267   -3.526  -3.527  -3.519   -0.741  -0.740  -0.748
2026-05-31 12:24:49.036 DATA SHAKE  -4.894  -4.894  -4.894   -3.553  -3.555  -3.546   -1.341  -1.340  -1.348
2026-05-31 12:24:49.046 DATA SHAKE  -5.898  -5.898  -5.898   -3.600  -3.601  -3.593   -2.298  -2.297  -2.305
2026-05-31 12:24:49.056 DATA SHAKE  -6.526  -6.526  -6.526   -3.658  -3.660  -3.652   -2.867  -2.866  -2.874
2026-05-31 12:24:49.091 DATA SHAKE   0.816   0.816   0.816   -3.569  -3.570  -3.563    4.385   4.386   4.378
2026-05-31 12:24:49.101 DATA SHAKE  -3.815  -3.828  -3.828   -3.574  -3.576  -3.568   -0.241  -0.252  -0.260
2026-05-31 12:24:49.111 DATA SHAKE  -7.279  -7.279  -7.279   -3.648  -3.650  -3.642   -3.631  -3.629  -3.636
2026-05-31 12:24:49.121 DATA SHAKE   6.714   6.714   6.714   -3.441  -3.442  -3.435   10.154  10.156  10.149
2026-05-31 12:24:49.131 DATA SHAKE   6.274   6.274   6.274   -3.246  -3.248  -3.241    9.521   9.522   9.515
2026-05-31 12:24:49.141 DATA SHAKE   7.153   7.153   7.153   -3.038  -3.040  -3.033   10.191  10.193  10.186
2026-05-31 12:24:49.151 DATA SHAKE  -4.141  -4.141  -4.141   -3.060  -3.062  -3.055   -1.081  -1.079  -1.086
2026-05-31 12:24:49.161 DATA SHAKE  -3.137  -3.137  -3.137   -3.062  -3.063  -3.057   -0.075  -0.074  -0.081
